2025-05-02 16:37:22,614 - __main__ - INFO - Application starting...
2025-05-02 16:37:32,336 - __main__ - INFO - Starting scheduler thread with direct implementation
2025-05-02 16:37:33,192 - matplotlib - DEBUG - matplotlib data path: C:\Users\thlouey\Documents\GitHub\FilmProductionScheduler\dist\FilmScheduler\_internal\matplotlib\mpl-data
2025-05-02 16:37:33,197 - matplotlib - DEBUG - CONFIGDIR=C:\Users\local_thlouey\Temp\tmpnjnzdd8a
2025-05-02 16:37:33,199 - matplotlib - DEBUG - interactive is False
2025-05-02 16:37:33,200 - matplotlib - DEBUG - platform is win32
2025-05-02 16:37:33,284 - matplotlib - DEBUG - CACHEDIR=C:\Users\local_thlouey\Temp\tmpnjnzdd8a
2025-05-02 16:37:33,284 - matplotlib.font_manager - DEBUG - font search path [WindowsPath('C:/Users/thlouey/Documents/GitHub/FilmProductionScheduler/dist/FilmScheduler/_internal/matplotlib/mpl-data/fonts/ttf'), WindowsPath('C:/Users/thlouey/Documents/GitHub/FilmProductionScheduler/dist/FilmScheduler/_internal/matplotlib/mpl-data/fonts/afm'), WindowsPath('C:/Users/thlouey/Documents/GitHub/FilmProductionScheduler/dist/FilmScheduler/_internal/matplotlib/mpl-data/fonts/pdfcorefonts')]
2025-05-02 16:37:38,287 - matplotlib.font_manager - WARNING - Matplotlib is building the font cache; this may take a moment.
2025-05-02 16:37:40,700 - matplotlib.font_manager - INFO - generated new fontManager
2025-05-02 16:37:42,408 - matplotlib.pyplot - DEBUG - Loaded backend tkagg version 8.6.
2025-05-02 16:37:42,550 - PIL.PngImagePlugin - DEBUG - STREAM b'IHDR' 16 13
2025-05-02 16:37:42,550 - PIL.PngImagePlugin - DEBUG - STREAM b'sBIT' 41 4
2025-05-02 16:37:42,550 - PIL.PngImagePlugin - DEBUG - b'sBIT' 41 4 (unknown)
2025-05-02 16:37:42,550 - PIL.PngImagePlugin - DEBUG - STREAM b'pHYs' 57 9
2025-05-02 16:37:42,551 - PIL.PngImagePlugin - DEBUG - STREAM b'IDAT' 78 1189
2025-05-02 16:37:42,561 - PIL.PngImagePlugin - DEBUG - STREAM b'IHDR' 16 13
2025-05-02 16:37:42,562 - PIL.PngImagePlugin - DEBUG - STREAM b'sBIT' 41 4
2025-05-02 16:37:42,562 - PIL.PngImagePlugin - DEBUG - b'sBIT' 41 4 (unknown)
2025-05-02 16:37:42,562 - PIL.PngImagePlugin - DEBUG - STREAM b'pHYs' 57 9
2025-05-02 16:37:42,562 - PIL.PngImagePlugin - DEBUG - STREAM b'IDAT' 78 2994
2025-05-02 16:37:42,576 - PIL.PngImagePlugin - DEBUG - STREAM b'IHDR' 16 13
2025-05-02 16:37:42,576 - PIL.PngImagePlugin - DEBUG - STREAM b'sBIT' 41 4
2025-05-02 16:37:42,577 - PIL.PngImagePlugin - DEBUG - b'sBIT' 41 4 (unknown)
2025-05-02 16:37:42,577 - PIL.PngImagePlugin - DEBUG - STREAM b'pHYs' 57 9
2025-05-02 16:37:42,577 - PIL.PngImagePlugin - DEBUG - STREAM b'IDAT' 78 374
2025-05-02 16:37:42,578 - PIL.PngImagePlugin - DEBUG - STREAM b'IHDR' 16 13
2025-05-02 16:37:42,578 - PIL.PngImagePlugin - DEBUG - STREAM b'sBIT' 41 4
2025-05-02 16:37:42,578 - PIL.PngImagePlugin - DEBUG - b'sBIT' 41 4 (unknown)
2025-05-02 16:37:42,579 - PIL.PngImagePlugin - DEBUG - STREAM b'pHYs' 57 9
2025-05-02 16:37:42,579 - PIL.PngImagePlugin - DEBUG - STREAM b'IDAT' 78 286
2025-05-02 16:37:42,580 - PIL.PngImagePlugin - DEBUG - STREAM b'IHDR' 16 13
2025-05-02 16:37:42,580 - PIL.PngImagePlugin - DEBUG - STREAM b'sBIT' 41 4
2025-05-02 16:37:42,580 - PIL.PngImagePlugin - DEBUG - b'sBIT' 41 4 (unknown)
2025-05-02 16:37:42,580 - PIL.PngImagePlugin - DEBUG - STREAM b'pHYs' 57 9
2025-05-02 16:37:42,580 - PIL.PngImagePlugin - DEBUG - STREAM b'IDAT' 78 263
2025-05-02 16:37:42,582 - PIL.PngImagePlugin - DEBUG - STREAM b'IHDR' 16 13
2025-05-02 16:37:42,582 - PIL.PngImagePlugin - DEBUG - STREAM b'sBIT' 41 4
2025-05-02 16:37:42,582 - PIL.PngImagePlugin - DEBUG - b'sBIT' 41 4 (unknown)
2025-05-02 16:37:42,582 - PIL.PngImagePlugin - DEBUG - STREAM b'pHYs' 57 9
2025-05-02 16:37:42,582 - PIL.PngImagePlugin - DEBUG - STREAM b'IDAT' 78 387
2025-05-02 16:37:42,584 - PIL.PngImagePlugin - DEBUG - STREAM b'IHDR' 16 13
2025-05-02 16:37:42,584 - PIL.PngImagePlugin - DEBUG - STREAM b'sBIT' 41 4
2025-05-02 16:37:42,584 - PIL.PngImagePlugin - DEBUG - b'sBIT' 41 4 (unknown)
2025-05-02 16:37:42,584 - PIL.PngImagePlugin - DEBUG - STREAM b'pHYs' 57 9
2025-05-02 16:37:42,584 - PIL.PngImagePlugin - DEBUG - STREAM b'IDAT' 78 436
2025-05-02 16:37:42,586 - PIL.PngImagePlugin - DEBUG - STREAM b'IHDR' 16 13
2025-05-02 16:37:42,586 - PIL.PngImagePlugin - DEBUG - STREAM b'sBIT' 41 4
2025-05-02 16:37:42,586 - PIL.PngImagePlugin - DEBUG - b'sBIT' 41 4 (unknown)
2025-05-02 16:37:42,586 - PIL.PngImagePlugin - DEBUG - STREAM b'pHYs' 57 9
2025-05-02 16:37:42,586 - PIL.PngImagePlugin - DEBUG - STREAM b'IDAT' 78 351
2025-05-02 16:37:42,588 - PIL.PngImagePlugin - DEBUG - STREAM b'IHDR' 16 13
2025-05-02 16:37:42,588 - PIL.PngImagePlugin - DEBUG - STREAM b'sBIT' 41 4
2025-05-02 16:37:42,588 - PIL.PngImagePlugin - DEBUG - b'sBIT' 41 4 (unknown)
2025-05-02 16:37:42,588 - PIL.PngImagePlugin - DEBUG - STREAM b'pHYs' 57 9
2025-05-02 16:37:42,588 - PIL.PngImagePlugin - DEBUG - STREAM b'IDAT' 78 364
2025-05-02 16:37:42,592 - matplotlib.font_manager - DEBUG - findfont: Matching sans\-serif:style=normal:variant=normal:weight=normal:stretch=normal:size=10.0.
2025-05-02 16:37:42,592 - matplotlib.font_manager - DEBUG - findfont: score(FontEntry(fname='C:\\Users\\thlouey\\Documents\\GitHub\\FilmProductionScheduler\\dist\\FilmScheduler\\_internal\\matplotlib\\mpl-data\\fonts\\ttf\\STIXSizThreeSymReg.ttf', name='STIXSizeThreeSym', style='normal', variant='normal', weight=400, stretch='normal', size='scalable')) = 10.05
2025-05-02 16:37:42,592 - matplotlib.font_manager - DEBUG - findfont: score(FontEntry(fname='C:\\Users\\thlouey\\Documents\\GitHub\\FilmProductionScheduler\\dist\\FilmScheduler\\_internal\\matplotlib\\mpl-data\\fonts\\ttf\\STIXNonUniBol.ttf', name='STIXNonUnicode', style='normal', variant='normal', weight=700, stretch='normal', size='scalable')) = 10.335
2025-05-02 16:37:42,592 - matplotlib.font_manager - DEBUG - findfont: score(FontEntry(fname='C:\\Users\\thlouey\\Documents\\GitHub\\FilmProductionScheduler\\dist\\FilmScheduler\\_internal\\matplotlib\\mpl-data\\fonts\\ttf\\cmr10.ttf', name='cmr10', style='normal', variant='normal', weight=400, stretch='normal', size='scalable')) = 10.05
2025-05-02 16:37:42,592 - matplotlib.font_manager - DEBUG - findfont: score(FontEntry(fname='C:\\Users\\thlouey\\Documents\\GitHub\\FilmProductionScheduler\\dist\\FilmScheduler\\_internal\\matplotlib\\mpl-data\\fonts\\ttf\\cmss10.ttf', name='cmss10', style='normal', variant='normal', weight=400, stretch='normal', size='scalable')) = 10.05
2025-05-02 16:37:42,592 - matplotlib.font_manager - DEBUG - findfont: score(FontEntry(fname='C:\\Users\\thlouey\\Documents\\GitHub\\FilmProductionScheduler\\dist\\FilmScheduler\\_internal\\matplotlib\\mpl-data\\fonts\\ttf\\STIXGeneralBolIta.ttf', name='STIXGeneral', style='italic', variant='normal', weight=700, stretch='normal', size='scalable')) = 11.335
2025-05-02 16:37:42,593 - matplotlib.font_manager - DEBUG - findfont: score(FontEntry(fname='C:\\Users\\thlouey\\Documents\\GitHub\\FilmProductionScheduler\\dist\\FilmScheduler\\_internal\\matplotlib\\mpl-data\\fonts\\ttf\\DejaVuSansMono-Oblique.ttf', name='DejaVu Sans Mono', style='oblique', variant='normal', weight=400, stretch='normal', size='scalable')) = 11.05
2025-05-02 16:37:42,593 - matplotlib.font_manager - DEBUG - findfont: score(FontEntry(fname='C:\\Users\\thlouey\\Documents\\GitHub\\FilmProductionScheduler\\dist\\FilmScheduler\\_internal\\matplotlib\\mpl-data\\fonts\\ttf\\DejaVuSansDisplay.ttf', name='DejaVu Sans Display', style='normal', variant='normal', weight=400, stretch='normal', size='scalable')) = 10.05
2025-05-02 16:37:42,593 - matplotlib.font_manager - DEBUG - findfont: score(FontEntry(fname='C:\\Users\\thlouey\\Documents\\GitHub\\FilmProductionScheduler\\dist\\FilmScheduler\\_internal\\matplotlib\\mpl-data\\fonts\\ttf\\STIXSizOneSymReg.ttf', name='STIXSizeOneSym', style='normal', variant='normal', weight=400, stretch='normal', size='scalable')) = 10.05
2025-05-02 16:37:42,593 - matplotlib.font_manager - DEBUG - findfont: score(FontEntry(fname='C:\\Users\\thlouey\\Documents\\GitHub\\FilmProductionScheduler\\dist\\FilmScheduler\\_internal\\matplotlib\\mpl-data\\fonts\\ttf\\DejaVuSerifDisplay.ttf', name='DejaVu Serif Display', style='normal', variant='normal', weight=400, stretch='normal', size='scalable')) = 10.05
2025-05-02 16:37:42,593 - matplotlib.font_manager - DEBUG - findfont: score(FontEntry(fname='C:\\Users\\thlouey\\Documents\\GitHub\\FilmProductionScheduler\\dist\\FilmScheduler\\_internal\\matplotlib\\mpl-data\\fonts\\ttf\\DejaVuSerif-Bold.ttf', name='DejaVu Serif', style='normal', variant='normal', weight=700, stretch='normal', size='scalable')) = 10.335
2025-05-02 16:37:42,593 - matplotlib.font_manager - DEBUG - findfont: score(FontEntry(fname='C:\\Users\\thlouey\\Documents\\GitHub\\FilmProductionScheduler\\dist\\FilmScheduler\\_internal\\matplotlib\\mpl-data\\fonts\\ttf\\STIXSizTwoSymReg.ttf', name='STIXSizeTwoSym', style='normal', variant='normal', weight=400, stretch='normal', size='scalable')) = 10.05
2025-05-02 16:37:42,593 - matplotlib.font_manager - DEBUG - findfont: score(FontEntry(fname='C:\\Users\\thlouey\\Documents\\GitHub\\FilmProductionScheduler\\dist\\FilmScheduler\\_internal\\matplotlib\\mpl-data\\fonts\\ttf\\DejaVuSans.ttf', name='DejaVu Sans', style='normal', variant='normal', weight=400, stretch='normal', size='scalable')) = 0.05
2025-05-02 16:37:42,593 - matplotlib.font_manager - DEBUG - findfont: score(FontEntry(fname='C:\\Users\\thlouey\\Documents\\GitHub\\FilmProductionScheduler\\dist\\FilmScheduler\\_internal\\matplotlib\\mpl-data\\fonts\\ttf\\DejaVuSerif-Italic.ttf', name='DejaVu Serif', style='italic', variant='normal', weight=400, stretch='normal', size='scalable')) = 11.05
2025-05-02 16:37:42,593 - matplotlib.font_manager - DEBUG - findfont: score(FontEntry(fname='C:\\Users\\thlouey\\Documents\\GitHub\\FilmProductionScheduler\\dist\\FilmScheduler\\_internal\\matplotlib\\mpl-data\\fonts\\ttf\\DejaVuSans-BoldOblique.ttf', name='DejaVu Sans', style='oblique', variant='normal', weight=700, stretch='normal', size='scalable')) = 1.335
2025-05-02 16:37:42,593 - matplotlib.font_manager - DEBUG - findfont: score(FontEntry(fname='C:\\Users\\thlouey\\Documents\\GitHub\\FilmProductionScheduler\\dist\\FilmScheduler\\_internal\\matplotlib\\mpl-data\\fonts\\ttf\\STIXGeneralItalic.ttf', name='STIXGeneral', style='italic', variant='normal', weight=400, stretch='normal', size='scalable')) = 11.05
2025-05-02 16:37:42,593 - matplotlib.font_manager - DEBUG - findfont: score(FontEntry(fname='C:\\Users\\thlouey\\Documents\\GitHub\\FilmProductionScheduler\\dist\\FilmScheduler\\_internal\\matplotlib\\mpl-data\\fonts\\ttf\\STIXNonUniIta.ttf', name='STIXNonUnicode', style='italic', variant='normal', weight=400, stretch='normal', size='scalable')) = 11.05
2025-05-02 16:37:42,593 - matplotlib.font_manager - DEBUG - findfont: score(FontEntry(fname='C:\\Users\\thlouey\\Documents\\GitHub\\FilmProductionScheduler\\dist\\FilmScheduler\\_internal\\matplotlib\\mpl-data\\fonts\\ttf\\STIXSizFiveSymReg.ttf', name='STIXSizeFiveSym', style='normal', variant='normal', weight=400, stretch='normal', size='scalable')) = 10.05
2025-05-02 16:37:42,593 - matplotlib.font_manager - DEBUG - findfont: score(FontEntry(fname='C:\\Users\\thlouey\\Documents\\GitHub\\FilmProductionScheduler\\dist\\FilmScheduler\\_internal\\matplotlib\\mpl-data\\fonts\\ttf\\DejaVuSans-Oblique.ttf', name='DejaVu Sans', style='oblique', variant='normal', weight=400, stretch='normal', size='scalable')) = 1.05
2025-05-02 16:37:42,593 - matplotlib.font_manager - DEBUG - findfont: score(FontEntry(fname='C:\\Users\\thlouey\\Documents\\GitHub\\FilmProductionScheduler\\dist\\FilmScheduler\\_internal\\matplotlib\\mpl-data\\fonts\\ttf\\STIXGeneral.ttf', name='STIXGeneral', style='normal', variant='normal', weight=400, stretch='normal', size='scalable')) = 10.05
2025-05-02 16:37:42,594 - matplotlib.font_manager - DEBUG - findfont: score(FontEntry(fname='C:\\Users\\thlouey\\Documents\\GitHub\\FilmProductionScheduler\\dist\\FilmScheduler\\_internal\\matplotlib\\mpl-data\\fonts\\ttf\\STIXSizFourSymBol.ttf', name='STIXSizeFourSym', style='normal', variant='normal', weight=700, stretch='normal', size='scalable')) = 10.335
2025-05-02 16:37:42,594 - matplotlib.font_manager - DEBUG - findfont: score(FontEntry(fname='C:\\Users\\thlouey\\Documents\\GitHub\\FilmProductionScheduler\\dist\\FilmScheduler\\_internal\\matplotlib\\mpl-data\\fonts\\ttf\\DejaVuSansMono-BoldOblique.ttf', name='DejaVu Sans Mono', style='oblique', variant='normal', weight=700, stretch='normal', size='scalable')) = 11.335
2025-05-02 16:37:42,594 - matplotlib.font_manager - DEBUG - findfont: score(FontEntry(fname='C:\\Users\\thlouey\\Documents\\GitHub\\FilmProductionScheduler\\dist\\FilmScheduler\\_internal\\matplotlib\\mpl-data\\fonts\\ttf\\STIXSizFourSymReg.ttf', name='STIXSizeFourSym', style='normal', variant='normal', weight=400, stretch='normal', size='scalable')) = 10.05
2025-05-02 16:37:42,594 - matplotlib.font_manager - DEBUG - findfont: score(FontEntry(fname='C:\\Users\\thlouey\\Documents\\GitHub\\FilmProductionScheduler\\dist\\FilmScheduler\\_internal\\matplotlib\\mpl-data\\fonts\\ttf\\STIXSizTwoSymBol.ttf', name='STIXSizeTwoSym', style='normal', variant='normal', weight=700, stretch='normal', size='scalable')) = 10.335
2025-05-02 16:37:42,594 - matplotlib.font_manager - DEBUG - findfont: score(FontEntry(fname='C:\\Users\\thlouey\\Documents\\GitHub\\FilmProductionScheduler\\dist\\FilmScheduler\\_internal\\matplotlib\\mpl-data\\fonts\\ttf\\cmex10.ttf', name='cmex10', style='normal', variant='normal', weight=400, stretch='normal', size='scalable')) = 10.05
2025-05-02 16:37:42,594 - matplotlib.font_manager - DEBUG - findfont: score(FontEntry(fname='C:\\Users\\thlouey\\Documents\\GitHub\\FilmProductionScheduler\\dist\\FilmScheduler\\_internal\\matplotlib\\mpl-data\\fonts\\ttf\\DejaVuSerif.ttf', name='DejaVu Serif', style='normal', variant='normal', weight=400, stretch='normal', size='scalable')) = 10.05
2025-05-02 16:37:42,594 - matplotlib.font_manager - DEBUG - findfont: score(FontEntry(fname='C:\\Users\\thlouey\\Documents\\GitHub\\FilmProductionScheduler\\dist\\FilmScheduler\\_internal\\matplotlib\\mpl-data\\fonts\\ttf\\STIXSizThreeSymBol.ttf', name='STIXSizeThreeSym', style='normal', variant='normal', weight=700, stretch='normal', size='scalable')) = 10.335
2025-05-02 16:37:42,594 - matplotlib.font_manager - DEBUG - findfont: score(FontEntry(fname='C:\\Users\\thlouey\\Documents\\GitHub\\FilmProductionScheduler\\dist\\FilmScheduler\\_internal\\matplotlib\\mpl-data\\fonts\\ttf\\cmsy10.ttf', name='cmsy10', style='normal', variant='normal', weight=400, stretch='normal', size='scalable')) = 10.05
2025-05-02 16:37:42,594 - matplotlib.font_manager - DEBUG - findfont: score(FontEntry(fname='C:\\Users\\thlouey\\Documents\\GitHub\\FilmProductionScheduler\\dist\\FilmScheduler\\_internal\\matplotlib\\mpl-data\\fonts\\ttf\\DejaVuSansMono.ttf', name='DejaVu Sans Mono', style='normal', variant='normal', weight=400, stretch='normal', size='scalable')) = 10.05
2025-05-02 16:37:42,594 - matplotlib.font_manager - DEBUG - findfont: score(FontEntry(fname='C:\\Users\\thlouey\\Documents\\GitHub\\FilmProductionScheduler\\dist\\FilmScheduler\\_internal\\matplotlib\\mpl-data\\fonts\\ttf\\STIXNonUniBolIta.ttf', name='STIXNonUnicode', style='italic', variant='normal', weight=700, stretch='normal', size='scalable')) = 11.335
2025-05-02 16:37:42,594 - matplotlib.font_manager - DEBUG - findfont: score(FontEntry(fname='C:\\Users\\thlouey\\Documents\\GitHub\\FilmProductionScheduler\\dist\\FilmScheduler\\_internal\\matplotlib\\mpl-data\\fonts\\ttf\\cmb10.ttf', name='cmb10', style='normal', variant='normal', weight=400, stretch='normal', size='scalable')) = 10.05
2025-05-02 16:37:42,594 - matplotlib.font_manager - DEBUG - findfont: score(FontEntry(fname='C:\\Users\\thlouey\\Documents\\GitHub\\FilmProductionScheduler\\dist\\FilmScheduler\\_internal\\matplotlib\\mpl-data\\fonts\\ttf\\STIXNonUni.ttf', name='STIXNonUnicode', style='normal', variant='normal', weight=400, stretch='normal', size='scalable')) = 10.05
2025-05-02 16:37:42,594 - matplotlib.font_manager - DEBUG - findfont: score(FontEntry(fname='C:\\Users\\thlouey\\Documents\\GitHub\\FilmProductionScheduler\\dist\\FilmScheduler\\_internal\\matplotlib\\mpl-data\\fonts\\ttf\\DejaVuSerif-BoldItalic.ttf', name='DejaVu Serif', style='italic', variant='normal', weight=700, stretch='normal', size='scalable')) = 11.335
2025-05-02 16:37:42,594 - matplotlib.font_manager - DEBUG - findfont: score(FontEntry(fname='C:\\Users\\thlouey\\Documents\\GitHub\\FilmProductionScheduler\\dist\\FilmScheduler\\_internal\\matplotlib\\mpl-data\\fonts\\ttf\\STIXGeneralBol.ttf', name='STIXGeneral', style='normal', variant='normal', weight=700, stretch='normal', size='scalable')) = 10.335
2025-05-02 16:37:42,594 - matplotlib.font_manager - DEBUG - findfont: score(FontEntry(fname='C:\\Users\\thlouey\\Documents\\GitHub\\FilmProductionScheduler\\dist\\FilmScheduler\\_internal\\matplotlib\\mpl-data\\fonts\\ttf\\cmtt10.ttf', name='cmtt10', style='normal', variant='normal', weight=400, stretch='normal', size='scalable')) = 10.05
2025-05-02 16:37:42,594 - matplotlib.font_manager - DEBUG - findfont: score(FontEntry(fname='C:\\Users\\thlouey\\Documents\\GitHub\\FilmProductionScheduler\\dist\\FilmScheduler\\_internal\\matplotlib\\mpl-data\\fonts\\ttf\\DejaVuSans-Bold.ttf', name='DejaVu Sans', style='normal', variant='normal', weight=700, stretch='normal', size='scalable')) = 0.33499999999999996
2025-05-02 16:37:42,594 - matplotlib.font_manager - DEBUG - findfont: score(FontEntry(fname='C:\\Users\\thlouey\\Documents\\GitHub\\FilmProductionScheduler\\dist\\FilmScheduler\\_internal\\matplotlib\\mpl-data\\fonts\\ttf\\DejaVuSansMono-Bold.ttf', name='DejaVu Sans Mono', style='normal', variant='normal', weight=700, stretch='normal', size='scalable')) = 10.335
2025-05-02 16:37:42,594 - matplotlib.font_manager - DEBUG - findfont: score(FontEntry(fname='C:\\Users\\thlouey\\Documents\\GitHub\\FilmProductionScheduler\\dist\\FilmScheduler\\_internal\\matplotlib\\mpl-data\\fonts\\ttf\\STIXSizOneSymBol.ttf', name='STIXSizeOneSym', style='normal', variant='normal', weight=700, stretch='normal', size='scalable')) = 10.335
2025-05-02 16:37:42,595 - matplotlib.font_manager - DEBUG - findfont: score(FontEntry(fname='C:\\Users\\thlouey\\Documents\\GitHub\\FilmProductionScheduler\\dist\\FilmScheduler\\_internal\\matplotlib\\mpl-data\\fonts\\ttf\\cmmi10.ttf', name='cmmi10', style='normal', variant='normal', weight=400, stretch='normal', size='scalable')) = 10.05
2025-05-02 16:37:42,595 - matplotlib.font_manager - DEBUG - findfont: score(FontEntry(fname='C:\\Windows\\Fonts\\tahomabd.ttf', name='Tahoma', style='normal', variant='normal', weight=700, stretch='normal', size='scalable')) = 10.335
2025-05-02 16:37:42,595 - matplotlib.font_manager - DEBUG - findfont: score(FontEntry(fname='C:\\Windows\\Fonts\\BarlowCondensed-Bold.otf', name='Barlow Condensed', style='normal', variant='normal', weight=700, stretch='condensed', size='scalable')) = 10.535
2025-05-02 16:37:42,595 - matplotlib.font_manager - DEBUG - findfont: score(FontEntry(fname='C:\\Windows\\Fonts\\msyhbd.ttc', name='Microsoft YaHei', style='normal', variant='normal', weight=700, stretch='normal', size='scalable')) = 10.335
2025-05-02 16:37:42,595 - matplotlib.font_manager - DEBUG - findfont: score(FontEntry(fname='C:\\Windows\\Fonts\\arialbi.ttf', name='Arial', style='italic', variant='normal', weight=700, stretch='normal', size='scalable')) = 7.698636363636363
2025-05-02 16:37:42,595 - matplotlib.font_manager - DEBUG - findfont: score(FontEntry(fname='C:\\Windows\\Fonts\\LTYPEBO.TTF', name='Lucida Sans Typewriter', style='oblique', variant='normal', weight=600, stretch='normal', size='scalable')) = 11.24
2025-05-02 16:37:42,595 - matplotlib.font_manager - DEBUG - findfont: score(FontEntry(fname='C:\\Windows\\Fonts\\BrushScriptStd.otf', name='Brush Script Std', style='normal', variant='normal', weight=500, stretch='normal', size='scalable')) = 10.145
2025-05-02 16:37:42,595 - matplotlib.font_manager - DEBUG - findfont: score(FontEntry(fname='C:\\Windows\\Fonts\\NuevaStd-CondItalic.otf', name='Nueva Std', style='italic', variant='normal', weight=400, stretch='condensed', size='scalable')) = 11.25
2025-05-02 16:37:42,595 - matplotlib.font_manager - DEBUG - findfont: score(FontEntry(fname='C:\\Windows\\Fonts\\Barlow-Light.otf', name='Barlow', style='normal', variant='normal', weight=300, stretch='normal', size='scalable')) = 10.145
2025-05-02 16:37:42,595 - matplotlib.font_manager - DEBUG - findfont: score(FontEntry(fname='C:\\Windows\\Fonts\\corbeli.ttf', name='Corbel', style='italic', variant='normal', weight=400, stretch='normal', size='scalable')) = 11.05
2025-05-02 16:37:42,595 - matplotlib.font_manager - DEBUG - findfont: score(FontEntry(fname='C:\\Windows\\Fonts\\LHANDW.TTF', name='Lucida Handwriting', style='italic', variant='normal', weight=400, stretch='normal', size='scalable')) = 11.05
2025-05-02 16:37:42,595 - matplotlib.font_manager - DEBUG - findfont: score(FontEntry(fname='C:\\Windows\\Fonts\\BarlowSemiCondensed-ExtraLight.otf', name='Barlow Semi Condensed', style='normal', variant='normal', weight=275, stretch='condensed', size='scalable')) = 10.368749999999999
2025-05-02 16:37:42,595 - matplotlib.font_manager - DEBUG - findfont: score(FontEntry(fname='C:\\Windows\\Fonts\\GILLUBCD.TTF', name='Gill Sans Ultra Bold Condensed', style='normal', variant='normal', weight=400, stretch='condensed', size='scalable')) = 10.25
2025-05-02 16:37:42,595 - matplotlib.font_manager - DEBUG - findfont: score(FontEntry(fname='C:\\Windows\\Fonts\\ChaparralPro-Italic.otf', name='Chaparral Pro', style='italic', variant='normal', weight=400, stretch='normal', size='scalable')) = 11.05
2025-05-02 16:37:42,595 - matplotlib.font_manager - DEBUG - findfont: score(FontEntry(fname='C:\\Windows\\Fonts\\BarlowSemiCondensed-SemiBold.otf', name='Barlow Semi Condensed', style='normal', variant='normal', weight=600, stretch='condensed', size='scalable')) = 10.44
2025-05-02 16:37:42,595 - matplotlib.font_manager - DEBUG - findfont: score(FontEntry(fname='C:\\Windows\\Fonts\\FRABK.TTF', name='Franklin Gothic Book', style='normal', variant='normal', weight=400, stretch='normal', size='scalable')) = 10.05
2025-05-02 16:37:42,595 - matplotlib.font_manager - DEBUG - findfont: score(FontEntry(fname='C:\\Windows\\Fonts\\VLADIMIR.TTF', name='Vladimir Script', style='normal', variant='normal', weight=400, stretch='normal', size='scalable')) = 10.05
2025-05-02 16:37:42,595 - matplotlib.font_manager - DEBUG - findfont: score(FontEntry(fname='C:\\Windows\\Fonts\\BOD_CB.TTF', name='Bodoni MT', style='normal', variant='normal', weight=700, stretch='condensed', size='scalable')) = 10.535
2025-05-02 16:37:42,595 - matplotlib.font_manager - DEBUG - findfont: score(FontEntry(fname='C:\\Program Files\\SOLIDWORKS Corp\\SOLIDWORKS\\HoopsPublish\\resource\\Font\\kozminpr6n-regular.otf', name='Kozuka Mincho Pr6N', style='normal', variant='normal', weight=400, stretch='normal', size='scalable')) = 10.05
2025-05-02 16:37:42,596 - matplotlib.font_manager - DEBUG - findfont: score(FontEntry(fname='C:\\Windows\\Fonts\\esri_4.ttf', name='ESRI Oil, Gas, & Water', style='normal', variant='normal', weight=400, stretch='normal', size='scalable')) = 10.05
2025-05-02 16:37:42,596 - matplotlib.font_manager - DEBUG - findfont: score(FontEntry(fname='C:\\Windows\\Fonts\\KozGoPro-Bold.otf', name='Kozuka Gothic Pro', style='normal', variant='normal', weight=700, stretch='normal', size='scalable')) = 10.335
2025-05-02 16:37:42,596 - matplotlib.font_manager - DEBUG - findfont: score(FontEntry(fname='C:\\Windows\\Fonts\\ARIALNB.TTF', name='Arial', style='normal', variant='normal', weight=700, stretch='condensed', size='scalable')) = 6.8986363636363635
2025-05-02 16:37:42,596 - matplotlib.font_manager - DEBUG - findfont: score(FontEntry(fname='C:\\Windows\\Fonts\\esri_16.ttf', name='ESRI NIMA City Graphic PT', style='normal', variant='normal', weight=400, stretch='normal', size='scalable')) = 10.05
2025-05-02 16:37:42,596 - matplotlib.font_manager - DEBUG - findfont: score(FontEntry(fname='C:\\Windows\\Fonts\\MinionPro-Medium.otf', name='Minion Pro', style='normal', variant='normal', weight=500, stretch='normal', size='scalable')) = 10.145
2025-05-02 16:37:42,596 - matplotlib.font_manager - DEBUG - findfont: score(FontEntry(fname='C:\\Windows\\Fonts\\TektonPro-BoldExt.otf', name='Tekton Pro', style='normal', variant='normal', weight=700, stretch='expanded', size='scalable')) = 10.535
2025-05-02 16:37:42,596 - matplotlib.font_manager - DEBUG - findfont: score(FontEntry(fname='C:\\Windows\\Fonts\\KozMinPro-Regular.otf', name='Kozuka Mincho Pro', style='normal', variant='normal', weight=400, stretch='normal', size='scalable')) = 10.05
2025-05-02 16:37:42,596 - matplotlib.font_manager - DEBUG - findfont: score(FontEntry(fname='C:\\Windows\\Fonts\\swisot1.ttf', name='SWIsot1', style='normal', variant='normal', weight=400, stretch='normal', size='scalable')) = 10.05
2025-05-02 16:37:42,596 - matplotlib.font_manager - DEBUG - findfont: score(FontEntry(fname='C:\\Windows\\Fonts\\MyriadPro-Regular.otf', name='Myriad Pro', style='normal', variant='normal', weight=400, stretch='normal', size='scalable')) = 10.05
2025-05-02 16:37:42,596 - matplotlib.font_manager - DEBUG - findfont: score(FontEntry(fname='C:\\Windows\\Fonts\\BKANT.TTF', name='Book Antiqua', style='normal', variant='normal', weight=400, stretch='normal', size='scalable')) = 10.05
2025-05-02 16:37:42,596 - matplotlib.font_manager - DEBUG - findfont: score(FontEntry(fname='C:\\Windows\\Fonts\\MesquiteStd.otf', name='Mesquite Std', style='normal', variant='normal', weight=500, stretch='normal', size='scalable')) = 10.145
2025-05-02 16:37:42,596 - matplotlib.font_manager - DEBUG - findfont: score(FontEntry(fname='C:\\Windows\\Fonts\\MOD20.TTF', name='Modern No. 20', style='normal', variant='normal', weight=400, stretch='normal', size='scalable')) = 10.05
2025-05-02 16:37:42,596 - matplotlib.font_manager - DEBUG - findfont: score(FontEntry(fname='C:\\Windows\\Fonts\\esri_405.ttf', name='ESRI Elements', style='normal', variant='normal', weight=400, stretch='normal', size='scalable')) = 10.05
2025-05-02 16:37:42,596 - matplotlib.font_manager - DEBUG - findfont: score(FontEntry(fname='C:\\Windows\\Fonts\\esri_377.ttf', name='ESRI Caves 3', style='normal', variant='normal', weight=400, stretch='normal', size='scalable')) = 10.05
2025-05-02 16:37:42,596 - matplotlib.font_manager - DEBUG - findfont: score(FontEntry(fname='C:\\Windows\\Fonts\\gadugib.ttf', name='Gadugi', style='normal', variant='normal', weight=700, stretch='normal', size='scalable')) = 10.335
2025-05-02 16:37:42,596 - matplotlib.font_manager - DEBUG - findfont: score(FontEntry(fname='C:\\Windows\\Fonts\\seguisym.ttf', name='Segoe UI Symbol', style='normal', variant='normal', weight=400, stretch='normal', size='scalable')) = 10.05
2025-05-02 16:37:42,596 - matplotlib.font_manager - DEBUG - findfont: score(FontEntry(fname='C:\\Windows\\Fonts\\Dengl.ttf', name='DengXian', style='normal', variant='normal', weight=300, stretch='normal', size='scalable')) = 10.145
2025-05-02 16:37:42,596 - matplotlib.font_manager - DEBUG - findfont: score(FontEntry(fname='C:\\Windows\\Fonts\\KozMinPr6N-Regular.otf', name='Kozuka Mincho Pr6N', style='normal', variant='normal', weight=400, stretch='normal', size='scalable')) = 10.05
2025-05-02 16:37:42,596 - matplotlib.font_manager - DEBUG - findfont: score(FontEntry(fname='C:\\Windows\\Fonts\\simkai.ttf', name='KaiTi', style='normal', variant='normal', weight=400, stretch='normal', size='scalable')) = 10.05
2025-05-02 16:37:42,596 - matplotlib.font_manager - DEBUG - findfont: score(FontEntry(fname='C:\\Windows\\Fonts\\LBRITED.TTF', name='Lucida Bright', style='normal', variant='normal', weight=600, stretch='normal', size='scalable')) = 10.24
2025-05-02 16:37:42,597 - matplotlib.font_manager - DEBUG - findfont: score(FontEntry(fname='C:\\Windows\\Fonts\\ntailu.ttf', name='Microsoft New Tai Lue', style='normal', variant='normal', weight=400, stretch='normal', size='scalable')) = 10.05
2025-05-02 16:37:42,597 - matplotlib.font_manager - DEBUG - findfont: score(FontEntry(fname='C:\\Windows\\Fonts\\GILI____.TTF', name='Gill Sans MT', style='italic', variant='normal', weight=400, stretch='normal', size='scalable')) = 11.05
2025-05-02 16:37:42,597 - matplotlib.font_manager - DEBUG - findfont: score(FontEntry(fname='C:\\Windows\\Fonts\\REFSPCL.TTF', name='MS Reference Specialty', style='normal', variant='normal', weight=400, stretch='normal', size='scalable')) = 10.05
2025-05-02 16:37:42,597 - matplotlib.font_manager - DEBUG - findfont: score(FontEntry(fname='C:\\Windows\\Fonts\\BarlowCondensed-SemiBold.otf', name='Barlow Condensed', style='normal', variant='normal', weight=600, stretch='condensed', size='scalable')) = 10.44
2025-05-02 16:37:42,597 - matplotlib.font_manager - DEBUG - findfont: score(FontEntry(fname='C:\\Windows\\Fonts\\seguisb.ttf', name='Segoe UI', style='normal', variant='normal', weight=600, stretch='normal', size='scalable')) = 10.24
2025-05-02 16:37:42,597 - matplotlib.font_manager - DEBUG - findfont: score(FontEntry(fname='C:\\Windows\\Fonts\\esri_152.ttf', name='ESRI AMFM Sewer', style='normal', variant='normal', weight=400, stretch='normal', size='scalable')) = 10.05
2025-05-02 16:37:42,597 - matplotlib.font_manager - DEBUG - findfont: score(FontEntry(fname='C:\\Program Files\\SOLIDWORKS Corp\\SOLIDWORKS\\HoopsPublish\\resource\\Font\\adobepistd.otf', name='Adobe Pi Std', style='normal', variant='normal', weight=400, stretch='normal', size='scalable')) = 10.05
2025-05-02 16:37:42,597 - matplotlib.font_manager - DEBUG - findfont: score(FontEntry(fname='C:\\Windows\\Fonts\\LetterGothicStd-Bold.otf', name='Letter Gothic Std', style='normal', variant='normal', weight=700, stretch='normal', size='scalable')) = 10.335
2025-05-02 16:37:42,597 - matplotlib.font_manager - DEBUG - findfont: score(FontEntry(fname='C:\\Windows\\Fonts\\PERBI___.TTF', name='Perpetua', style='italic', variant='normal', weight=700, stretch='normal', size='scalable')) = 11.335
2025-05-02 16:37:42,597 - matplotlib.font_manager - DEBUG - findfont: score(FontEntry(fname='C:\\Windows\\Fonts\\ChaparralPro-LightIt.otf', name='Chaparral Pro', style='italic', variant='normal', weight=300, stretch='normal', size='scalable')) = 11.145
2025-05-02 16:37:42,597 - matplotlib.font_manager - DEBUG - findfont: score(FontEntry(fname='C:\\Windows\\Fonts\\BarlowSemiCondensed-Thin.otf', name='Barlow Semi Condensed', style='normal', variant='normal', weight=250, stretch='condensed', size='scalable')) = 10.3925
2025-05-02 16:37:42,597 - matplotlib.font_manager - DEBUG - findfont: score(FontEntry(fname='C:\\Windows\\Fonts\\LSANSI.TTF', name='Lucida Sans', style='italic', variant='normal', weight=400, stretch='normal', size='scalable')) = 11.05
2025-05-02 16:37:42,597 - matplotlib.font_manager - DEBUG - findfont: score(FontEntry(fname='C:\\Windows\\Fonts\\AdobeDevanagari-Italic.otf', name='Adobe Devanagari', style='italic', variant='normal', weight=400, stretch='normal', size='scalable')) = 11.05
2025-05-02 16:37:42,597 - matplotlib.font_manager - DEBUG - findfont: score(FontEntry(fname='C:\\Windows\\Fonts\\NotoSerifHK-VF.ttf', name='Noto Serif HK', style='normal', variant='normal', weight=200, stretch='normal', size='scalable')) = 10.24
2025-05-02 16:37:42,597 - matplotlib.font_manager - DEBUG - findfont: score(FontEntry(fname='C:\\Windows\\Fonts\\saswthbi.ttf', name='Thorndale AMT', style='italic', variant='normal', weight=700, stretch='normal', size='scalable')) = 11.335
2025-05-02 16:37:42,597 - matplotlib.font_manager - DEBUG - findfont: score(FontEntry(fname='C:\\Windows\\Fonts\\segoeuib.ttf', name='Segoe UI', style='normal', variant='normal', weight=700, stretch='normal', size='scalable')) = 10.335
2025-05-02 16:37:42,597 - matplotlib.font_manager - DEBUG - findfont: score(FontEntry(fname='C:\\Windows\\Fonts\\CALISTI.TTF', name='Calisto MT', style='italic', variant='normal', weight=400, stretch='normal', size='scalable')) = 11.05
2025-05-02 16:37:42,597 - matplotlib.font_manager - DEBUG - findfont: score(FontEntry(fname='C:\\Windows\\Fonts\\OCRAEXT.TTF', name='OCR A Extended', style='normal', variant='normal', weight=400, stretch='expanded', size='scalable')) = 10.25
2025-05-02 16:37:42,597 - matplotlib.font_manager - DEBUG - findfont: score(FontEntry(fname='C:\\Windows\\Fonts\\MyriadPro-BoldCondIt.otf', name='Myriad Pro', style='italic', variant='normal', weight=700, stretch='condensed', size='scalable')) = 11.535
2025-05-02 16:37:42,598 - matplotlib.font_manager - DEBUG - findfont: score(FontEntry(fname='C:\\Windows\\Fonts\\CALIFI.TTF', name='Californian FB', style='italic', variant='normal', weight=400, stretch='normal', size='scalable')) = 11.05
2025-05-02 16:37:42,598 - matplotlib.font_manager - DEBUG - findfont: score(FontEntry(fname='C:\\Windows\\Fonts\\CALISTB.TTF', name='Calisto MT', style='normal', variant='normal', weight=700, stretch='normal', size='scalable')) = 10.335
2025-05-02 16:37:42,598 - matplotlib.font_manager - DEBUG - findfont: score(FontEntry(fname='C:\\Windows\\Fonts\\LetterGothicStd.otf', name='Letter Gothic Std', style='normal', variant='normal', weight=400, stretch='normal', size='scalable')) = 10.05
2025-05-02 16:37:42,598 - matplotlib.font_manager - DEBUG - findfont: score(FontEntry(fname='C:\\Windows\\Fonts\\CENTAUR.TTF', name='Centaur', style='normal', variant='normal', weight=400, stretch='normal', size='scalable')) = 10.05
2025-05-02 16:37:42,598 - matplotlib.font_manager - DEBUG - findfont: score(FontEntry(fname='C:\\Windows\\Fonts\\gulim.ttc', name='Gulim', style='normal', variant='normal', weight=400, stretch='normal', size='scalable')) = 10.05
2025-05-02 16:37:42,598 - matplotlib.font_manager - DEBUG - findfont: score(FontEntry(fname='C:\\Windows\\Fonts\\sasgasr.ttf', name='Arial Symbol', style='normal', variant='normal', weight=400, stretch='normal', size='scalable')) = 10.05
2025-05-02 16:37:42,598 - matplotlib.font_manager - DEBUG - findfont: score(FontEntry(fname='C:\\Windows\\Fonts\\AdobeArabic-Bold.otf', name='Adobe Arabic', style='normal', variant='normal', weight=700, stretch='normal', size='scalable')) = 10.335
2025-05-02 16:37:42,598 - matplotlib.font_manager - DEBUG - findfont: score(FontEntry(fname='C:\\Windows\\Fonts\\courbi.ttf', name='Courier New', style='italic', variant='normal', weight=700, stretch='normal', size='scalable')) = 11.335
2025-05-02 16:37:42,598 - matplotlib.font_manager - DEBUG - findfont: score(FontEntry(fname='C:\\Windows\\Fonts\\MinionPro-BoldIt.otf', name='Minion Pro', style='italic', variant='normal', weight=700, stretch='normal', size='scalable')) = 11.335
2025-05-02 16:37:42,598 - matplotlib.font_manager - DEBUG - findfont: score(FontEntry(fname='C:\\Windows\\Fonts\\swromns.ttf', name='SWRomns', style='normal', variant='normal', weight=400, stretch='normal', size='scalable')) = 10.05
2025-05-02 16:37:42,598 - matplotlib.font_manager - DEBUG - findfont: score(FontEntry(fname='C:\\Windows\\Fonts\\Code39AzaleaNarrow3.ttf', name='Code39AzaleaNarrow3', style='normal', variant='normal', weight=400, stretch='condensed', size='scalable')) = 10.25
2025-05-02 16:37:42,598 - matplotlib.font_manager - DEBUG - findfont: score(FontEntry(fname='C:\\Windows\\Fonts\\TrajanPro-Bold.otf', name='Trajan Pro', style='normal', variant='normal', weight=700, stretch='normal', size='scalable')) = 10.335
2025-05-02 16:37:42,598 - matplotlib.font_manager - DEBUG - findfont: score(FontEntry(fname='C:\\Windows\\Fonts\\ChaparralPro-Regular.otf', name='Chaparral Pro', style='normal', variant='normal', weight=400, stretch='normal', size='scalable')) = 10.05
2025-05-02 16:37:42,598 - matplotlib.font_manager - DEBUG - findfont: score(FontEntry(fname='C:\\Windows\\Fonts\\swlink.ttf', name='SWLink', style='normal', variant='normal', weight=400, stretch='normal', size='scalable')) = 10.05
2025-05-02 16:37:42,598 - matplotlib.font_manager - DEBUG - findfont: score(FontEntry(fname='C:\\Windows\\Fonts\\anfsasbi.ttf', name='Avenir Next for SAS', style='italic', variant='normal', weight=700, stretch='normal', size='scalable')) = 11.335
2025-05-02 16:37:42,598 - matplotlib.font_manager - DEBUG - findfont: score(FontEntry(fname='C:\\Windows\\Fonts\\LFAXD.TTF', name='Lucida Fax', style='normal', variant='normal', weight=600, stretch='normal', size='scalable')) = 10.24
2025-05-02 16:37:42,598 - matplotlib.font_manager - DEBUG - findfont: score(FontEntry(fname='C:\\Windows\\Fonts\\NuevaStd-BoldCondItalic.otf', name='Nueva Std', style='italic', variant='normal', weight=700, stretch='condensed', size='scalable')) = 11.535
2025-05-02 16:37:42,598 - matplotlib.font_manager - DEBUG - findfont: score(FontEntry(fname='C:\\Windows\\Fonts\\courbd.ttf', name='Courier New', style='normal', variant='normal', weight=700, stretch='normal', size='scalable')) = 10.335
2025-05-02 16:37:42,599 - matplotlib.font_manager - DEBUG - findfont: score(FontEntry(fname='C:\\Windows\\Fonts\\swisot3.ttf', name='SWIsot3', style='normal', variant='normal', weight=400, stretch='normal', size='scalable')) = 10.05
2025-05-02 16:37:42,599 - matplotlib.font_manager - DEBUG - findfont: score(FontEntry(fname='C:\\Windows\\Fonts\\segoeuii.ttf', name='Segoe UI', style='italic', variant='normal', weight=400, stretch='normal', size='scalable')) = 11.05
2025-05-02 16:37:42,599 - matplotlib.font_manager - DEBUG - findfont: score(FontEntry(fname='C:\\Windows\\Fonts\\BASKVILL.TTF', name='Baskerville Old Face', style='normal', variant='normal', weight=400, stretch='normal', size='scalable')) = 10.05
2025-05-02 16:37:42,599 - matplotlib.font_manager - DEBUG - findfont: score(FontEntry(fname='C:\\Windows\\Fonts\\swastro.ttf', name='SWAstro', style='normal', variant='normal', weight=400, stretch='normal', size='scalable')) = 10.05
2025-05-02 16:37:42,599 - matplotlib.font_manager - DEBUG - findfont: score(FontEntry(fname='C:\\Windows\\Fonts\\BarlowSemiCondensed-Bold.otf', name='Barlow Semi Condensed', style='normal', variant='normal', weight=700, stretch='condensed', size='scalable')) = 10.535
2025-05-02 16:37:42,599 - matplotlib.font_manager - DEBUG - findfont: score(FontEntry(fname='C:\\Windows\\Fonts\\ERASBD.TTF', name='Eras Bold ITC', style='normal', variant='normal', weight=400, stretch='normal', size='scalable')) = 10.05
2025-05-02 16:37:42,599 - matplotlib.font_manager - DEBUG - findfont: score(FontEntry(fname='C:\\Windows\\Fonts\\malgunsl.ttf', name='Malgun Gothic', style='normal', variant='normal', weight=300, stretch='normal', size='scalable')) = 10.145
2025-05-02 16:37:42,599 - matplotlib.font_manager - DEBUG - findfont: score(FontEntry(fname='C:\\Windows\\Fonts\\RAGE.TTF', name='Rage Italic', style='italic', variant='normal', weight=400, stretch='normal', size='scalable')) = 11.05
2025-05-02 16:37:42,599 - matplotlib.font_manager - DEBUG - findfont: score(FontEntry(fname='C:\\Windows\\Fonts\\nskrb.ttf', name='Noto Sans KR', style='normal', variant='normal', weight=700, stretch='normal', size='scalable')) = 10.335
2025-05-02 16:37:42,599 - matplotlib.font_manager - DEBUG - findfont: score(FontEntry(fname='C:\\Windows\\Fonts\\msjhbd.ttc', name='Microsoft JhengHei', style='normal', variant='normal', weight=700, stretch='normal', size='scalable')) = 10.335
2025-05-02 16:37:42,599 - matplotlib.font_manager - DEBUG - findfont: score(FontEntry(fname='C:\\Windows\\Fonts\\KozGoPr6N-Light.otf', name='Kozuka Gothic Pr6N', style='normal', variant='normal', weight=300, stretch='normal', size='scalable')) = 10.145
2025-05-02 16:37:42,599 - matplotlib.font_manager - DEBUG - findfont: score(FontEntry(fname='C:\\Windows\\Fonts\\OratorStd.otf', name='Orator Std', style='normal', variant='normal', weight=400, stretch='normal', size='scalable')) = 10.05
2025-05-02 16:37:42,599 - matplotlib.font_manager - DEBUG - findfont: score(FontEntry(fname='C:\\Windows\\Fonts\\ANTQUAI.TTF', name='Book Antiqua', style='italic', variant='normal', weight=400, stretch='normal', size='scalable')) = 11.05
2025-05-02 16:37:42,599 - matplotlib.font_manager - DEBUG - findfont: score(FontEntry(fname='C:\\Windows\\Fonts\\Arimo-Regular.ttf', name='Arimo', style='normal', variant='normal', weight=400, stretch='normal', size='scalable')) = 10.05
2025-05-02 16:37:42,599 - matplotlib.font_manager - DEBUG - findfont: score(FontEntry(fname='C:\\Windows\\Fonts\\PALSCRI.TTF', name='Palace Script MT', style='normal', variant='normal', weight=400, stretch='normal', size='scalable')) = 10.05
2025-05-02 16:37:42,599 - matplotlib.font_manager - DEBUG - findfont: score(FontEntry(fname='C:\\Windows\\Fonts\\timesi.ttf', name='Times New Roman', style='italic', variant='normal', weight=400, stretch='normal', size='scalable')) = 11.05
2025-05-02 16:37:42,599 - matplotlib.font_manager - DEBUG - findfont: score(FontEntry(fname='C:\\Windows\\Fonts\\esri_220.ttf', name='ESRI IGL Font20', style='normal', variant='normal', weight=400, stretch='normal', size='scalable')) = 10.05
2025-05-02 16:37:42,599 - matplotlib.font_manager - DEBUG - findfont: score(FontEntry(fname='C:\\Windows\\Fonts\\KozMinPr6N-Medium.otf', name='Kozuka Mincho Pr6N', style='normal', variant='normal', weight=500, stretch='normal', size='scalable')) = 10.145
2025-05-02 16:37:42,599 - matplotlib.font_manager - DEBUG - findfont: score(FontEntry(fname='C:\\Windows\\Fonts\\ebrima.ttf', name='Ebrima', style='normal', variant='normal', weight=400, stretch='normal', size='scalable')) = 10.05
2025-05-02 16:37:42,599 - matplotlib.font_manager - DEBUG - findfont: score(FontEntry(fname='C:\\Windows\\Fonts\\comicbd.ttf', name='Comic Sans MS', style='normal', variant='normal', weight=700, stretch='normal', size='scalable')) = 10.335
2025-05-02 16:37:42,600 - matplotlib.font_manager - DEBUG - findfont: score(FontEntry(fname='C:\\Windows\\Fonts\\JOKERMAN.TTF', name='Jokerman', style='normal', variant='normal', weight=400, stretch='normal', size='scalable')) = 10.05
2025-05-02 16:37:42,600 - matplotlib.font_manager - DEBUG - findfont: score(FontEntry(fname='C:\\Windows\\Fonts\\GARAIT.TTF', name='Garamond', style='italic', variant='normal', weight=400, stretch='normal', size='scalable')) = 11.05
2025-05-02 16:37:42,600 - matplotlib.font_manager - DEBUG - findfont: score(FontEntry(fname='C:\\Windows\\Fonts\\esri_22.ttf', name='ESRI MilSym 02', style='normal', variant='normal', weight=400, stretch='normal', size='scalable')) = 10.05
2025-05-02 16:37:42,600 - matplotlib.font_manager - DEBUG - findfont: score(FontEntry(fname='C:\\Windows\\Fonts\\Roboto-LightItalic.ttf', name='Roboto', style='italic', variant='normal', weight=300, stretch='normal', size='scalable')) = 11.145
2025-05-02 16:37:42,600 - matplotlib.font_manager - DEBUG - findfont: score(FontEntry(fname='C:\\Windows\\Fonts\\Arimo-Italic.ttf', name='Arimo', style='italic', variant='normal', weight=400, stretch='normal', size='scalable')) = 11.05
2025-05-02 16:37:42,600 - matplotlib.font_manager - DEBUG - findfont: score(FontEntry(fname='C:\\Windows\\Fonts\\KozGoPro-Light.otf', name='Kozuka Gothic Pro', style='normal', variant='normal', weight=300, stretch='normal', size='scalable')) = 10.145
2025-05-02 16:37:42,600 - matplotlib.font_manager - DEBUG - findfont: score(FontEntry(fname='C:\\Windows\\Fonts\\olfsimplesansoc-regular.ttf', name='OLF SimpleSansOC', style='normal', variant='normal', weight=400, stretch='normal', size='scalable')) = 10.05
2025-05-02 16:37:42,600 - matplotlib.font_manager - DEBUG - findfont: score(FontEntry(fname='C:\\Windows\\Fonts\\pdficons.ttf', name='pdficons', style='normal', variant='normal', weight=400, stretch='normal', size='scalable')) = 10.05
2025-05-02 16:37:42,600 - matplotlib.font_manager - DEBUG - findfont: score(FontEntry(fname='C:\\Windows\\Fonts\\ELEPHNT.TTF', name='Elephant', style='normal', variant='normal', weight=400, stretch='normal', size='scalable')) = 10.05
2025-05-02 16:37:42,600 - matplotlib.font_manager - DEBUG - findfont: score(FontEntry(fname='C:\\Windows\\Fonts\\georgiab.ttf', name='Georgia', style='normal', variant='normal', weight=700, stretch='normal', size='scalable')) = 10.335
2025-05-02 16:37:42,600 - matplotlib.font_manager - DEBUG - findfont: score(FontEntry(fname='C:\\Windows\\Fonts\\nsjpb.ttf', name='Noto Sans JP', style='normal', variant='normal', weight=700, stretch='normal', size='scalable')) = 10.335
2025-05-02 16:37:42,600 - matplotlib.font_manager - DEBUG - findfont: score(FontEntry(fname='C:\\Windows\\Fonts\\esri_105.ttf', name='ESRI Meteorological 01', style='normal', variant='normal', weight=400, stretch='normal', size='scalable')) = 10.05
2025-05-02 16:37:42,600 - matplotlib.font_manager - DEBUG - findfont: score(FontEntry(fname='C:\\Windows\\Fonts\\esri_21.ttf', name='ESRI MilSym 01', style='normal', variant='normal', weight=400, stretch='normal', size='scalable')) = 10.05
2025-05-02 16:37:42,600 - matplotlib.font_manager - DEBUG - findfont: score(FontEntry(fname='C:\\Windows\\Fonts\\nsr.ttf', name='Noto Sans', style='normal', variant='normal', weight=400, stretch='normal', size='scalable')) = 10.05
2025-05-02 16:37:42,600 - matplotlib.font_manager - DEBUG - findfont: score(FontEntry(fname='C:\\Windows\\Fonts\\esri_132.ttf', name='ESRI SDS 2.00 1', style='normal', variant='normal', weight=400, stretch='normal', size='scalable')) = 10.05
2025-05-02 16:37:42,600 - matplotlib.font_manager - DEBUG - findfont: score(FontEntry(fname='C:\\Windows\\Fonts\\malgunbd.ttf', name='Malgun Gothic', style='normal', variant='normal', weight=700, stretch='normal', size='scalable')) = 10.335
2025-05-02 16:37:42,600 - matplotlib.font_manager - DEBUG - findfont: score(FontEntry(fname='C:\\Windows\\Fonts\\CooperBlackStd-Italic.otf', name='Cooper Std', style='italic', variant='normal', weight=900, stretch='normal', size='scalable')) = 11.525
2025-05-02 16:37:42,600 - matplotlib.font_manager - DEBUG - findfont: score(FontEntry(fname='C:\\Windows\\Fonts\\ACaslonPro-Italic.otf', name='Adobe Caslon Pro', style='italic', variant='normal', weight=400, stretch='normal', size='scalable')) = 11.05
2025-05-02 16:37:42,600 - matplotlib.font_manager - DEBUG - findfont: score(FontEntry(fname='C:\\Windows\\Fonts\\TCB_____.TTF', name='Tw Cen MT', style='normal', variant='normal', weight=700, stretch='normal', size='scalable')) = 10.335
2025-05-02 16:37:42,600 - matplotlib.font_manager - DEBUG - findfont: score(FontEntry(fname='C:\\Windows\\Fonts\\cambriab.ttf', name='Cambria', style='normal', variant='normal', weight=700, stretch='normal', size='scalable')) = 10.335
2025-05-02 16:37:42,601 - matplotlib.font_manager - DEBUG - findfont: score(FontEntry(fname='C:\\Windows\\Fonts\\KozGoPr6N-Medium.otf', name='Kozuka Gothic Pr6N', style='normal', variant='normal', weight=500, stretch='normal', size='scalable')) = 10.145
2025-05-02 16:37:42,601 - matplotlib.font_manager - DEBUG - findfont: score(FontEntry(fname='C:\\Windows\\Fonts\\LBRITEI.TTF', name='Lucida Bright', style='italic', variant='normal', weight=400, stretch='normal', size='scalable')) = 11.05
2025-05-02 16:37:42,601 - matplotlib.font_manager - DEBUG - findfont: score(FontEntry(fname='C:\\Windows\\Fonts\\FRAHV.TTF', name='Franklin Gothic Heavy', style='normal', variant='normal', weight=400, stretch='normal', size='scalable')) = 10.05
2025-05-02 16:37:42,601 - matplotlib.font_manager - DEBUG - findfont: score(FontEntry(fname='C:\\Windows\\Fonts\\VIVALDII.TTF', name='Vivaldi', style='italic', variant='normal', weight=400, stretch='normal', size='scalable')) = 11.05
2025-05-02 16:37:42,601 - matplotlib.font_manager - DEBUG - findfont: score(FontEntry(fname='C:\\Program Files\\SOLIDWORKS Corp\\SOLIDWORKS\\HoopsPublish\\resource\\Font\\AdobeArabic-Italic.otf', name='Adobe Arabic', style='italic', variant='normal', weight=400, stretch='normal', size='scalable')) = 11.05
2025-05-02 16:37:42,601 - matplotlib.font_manager - DEBUG - findfont: score(FontEntry(fname='C:\\Windows\\Fonts\\MinionPro-MediumIt.otf', name='Minion Pro', style='italic', variant='normal', weight=500, stretch='normal', size='scalable')) = 11.145
2025-05-02 16:37:42,601 - matplotlib.font_manager - DEBUG - findfont: score(FontEntry(fname='C:\\Windows\\Fonts\\GILC____.TTF', name='Gill Sans MT Condensed', style='normal', variant='normal', weight=400, stretch='condensed', size='scalable')) = 10.25
2025-05-02 16:37:42,601 - matplotlib.font_manager - DEBUG - findfont: score(FontEntry(fname='C:\\Windows\\Fonts\\TektonPro-Bold.otf', name='Tekton Pro', style='normal', variant='normal', weight=700, stretch='normal', size='scalable')) = 10.335
2025-05-02 16:37:42,601 - matplotlib.font_manager - DEBUG - findfont: score(FontEntry(fname='C:\\Windows\\Fonts\\MyriadPro-SemiboldIt.otf', name='Myriad Pro', style='italic', variant='normal', weight=600, stretch='normal', size='scalable')) = 11.24
2025-05-02 16:37:42,601 - matplotlib.font_manager - DEBUG - findfont: score(FontEntry(fname='C:\\Windows\\Fonts\\GOUDOSI.TTF', name='Goudy Old Style', style='italic', variant='normal', weight=400, stretch='normal', size='scalable')) = 11.05
2025-05-02 16:37:42,601 - matplotlib.font_manager - DEBUG - findfont: score(FontEntry(fname='C:\\Windows\\Fonts\\saswthb.ttf', name='Thorndale AMT', style='normal', variant='normal', weight=700, stretch='normal', size='scalable')) = 10.335
2025-05-02 16:37:42,601 - matplotlib.font_manager - DEBUG - findfont: score(FontEntry(fname='C:\\Windows\\Fonts\\ROCCB___.TTF', name='Rockwell Condensed', style='normal', variant='normal', weight=700, stretch='condensed', size='scalable')) = 10.535
2025-05-02 16:37:42,601 - matplotlib.font_manager - DEBUG - findfont: score(FontEntry(fname='C:\\Windows\\Fonts\\ITCEDSCR.TTF', name='Edwardian Script ITC', style='normal', variant='normal', weight=400, stretch='normal', size='scalable')) = 10.05
2025-05-02 16:37:42,601 - matplotlib.font_manager - DEBUG - findfont: score(FontEntry(fname='C:\\Windows\\Fonts\\AdobeDevanagari-BoldItalic.otf', name='Adobe Devanagari', style='italic', variant='normal', weight=700, stretch='normal', size='scalable')) = 11.335
2025-05-02 16:37:42,601 - matplotlib.font_manager - DEBUG - findfont: score(FontEntry(fname='C:\\Windows\\Fonts\\WINGDNG3.TTF', name='Wingdings 3', style='normal', variant='normal', weight=400, stretch='normal', size='scalable')) = 10.05
2025-05-02 16:37:42,601 - matplotlib.font_manager - DEBUG - findfont: score(FontEntry(fname='C:\\Windows\\Fonts\\GARA.TTF', name='Garamond', style='normal', variant='normal', weight=400, stretch='normal', size='scalable')) = 10.05
2025-05-02 16:37:42,601 - matplotlib.font_manager - DEBUG - findfont: score(FontEntry(fname='C:\\Windows\\Fonts\\taile.ttf', name='Microsoft Tai Le', style='normal', variant='normal', weight=400, stretch='normal', size='scalable')) = 10.05
2025-05-02 16:37:42,601 - matplotlib.font_manager - DEBUG - findfont: score(FontEntry(fname='C:\\Windows\\Fonts\\LFAXDI.TTF', name='Lucida Fax', style='italic', variant='normal', weight=600, stretch='normal', size='scalable')) = 11.24
2025-05-02 16:37:42,601 - matplotlib.font_manager - DEBUG - findfont: score(FontEntry(fname='C:\\Windows\\Fonts\\esri_225.ttf', name='ESRI IGL Font25', style='normal', variant='normal', weight=400, stretch='normal', size='scalable')) = 10.05
2025-05-02 16:37:42,601 - matplotlib.font_manager - DEBUG - findfont: score(FontEntry(fname='C:\\Windows\\Fonts\\calibriz.ttf', name='Calibri', style='italic', variant='normal', weight=700, stretch='normal', size='scalable')) = 11.335
2025-05-02 16:37:42,602 - matplotlib.font_manager - DEBUG - findfont: score(FontEntry(fname='C:\\Windows\\Fonts\\RosewoodStd-Regular.otf', name='Rosewood Std', style='normal', variant='normal', weight=700, stretch='normal', size='scalable')) = 10.335
2025-05-02 16:37:42,602 - matplotlib.font_manager - DEBUG - findfont: score(FontEntry(fname='C:\\Windows\\Fonts\\esri_19.ttf', name='ESRI MilMod 02', style='normal', variant='normal', weight=400, stretch='normal', size='scalable')) = 10.05
2025-05-02 16:37:42,602 - matplotlib.font_manager - DEBUG - findfont: score(FontEntry(fname='C:\\Windows\\Fonts\\KozMinPro-Medium.otf', name='Kozuka Mincho Pro', style='normal', variant='normal', weight=500, stretch='normal', size='scalable')) = 10.145
2025-05-02 16:37:42,602 - matplotlib.font_manager - DEBUG - findfont: score(FontEntry(fname='C:\\Windows\\Fonts\\NIAGENG.TTF', name='Niagara Engraved', style='normal', variant='normal', weight=400, stretch='normal', size='scalable')) = 10.05
2025-05-02 16:37:42,602 - matplotlib.font_manager - DEBUG - findfont: score(FontEntry(fname='C:\\Windows\\Fonts\\MinionPro-BoldCnIt.otf', name='Minion Pro', style='italic', variant='normal', weight=700, stretch='condensed', size='scalable')) = 11.535
2025-05-02 16:37:42,602 - matplotlib.font_manager - DEBUG - findfont: score(FontEntry(fname='C:\\Windows\\Fonts\\AdobeHeitiStd-Regular.otf', name='Adobe Heiti Std', style='normal', variant='normal', weight=400, stretch='normal', size='scalable')) = 10.05
2025-05-02 16:37:42,602 - matplotlib.font_manager - DEBUG - findfont: score(FontEntry(fname='C:\\Windows\\Fonts\\HTOWERTI.TTF', name='High Tower Text', style='italic', variant='normal', weight=400, stretch='normal', size='scalable')) = 11.05
2025-05-02 16:37:42,602 - matplotlib.font_manager - DEBUG - findfont: score(FontEntry(fname='C:\\Windows\\Fonts\\HATTEN.TTF', name='Haettenschweiler', style='normal', variant='normal', weight=400, stretch='normal', size='scalable')) = 10.05
2025-05-02 16:37:42,602 - matplotlib.font_manager - DEBUG - findfont: score(FontEntry(fname='C:\\Windows\\Fonts\\Barlow-Regular.otf', name='Barlow', style='normal', variant='normal', weight=400, stretch='normal', size='scalable')) = 10.05
2025-05-02 16:37:42,602 - matplotlib.font_manager - DEBUG - findfont: score(FontEntry(fname='C:\\Windows\\Fonts\\FRAHVIT.TTF', name='Franklin Gothic Heavy', style='italic', variant='normal', weight=400, stretch='normal', size='scalable')) = 11.05
2025-05-02 16:37:42,602 - matplotlib.font_manager - DEBUG - findfont: score(FontEntry(fname='C:\\Windows\\Fonts\\Candaral.ttf', name='Candara', style='normal', variant='normal', weight=400, stretch='normal', size='scalable')) = 10.05
2025-05-02 16:37:42,602 - matplotlib.font_manager - DEBUG - findfont: score(FontEntry(fname='C:\\Windows\\Fonts\\esri_33.ttf', name='ESRI Climate & Precipitation', style='normal', variant='normal', weight=400, stretch='normal', size='scalable')) = 10.05
2025-05-02 16:37:42,602 - matplotlib.font_manager - DEBUG - findfont: score(FontEntry(fname='C:\\Windows\\Fonts\\ROCC____.TTF', name='Rockwell Condensed', style='normal', variant='normal', weight=400, stretch='condensed', size='scalable')) = 10.25
2025-05-02 16:37:42,602 - matplotlib.font_manager - DEBUG - findfont: score(FontEntry(fname='C:\\Windows\\Fonts\\PERTIBD.TTF', name='Perpetua Titling MT', style='normal', variant='normal', weight=700, stretch='normal', size='scalable')) = 10.335
2025-05-02 16:37:42,602 - matplotlib.font_manager - DEBUG - findfont: score(FontEntry(fname='C:\\Windows\\Fonts\\swisot2.ttf', name='SWIsot2', style='normal', variant='normal', weight=400, stretch='normal', size='scalable')) = 10.05
2025-05-02 16:37:42,602 - matplotlib.font_manager - DEBUG - findfont: score(FontEntry(fname='C:\\Program Files\\SOLIDWORKS Corp\\SOLIDWORKS\\HoopsPublish\\resource\\Font\\adobemyungjostd-medium.otf', name='Adobe Myungjo Std', style='normal', variant='normal', weight=500, stretch='normal', size='scalable')) = 10.145
2025-05-02 16:37:42,602 - matplotlib.font_manager - DEBUG - findfont: score(FontEntry(fname='C:\\Windows\\Fonts\\AdobeArabic-BoldItalic.otf', name='Adobe Arabic', style='italic', variant='normal', weight=700, stretch='normal', size='scalable')) = 11.335
2025-05-02 16:37:42,602 - matplotlib.font_manager - DEBUG - findfont: score(FontEntry(fname='C:\\Windows\\Fonts\\Roboto-Bold.ttf', name='Roboto', style='normal', variant='normal', weight=700, stretch='normal', size='scalable')) = 10.335
2025-05-02 16:37:42,602 - matplotlib.font_manager - DEBUG - findfont: score(FontEntry(fname='C:\\Windows\\Fonts\\trebucbd.ttf', name='Trebuchet MS', style='normal', variant='normal', weight=700, stretch='normal', size='scalable')) = 10.335
2025-05-02 16:37:42,602 - matplotlib.font_manager - DEBUG - findfont: score(FontEntry(fname='C:\\Windows\\Fonts\\esri_804.ttf', name='ESRI Fire Incident NFPA', style='normal', variant='normal', weight=400, stretch='normal', size='scalable')) = 10.05
2025-05-02 16:37:42,603 - matplotlib.font_manager - DEBUG - findfont: score(FontEntry(fname='C:\\Windows\\Fonts\\GiddyupStd.otf', name='Giddyup Std', style='normal', variant='normal', weight=400, stretch='normal', size='scalable')) = 10.05
2025-05-02 16:37:42,603 - matplotlib.font_manager - DEBUG - findfont: score(FontEntry(fname='C:\\Windows\\Fonts\\esri_34.ttf', name='ESRI Business', style='normal', variant='normal', weight=400, stretch='normal', size='scalable')) = 10.05
2025-05-02 16:37:42,603 - matplotlib.font_manager - DEBUG - findfont: score(FontEntry(fname='C:\\Windows\\Fonts\\swital.ttf', name='SWItal', style='normal', variant='normal', weight=400, stretch='normal', size='scalable')) = 10.05
2025-05-02 16:37:42,603 - matplotlib.font_manager - DEBUG - findfont: score(FontEntry(fname='C:\\Windows\\Fonts\\ITCKRIST.TTF', name='Kristen ITC', style='normal', variant='normal', weight=400, stretch='normal', size='scalable')) = 10.05
2025-05-02 16:37:42,603 - matplotlib.font_manager - DEBUG - findfont: score(FontEntry(fname='C:\\Windows\\Fonts\\Roboto-Italic.ttf', name='Roboto', style='italic', variant='normal', weight=400, stretch='normal', size='scalable')) = 11.05
2025-05-02 16:37:42,603 - matplotlib.font_manager - DEBUG - findfont: score(FontEntry(fname='C:\\Windows\\Fonts\\Candarali.ttf', name='Candara', style='italic', variant='normal', weight=400, stretch='normal', size='scalable')) = 11.05
2025-05-02 16:37:42,603 - matplotlib.font_manager - DEBUG - findfont: score(FontEntry(fname='C:\\Windows\\Fonts\\mmrtextb.ttf', name='Myanmar Text', style='normal', variant='normal', weight=700, stretch='normal', size='scalable')) = 10.335
2025-05-02 16:37:42,603 - matplotlib.font_manager - DEBUG - findfont: score(FontEntry(fname='C:\\Windows\\Fonts\\swmap.ttf', name='SWMap', style='normal', variant='normal', weight=400, stretch='normal', size='scalable')) = 10.05
2025-05-02 16:37:42,603 - matplotlib.font_manager - DEBUG - findfont: score(FontEntry(fname='C:\\Windows\\Fonts\\MyriadHebrew-It.otf', name='Myriad Hebrew', style='italic', variant='normal', weight=400, stretch='normal', size='scalable')) = 11.05
2025-05-02 16:37:42,603 - matplotlib.font_manager - DEBUG - findfont: score(FontEntry(fname='C:\\Windows\\Fonts\\Roboto-Regular.ttf', name='Roboto', style='normal', variant='normal', weight=400, stretch='normal', size='scalable')) = 10.05
2025-05-02 16:37:42,603 - matplotlib.font_manager - DEBUG - findfont: score(FontEntry(fname='C:\\Windows\\Fonts\\AdobeGothicStd-Bold.otf', name='Adobe Gothic Std', style='normal', variant='normal', weight=700, stretch='normal', size='scalable')) = 10.335
2025-05-02 16:37:42,603 - matplotlib.font_manager - DEBUG - findfont: score(FontEntry(fname='C:\\Windows\\Fonts\\MinionPro-SemiboldIt.otf', name='Minion Pro', style='italic', variant='normal', weight=600, stretch='normal', size='scalable')) = 11.24
2025-05-02 16:37:42,603 - matplotlib.font_manager - DEBUG - findfont: score(FontEntry(fname='C:\\Windows\\Fonts\\nskrr.ttf', name='Noto Sans KR', style='normal', variant='normal', weight=400, stretch='normal', size='scalable')) = 10.05
2025-05-02 16:37:42,603 - matplotlib.font_manager - DEBUG - findfont: score(FontEntry(fname='C:\\Windows\\Fonts\\FRADMIT.TTF', name='Franklin Gothic Demi', style='italic', variant='normal', weight=400, stretch='normal', size='scalable')) = 11.05
2025-05-02 16:37:42,603 - matplotlib.font_manager - DEBUG - findfont: score(FontEntry(fname='C:\\Windows\\Fonts\\ANTQUABI.TTF', name='Book Antiqua', style='italic', variant='normal', weight=700, stretch='normal', size='scalable')) = 11.335
2025-05-02 16:37:42,603 - matplotlib.font_manager - DEBUG - findfont: score(FontEntry(fname='C:\\Windows\\Fonts\\Barlow-Medium.otf', name='Barlow', style='normal', variant='normal', weight=500, stretch='normal', size='scalable')) = 10.145
2025-05-02 16:37:42,603 - matplotlib.font_manager - DEBUG - findfont: score(FontEntry(fname='C:\\Windows\\Fonts\\palai.ttf', name='Palatino Linotype', style='italic', variant='normal', weight=400, stretch='normal', size='scalable')) = 11.05
2025-05-02 16:37:42,603 - matplotlib.font_manager - DEBUG - findfont: score(FontEntry(fname='C:\\Windows\\Fonts\\CHILLER.TTF', name='Chiller', style='normal', variant='normal', weight=400, stretch='normal', size='scalable')) = 10.05
2025-05-02 16:37:42,603 - matplotlib.font_manager - DEBUG - findfont: score(FontEntry(fname='C:\\Windows\\Fonts\\LATINWD.TTF', name='Wide Latin', style='normal', variant='normal', weight=400, stretch='expanded', size='scalable')) = 10.25
2025-05-02 16:37:42,604 - matplotlib.font_manager - DEBUG - findfont: score(FontEntry(fname='C:\\Windows\\Fonts\\AdobeArabic-Regular.otf', name='Adobe Arabic', style='normal', variant='normal', weight=400, stretch='normal', size='scalable')) = 10.05
2025-05-02 16:37:42,604 - matplotlib.font_manager - DEBUG - findfont: score(FontEntry(fname='C:\\Windows\\Fonts\\verdana.ttf', name='Verdana', style='normal', variant='normal', weight=400, stretch='normal', size='scalable')) = 3.6863636363636365
2025-05-02 16:37:42,604 - matplotlib.font_manager - DEBUG - findfont: score(FontEntry(fname='C:\\Windows\\Fonts\\IMPRISHA.TTF', name='Imprint MT Shadow', style='normal', variant='normal', weight=400, stretch='normal', size='scalable')) = 10.05
2025-05-02 16:37:42,604 - matplotlib.font_manager - DEBUG - findfont: score(FontEntry(fname='C:\\Windows\\Fonts\\swgothe.ttf', name='SWGothe', style='normal', variant='normal', weight=400, stretch='normal', size='scalable')) = 10.05
2025-05-02 16:37:42,604 - matplotlib.font_manager - DEBUG - findfont: score(FontEntry(fname='C:\\Windows\\Fonts\\comicz.ttf', name='Comic Sans MS', style='italic', variant='normal', weight=700, stretch='normal', size='scalable')) = 11.335
2025-05-02 16:37:42,604 - matplotlib.font_manager - DEBUG - findfont: score(FontEntry(fname='C:\\Windows\\Fonts\\nsthr.ttf', name='Noto Sans Thai', style='normal', variant='normal', weight=400, stretch='normal', size='scalable')) = 10.05
2025-05-02 16:37:42,604 - matplotlib.font_manager - DEBUG - findfont: score(FontEntry(fname='C:\\Windows\\Fonts\\MyriadHebrew-Bold.otf', name='Myriad Hebrew', style='normal', variant='normal', weight=700, stretch='normal', size='scalable')) = 10.335
2025-05-02 16:37:42,604 - matplotlib.font_manager - DEBUG - findfont: score(FontEntry(fname='C:\\Windows\\Fonts\\calibri.ttf', name='Calibri', style='normal', variant='normal', weight=400, stretch='normal', size='scalable')) = 10.05
2025-05-02 16:37:42,604 - matplotlib.font_manager - DEBUG - findfont: score(FontEntry(fname='C:\\Windows\\Fonts\\BOD_I.TTF', name='Bodoni MT', style='italic', variant='normal', weight=400, stretch='normal', size='scalable')) = 11.05
2025-05-02 16:37:42,604 - matplotlib.font_manager - DEBUG - findfont: score(FontEntry(fname='C:\\Windows\\Fonts\\simfang.ttf', name='FangSong', style='normal', variant='normal', weight=400, stretch='normal', size='scalable')) = 10.05
2025-05-02 16:37:42,604 - matplotlib.font_manager - DEBUG - findfont: score(FontEntry(fname='C:\\Windows\\Fonts\\DUBAI-MEDIUM.TTF', name='Dubai', style='normal', variant='normal', weight=500, stretch='normal', size='scalable')) = 10.145
2025-05-02 16:37:42,604 - matplotlib.font_manager - DEBUG - findfont: score(FontEntry(fname='C:\\Windows\\Fonts\\saswalb.ttf', name='Albany AMT', style='normal', variant='normal', weight=700, stretch='normal', size='scalable')) = 10.335
2025-05-02 16:37:42,604 - matplotlib.font_manager - DEBUG - findfont: score(FontEntry(fname='C:\\Windows\\Fonts\\ACaslonPro-Semibold.otf', name='Adobe Caslon Pro', style='normal', variant='normal', weight=600, stretch='normal', size='scalable')) = 10.24
2025-05-02 16:37:42,604 - matplotlib.font_manager - DEBUG - findfont: score(FontEntry(fname='C:\\Windows\\Fonts\\framd.ttf', name='Franklin Gothic Medium', style='normal', variant='normal', weight=400, stretch='normal', size='scalable')) = 10.05
2025-05-02 16:37:42,604 - matplotlib.font_manager - DEBUG - findfont: score(FontEntry(fname='C:\\Windows\\Fonts\\SegoeIcons.ttf', name='Segoe Fluent Icons', style='normal', variant='normal', weight=400, stretch='normal', size='scalable')) = 10.05
2025-05-02 16:37:42,604 - matplotlib.font_manager - DEBUG - findfont: score(FontEntry(fname='C:\\Windows\\Fonts\\BOD_CR.TTF', name='Bodoni MT', style='normal', variant='normal', weight=400, stretch='condensed', size='scalable')) = 10.25
2025-05-02 16:37:42,604 - matplotlib.font_manager - DEBUG - findfont: score(FontEntry(fname='C:\\Windows\\Fonts\\monbaiti.ttf', name='Mongolian Baiti', style='normal', variant='normal', weight=400, stretch='normal', size='scalable')) = 10.05
2025-05-02 16:37:42,604 - matplotlib.font_manager - DEBUG - findfont: score(FontEntry(fname='C:\\Windows\\Fonts\\constanb.ttf', name='Constantia', style='normal', variant='normal', weight=700, stretch='normal', size='scalable')) = 10.335
2025-05-02 16:37:42,604 - matplotlib.font_manager - DEBUG - findfont: score(FontEntry(fname='C:\\Windows\\Fonts\\swmusic.ttf', name='SWMusic', style='normal', variant='normal', weight=400, stretch='normal', size='scalable')) = 10.05
2025-05-02 16:37:42,605 - matplotlib.font_manager - DEBUG - findfont: score(FontEntry(fname='C:\\Windows\\Fonts\\esri_801.ttf', name='ESRI Enviro Hazard Analysis', style='normal', variant='normal', weight=400, stretch='normal', size='scalable')) = 10.05
2025-05-02 16:37:42,605 - matplotlib.font_manager - DEBUG - findfont: score(FontEntry(fname='C:\\Windows\\Fonts\\CALIFR.TTF', name='Californian FB', style='normal', variant='normal', weight=400, stretch='normal', size='scalable')) = 10.05
2025-05-02 16:37:42,605 - matplotlib.font_manager - DEBUG - findfont: score(FontEntry(fname='C:\\Windows\\Fonts\\LetterGothicStd-BoldSlanted.otf', name='Letter Gothic Std', style='italic', variant='normal', weight=700, stretch='normal', size='scalable')) = 11.335
2025-05-02 16:37:42,605 - matplotlib.font_manager - DEBUG - findfont: score(FontEntry(fname='C:\\Windows\\Fonts\\web-PDM.ttf', name='web-PDM', style='normal', variant='normal', weight=400, stretch='normal', size='scalable')) = 10.05
2025-05-02 16:37:42,605 - matplotlib.font_manager - DEBUG - findfont: score(FontEntry(fname='C:\\Windows\\Fonts\\Roboto-BlackItalic.ttf', name='Roboto', style='italic', variant='normal', weight=900, stretch='normal', size='scalable')) = 11.525
2025-05-02 16:37:42,605 - matplotlib.font_manager - DEBUG - findfont: score(FontEntry(fname='C:\\Windows\\Fonts\\AdobeHebrew-Italic.otf', name='Adobe Hebrew', style='italic', variant='normal', weight=400, stretch='normal', size='scalable')) = 11.05
2025-05-02 16:37:42,605 - matplotlib.font_manager - DEBUG - findfont: score(FontEntry(fname='C:\\Windows\\Fonts\\NuevaStd-Cond.otf', name='Nueva Std', style='normal', variant='normal', weight=400, stretch='condensed', size='scalable')) = 10.25
2025-05-02 16:37:42,605 - matplotlib.font_manager - DEBUG - findfont: score(FontEntry(fname='C:\\Windows\\Fonts\\anfsasb.ttf', name='Avenir Next for SAS', style='normal', variant='normal', weight=700, stretch='normal', size='scalable')) = 10.335
2025-05-02 16:37:42,605 - matplotlib.font_manager - DEBUG - findfont: score(FontEntry(fname='C:\\Windows\\Fonts\\seguihis.ttf', name='Segoe UI Historic', style='normal', variant='normal', weight=400, stretch='normal', size='scalable')) = 10.05
2025-05-02 16:37:42,605 - matplotlib.font_manager - DEBUG - findfont: score(FontEntry(fname='C:\\Windows\\Fonts\\esri_406.ttf', name='ESRI Commodities', style='normal', variant='normal', weight=400, stretch='normal', size='scalable')) = 10.05
2025-05-02 16:37:42,605 - matplotlib.font_manager - DEBUG - findfont: score(FontEntry(fname='C:\\Windows\\Fonts\\BarlowCondensed-Thin.otf', name='Barlow Condensed', style='normal', variant='normal', weight=250, stretch='condensed', size='scalable')) = 10.3925
2025-05-02 16:37:42,605 - matplotlib.font_manager - DEBUG - findfont: score(FontEntry(fname='C:\\Windows\\Fonts\\KozGoPro-Regular.otf', name='Kozuka Gothic Pro', style='normal', variant='normal', weight=400, stretch='normal', size='scalable')) = 10.05
2025-05-02 16:37:42,605 - matplotlib.font_manager - DEBUG - findfont: score(FontEntry(fname='C:\\Windows\\Fonts\\ELEPHNTI.TTF', name='Elephant', style='italic', variant='normal', weight=400, stretch='normal', size='scalable')) = 11.05
2025-05-02 16:37:42,605 - matplotlib.font_manager - DEBUG - findfont: score(FontEntry(fname='C:\\Windows\\Fonts\\swmono.ttf', name='SWMono', style='normal', variant='normal', weight=400, stretch='normal', size='scalable')) = 10.05
2025-05-02 16:37:42,605 - matplotlib.font_manager - DEBUG - findfont: score(FontEntry(fname='C:\\Windows\\Fonts\\BarlowSemiCondensed-Light.otf', name='Barlow Semi Condensed', style='normal', variant='normal', weight=300, stretch='condensed', size='scalable')) = 10.344999999999999
2025-05-02 16:37:42,605 - matplotlib.font_manager - DEBUG - findfont: score(FontEntry(fname='C:\\Windows\\Fonts\\esri_131.ttf', name='ESRI SDS 1.95 2', style='normal', variant='normal', weight=400, stretch='normal', size='scalable')) = 10.05
2025-05-02 16:37:42,605 - matplotlib.font_manager - DEBUG - findfont: score(FontEntry(fname='C:\\Windows\\Fonts\\ARIALUNI.TTF', name='Arial Unicode MS', style='normal', variant='normal', weight=400, stretch='normal', size='scalable')) = 10.05
2025-05-02 16:37:42,605 - matplotlib.font_manager - DEBUG - findfont: score(FontEntry(fname='C:\\Windows\\Fonts\\seguibl.ttf', name='Segoe UI', style='normal', variant='normal', weight=900, stretch='normal', size='scalable')) = 10.525
2025-05-02 16:37:42,605 - matplotlib.font_manager - DEBUG - findfont: score(FontEntry(fname='C:\\Windows\\Fonts\\swmath.ttf', name='SWMath', style='normal', variant='normal', weight=400, stretch='normal', size='scalable')) = 10.05
2025-05-02 16:37:42,605 - matplotlib.font_manager - DEBUG - findfont: score(FontEntry(fname='C:\\Windows\\Fonts\\timesbi.ttf', name='Times New Roman', style='italic', variant='normal', weight=700, stretch='normal', size='scalable')) = 11.335
2025-05-02 16:37:42,606 - matplotlib.font_manager - DEBUG - findfont: score(FontEntry(fname='C:\\Windows\\Fonts\\FRSCRIPT.TTF', name='French Script MT', style='normal', variant='normal', weight=400, stretch='normal', size='scalable')) = 10.05
2025-05-02 16:37:42,606 - matplotlib.font_manager - DEBUG - findfont: score(FontEntry(fname='C:\\Windows\\Fonts\\ARIALN.TTF', name='Arial', style='normal', variant='normal', weight=400, stretch='condensed', size='scalable')) = 6.613636363636363
2025-05-02 16:37:42,606 - matplotlib.font_manager - DEBUG - findfont: score(FontEntry(fname='C:\\Windows\\Fonts\\BOD_CI.TTF', name='Bodoni MT', style='italic', variant='normal', weight=400, stretch='condensed', size='scalable')) = 11.25
2025-05-02 16:37:42,606 - matplotlib.font_manager - DEBUG - findfont: score(FontEntry(fname='C:\\Windows\\Fonts\\NuevaStd-Italic.otf', name='Nueva Std', style='italic', variant='normal', weight=400, stretch='normal', size='scalable')) = 11.05
2025-05-02 16:37:42,606 - matplotlib.font_manager - DEBUG - findfont: score(FontEntry(fname='C:\\Windows\\Fonts\\anfsasl.ttf', name='Avenir Next for SAS', style='normal', variant='normal', weight=300, stretch='normal', size='scalable')) = 10.145
2025-05-02 16:37:42,606 - matplotlib.font_manager - DEBUG - findfont: score(FontEntry(fname='C:\\Windows\\Fonts\\esri_48.ttf', name='ESRI US MUTCD 2', style='normal', variant='normal', weight=400, stretch='normal', size='scalable')) = 10.05
2025-05-02 16:37:42,606 - matplotlib.font_manager - DEBUG - findfont: score(FontEntry(fname='C:\\Windows\\Fonts\\corbelz.ttf', name='Corbel', style='italic', variant='normal', weight=700, stretch='normal', size='scalable')) = 11.335
2025-05-02 16:37:42,606 - matplotlib.font_manager - DEBUG - findfont: score(FontEntry(fname='C:\\Windows\\Fonts\\HARLOWSI.TTF', name='Harlow Solid Italic', style='italic', variant='normal', weight=400, stretch='normal', size='scalable')) = 11.05
2025-05-02 16:37:42,606 - matplotlib.font_manager - DEBUG - findfont: score(FontEntry(fname='C:\\Program Files\\SOLIDWORKS Corp\\SOLIDWORKS\\HoopsPublish\\resource\\Font\\AdobeArabic-BoldItalic.otf', name='Adobe Arabic', style='italic', variant='normal', weight=700, stretch='normal', size='scalable')) = 11.335
2025-05-02 16:37:42,606 - matplotlib.font_manager - DEBUG - findfont: score(FontEntry(fname='C:\\Windows\\Fonts\\himalaya.ttf', name='Microsoft Himalaya', style='normal', variant='normal', weight=400, stretch='normal', size='scalable')) = 10.05
2025-05-02 16:37:42,606 - matplotlib.font_manager - DEBUG - findfont: score(FontEntry(fname='C:\\Windows\\Fonts\\consolab.ttf', name='Consolas', style='normal', variant='normal', weight=700, stretch='normal', size='scalable')) = 10.335
2025-05-02 16:37:42,606 - matplotlib.font_manager - DEBUG - findfont: score(FontEntry(fname='C:\\Windows\\Fonts\\segoeuil.ttf', name='Segoe UI', style='normal', variant='normal', weight=300, stretch='normal', size='scalable')) = 10.145
2025-05-02 16:37:42,606 - matplotlib.font_manager - DEBUG - findfont: score(FontEntry(fname='C:\\Windows\\Fonts\\TCCB____.TTF', name='Tw Cen MT Condensed', style='normal', variant='normal', weight=700, stretch='condensed', size='scalable')) = 10.535
2025-05-02 16:37:42,606 - matplotlib.font_manager - DEBUG - findfont: score(FontEntry(fname='C:\\Windows\\Fonts\\esri_26.ttf', name='ESRI MilMod 01', style='normal', variant='normal', weight=400, stretch='normal', size='scalable')) = 10.05
2025-05-02 16:37:42,606 - matplotlib.font_manager - DEBUG - findfont: score(FontEntry(fname='C:\\Windows\\Fonts\\KozMinPr6N-Light.otf', name='Kozuka Mincho Pr6N', style='normal', variant='normal', weight=300, stretch='normal', size='scalable')) = 10.145
2025-05-02 16:37:42,606 - matplotlib.font_manager - DEBUG - findfont: score(FontEntry(fname='C:\\Windows\\Fonts\\AdobeDevanagari-Regular.otf', name='Adobe Devanagari', style='normal', variant='normal', weight=400, stretch='normal', size='scalable')) = 10.05
2025-05-02 16:37:42,606 - matplotlib.font_manager - DEBUG - findfont: score(FontEntry(fname='C:\\Program Files\\SOLIDWORKS Corp\\SOLIDWORKS\\HoopsPublish\\resource\\Font\\AdobeThai-BoldItalic.otf', name='Adobe Thai', style='italic', variant='normal', weight=600, stretch='normal', size='scalable')) = 11.24
2025-05-02 16:37:42,606 - matplotlib.font_manager - DEBUG - findfont: score(FontEntry(fname='C:\\Windows\\Fonts\\SHOWG.TTF', name='Showcard Gothic', style='normal', variant='normal', weight=400, stretch='normal', size='scalable')) = 10.05
2025-05-02 16:37:42,606 - matplotlib.font_manager - DEBUG - findfont: score(FontEntry(fname='C:\\Windows\\Fonts\\MyriadArabic-Regular.otf', name='Myriad Arabic', style='normal', variant='normal', weight=400, stretch='normal', size='scalable')) = 10.05
2025-05-02 16:37:42,606 - matplotlib.font_manager - DEBUG - findfont: score(FontEntry(fname='C:\\Windows\\Fonts\\PERTILI.TTF', name='Perpetua Titling MT', style='normal', variant='normal', weight=300, stretch='normal', size='scalable')) = 10.145
2025-05-02 16:37:42,607 - matplotlib.font_manager - DEBUG - findfont: score(FontEntry(fname='C:\\Windows\\Fonts\\esri_802.ttf', name='ESRI Enviro Hazard Sites', style='normal', variant='normal', weight=400, stretch='normal', size='scalable')) = 10.05
2025-05-02 16:37:42,607 - matplotlib.font_manager - DEBUG - findfont: score(FontEntry(fname='C:\\Windows\\Fonts\\BRLNSDB.TTF', name='Berlin Sans FB Demi', style='normal', variant='normal', weight=700, stretch='normal', size='scalable')) = 10.335
2025-05-02 16:37:42,607 - matplotlib.font_manager - DEBUG - findfont: score(FontEntry(fname='C:\\Windows\\Fonts\\AGaramondPro-Italic.otf', name='Adobe Garamond Pro', style='italic', variant='normal', weight=400, stretch='normal', size='scalable')) = 11.05
2025-05-02 16:37:42,607 - matplotlib.font_manager - DEBUG - findfont: score(FontEntry(fname='C:\\Windows\\Fonts\\VINERITC.TTF', name='Viner Hand ITC', style='normal', variant='normal', weight=400, stretch='normal', size='scalable')) = 10.05
2025-05-02 16:37:42,607 - matplotlib.font_manager - DEBUG - findfont: score(FontEntry(fname='C:\\Windows\\Fonts\\esri_837.ttf', name='ESRI ERS Operations S1', style='normal', variant='normal', weight=400, stretch='normal', size='scalable')) = 10.05
2025-05-02 16:37:42,607 - matplotlib.font_manager - DEBUG - findfont: score(FontEntry(fname='C:\\Windows\\Fonts\\SimsunExtG.ttf', name='SimSun-ExtG', style='normal', variant='normal', weight=400, stretch='normal', size='scalable')) = 10.05
2025-05-02 16:37:42,607 - matplotlib.font_manager - DEBUG - findfont: score(FontEntry(fname='C:\\Windows\\Fonts\\GOUDYSTO.TTF', name='Goudy Stout', style='normal', variant='normal', weight=400, stretch='normal', size='scalable')) = 10.05
2025-05-02 16:37:42,607 - matplotlib.font_manager - DEBUG - findfont: score(FontEntry(fname='C:\\Windows\\Fonts\\KozMinPro-Bold.otf', name='Kozuka Mincho Pro', style='normal', variant='normal', weight=700, stretch='normal', size='scalable')) = 10.335
2025-05-02 16:37:42,607 - matplotlib.font_manager - DEBUG - findfont: score(FontEntry(fname='C:\\Windows\\Fonts\\swcomp.ttf', name='SWComp', style='normal', variant='normal', weight=400, stretch='normal', size='scalable')) = 10.05
2025-05-02 16:37:42,607 - matplotlib.font_manager - DEBUG - findfont: score(FontEntry(fname='C:\\Windows\\Fonts\\taileb.ttf', name='Microsoft Tai Le', style='normal', variant='normal', weight=700, stretch='normal', size='scalable')) = 10.335
2025-05-02 16:37:42,607 - matplotlib.font_manager - DEBUG - findfont: score(FontEntry(fname='C:\\Windows\\Fonts\\TektonPro-BoldObl.otf', name='Tekton Pro', style='oblique', variant='normal', weight=700, stretch='normal', size='scalable')) = 11.335
2025-05-02 16:37:42,607 - matplotlib.font_manager - DEBUG - findfont: score(FontEntry(fname='C:\\Windows\\Fonts\\WINGDNG2.TTF', name='Wingdings 2', style='normal', variant='normal', weight=400, stretch='normal', size='scalable')) = 10.05
2025-05-02 16:37:42,607 - matplotlib.font_manager - DEBUG - findfont: score(FontEntry(fname='C:\\Windows\\Fonts\\BarlowCondensed-ExtraLight.otf', name='Barlow Condensed', style='normal', variant='normal', weight=275, stretch='condensed', size='scalable')) = 10.368749999999999
2025-05-02 16:37:42,607 - matplotlib.font_manager - DEBUG - findfont: score(FontEntry(fname='C:\\Windows\\Fonts\\esri_400.ttf', name='ESRI Geology USGS 95-525', style='normal', variant='normal', weight=400, stretch='normal', size='scalable')) = 10.05
2025-05-02 16:37:42,607 - matplotlib.font_manager - DEBUG - findfont: score(FontEntry(fname='C:\\Windows\\Fonts\\esri_224.ttf', name='ESRI IGL Font24', style='normal', variant='normal', weight=400, stretch='normal', size='scalable')) = 10.05
2025-05-02 16:37:42,607 - matplotlib.font_manager - DEBUG - findfont: score(FontEntry(fname='C:\\Windows\\Fonts\\swisop2.ttf', name='SWIsop2', style='normal', variant='normal', weight=400, stretch='normal', size='scalable')) = 10.05
2025-05-02 16:37:42,607 - matplotlib.font_manager - DEBUG - findfont: score(FontEntry(fname='C:\\Windows\\Fonts\\CENSCBK.TTF', name='Century Schoolbook', style='normal', variant='normal', weight=400, stretch='normal', size='scalable')) = 10.05
2025-05-02 16:37:42,607 - matplotlib.font_manager - DEBUG - findfont: score(FontEntry(fname='C:\\Windows\\Fonts\\tahoma.ttf', name='Tahoma', style='normal', variant='normal', weight=400, stretch='normal', size='scalable')) = 10.05
2025-05-02 16:37:42,607 - matplotlib.font_manager - DEBUG - findfont: score(FontEntry(fname='C:\\Windows\\Fonts\\GILBI___.TTF', name='Gill Sans MT', style='italic', variant='normal', weight=700, stretch='normal', size='scalable')) = 11.335
2025-05-02 16:37:42,607 - matplotlib.font_manager - DEBUG - findfont: score(FontEntry(fname='C:\\Windows\\Fonts\\POORICH.TTF', name='Poor Richard', style='normal', variant='normal', weight=400, stretch='normal', size='scalable')) = 10.05
2025-05-02 16:37:42,607 - matplotlib.font_manager - DEBUG - findfont: score(FontEntry(fname='C:\\Windows\\Fonts\\Barlow-SemiBold.otf', name='Barlow', style='normal', variant='normal', weight=600, stretch='normal', size='scalable')) = 10.24
2025-05-02 16:37:42,608 - matplotlib.font_manager - DEBUG - findfont: score(FontEntry(fname='C:\\Windows\\Fonts\\CascadiaMono.ttf', name='Cascadia Mono', style='normal', variant='normal', weight=400, stretch='normal', size='scalable')) = 10.05
2025-05-02 16:37:42,608 - matplotlib.font_manager - DEBUG - findfont: score(FontEntry(fname='C:\\Windows\\Fonts\\nsscb.ttf', name='Noto Sans SC', style='normal', variant='normal', weight=700, stretch='normal', size='scalable')) = 10.335
2025-05-02 16:37:42,608 - matplotlib.font_manager - DEBUG - findfont: score(FontEntry(fname='C:\\Windows\\Fonts\\segoescb.ttf', name='Segoe Script', style='normal', variant='normal', weight=700, stretch='normal', size='scalable')) = 10.335
2025-05-02 16:37:42,608 - matplotlib.font_manager - DEBUG - findfont: score(FontEntry(fname='C:\\Windows\\Fonts\\mingliub.ttc', name='MingLiU-ExtB', style='normal', variant='normal', weight=400, stretch='normal', size='scalable')) = 10.05
2025-05-02 16:37:42,608 - matplotlib.font_manager - DEBUG - findfont: score(FontEntry(fname='C:\\Program Files\\SOLIDWORKS Corp\\SOLIDWORKS\\HoopsPublish\\resource\\Font\\AdobeGothicStd-Bold.otf', name='Adobe Gothic Std', style='normal', variant='normal', weight=700, stretch='normal', size='scalable')) = 10.335
2025-05-02 16:37:42,608 - matplotlib.font_manager - DEBUG - findfont: score(FontEntry(fname='C:\\Windows\\Fonts\\cambriaz.ttf', name='Cambria', style='italic', variant='normal', weight=700, stretch='normal', size='scalable')) = 11.335
2025-05-02 16:37:42,608 - matplotlib.font_manager - DEBUG - findfont: score(FontEntry(fname='C:\\Windows\\Fonts\\nskrl.ttf', name='Noto Sans KR', style='normal', variant='normal', weight=300, stretch='normal', size='scalable')) = 10.145
2025-05-02 16:37:42,608 - matplotlib.font_manager - DEBUG - findfont: score(FontEntry(fname='C:\\Program Files\\SOLIDWORKS Corp\\SOLIDWORKS\\HoopsPublish\\resource\\Font\\AdobeFanHeitiStd-Bold.otf', name='Adobe Fan Heiti Std', style='normal', variant='normal', weight=600, stretch='normal', size='scalable')) = 10.24
2025-05-02 16:37:42,608 - matplotlib.font_manager - DEBUG - findfont: score(FontEntry(fname='C:\\Windows\\Fonts\\LithosPro-Regular.otf', name='Lithos Pro', style='normal', variant='normal', weight=400, stretch='normal', size='scalable')) = 10.05
2025-05-02 16:37:42,608 - matplotlib.font_manager - DEBUG - findfont: score(FontEntry(fname='C:\\Windows\\Fonts\\Nirmala.ttf', name='Nirmala UI', style='normal', variant='normal', weight=400, stretch='normal', size='scalable')) = 10.05
2025-05-02 16:37:42,608 - matplotlib.font_manager - DEBUG - findfont: score(FontEntry(fname='C:\\Windows\\Fonts\\nstcr.ttf', name='Noto Sans TC', style='normal', variant='normal', weight=400, stretch='normal', size='scalable')) = 10.05
2025-05-02 16:37:42,608 - matplotlib.font_manager - DEBUG - findfont: score(FontEntry(fname='C:\\Windows\\Fonts\\DUBAI-REGULAR.TTF', name='Dubai', style='normal', variant='normal', weight=400, stretch='normal', size='scalable')) = 10.05
2025-05-02 16:37:42,608 - matplotlib.font_manager - DEBUG - findfont: score(FontEntry(fname='C:\\Windows\\Fonts\\cour.ttf', name='Courier New', style='normal', variant='normal', weight=400, stretch='normal', size='scalable')) = 10.05
2025-05-02 16:37:42,608 - matplotlib.font_manager - DEBUG - findfont: score(FontEntry(fname='C:\\Windows\\Fonts\\FRADMCN.TTF', name='Franklin Gothic Demi Cond', style='normal', variant='normal', weight=400, stretch='condensed', size='scalable')) = 10.25
2025-05-02 16:37:42,608 - matplotlib.font_manager - DEBUG - findfont: score(FontEntry(fname='C:\\Windows\\Fonts\\Code39AzaleaWide1.ttf', name='Code39AzaleaWide1', style='normal', variant='normal', weight=400, stretch='expanded', size='scalable')) = 10.25
2025-05-02 16:37:42,608 - matplotlib.font_manager - DEBUG - findfont: score(FontEntry(fname='C:\\Windows\\Fonts\\MAIAN.TTF', name='Maiandra GD', style='normal', variant='normal', weight=400, stretch='normal', size='scalable')) = 10.05
2025-05-02 16:37:42,608 - matplotlib.font_manager - DEBUG - findfont: score(FontEntry(fname='C:\\Windows\\Fonts\\esri_221.ttf', name='ESRI IGL Font21', style='normal', variant='normal', weight=400, stretch='normal', size='scalable')) = 10.05
2025-05-02 16:37:42,608 - matplotlib.font_manager - DEBUG - findfont: score(FontEntry(fname='C:\\Windows\\Fonts\\NuevaStd-Bold.otf', name='Nueva Std', style='normal', variant='normal', weight=700, stretch='normal', size='scalable')) = 10.335
2025-05-02 16:37:42,609 - matplotlib.font_manager - DEBUG - findfont: score(FontEntry(fname='C:\\Windows\\Fonts\\BarlowSemiCondensed-ExtraBold.otf', name='Barlow Semi Condensed', style='normal', variant='normal', weight=800, stretch='condensed', size='scalable')) = 10.629999999999999
2025-05-02 16:37:42,609 - matplotlib.font_manager - DEBUG - findfont: score(FontEntry(fname='C:\\Windows\\Fonts\\ENGR.TTF', name='Engravers MT', style='normal', variant='normal', weight=500, stretch='normal', size='scalable')) = 10.145
2025-05-02 16:37:42,609 - matplotlib.font_manager - DEBUG - findfont: score(FontEntry(fname='C:\\Windows\\Fonts\\CALIST.TTF', name='Calisto MT', style='normal', variant='normal', weight=400, stretch='normal', size='scalable')) = 10.05
2025-05-02 16:37:42,609 - matplotlib.font_manager - DEBUG - findfont: score(FontEntry(fname='C:\\Windows\\Fonts\\msjh.ttc', name='Microsoft JhengHei', style='normal', variant='normal', weight=400, stretch='normal', size='scalable')) = 10.05
2025-05-02 16:37:42,609 - matplotlib.font_manager - DEBUG - findfont: score(FontEntry(fname='C:\\Windows\\Fonts\\BOOKOSBI.TTF', name='Bookman Old Style', style='italic', variant='normal', weight=600, stretch='normal', size='scalable')) = 11.24
2025-05-02 16:37:42,609 - matplotlib.font_manager - DEBUG - findfont: score(FontEntry(fname='C:\\Windows\\Fonts\\ANTQUAB.TTF', name='Book Antiqua', style='normal', variant='normal', weight=700, stretch='normal', size='scalable')) = 10.335
2025-05-02 16:37:42,609 - matplotlib.font_manager - DEBUG - findfont: score(FontEntry(fname='C:\\Windows\\Fonts\\seguiemj.ttf', name='Segoe UI Emoji', style='normal', variant='normal', weight=400, stretch='normal', size='scalable')) = 10.05
2025-05-02 16:37:42,609 - matplotlib.font_manager - DEBUG - findfont: score(FontEntry(fname='C:\\Windows\\Fonts\\comici.ttf', name='Comic Sans MS', style='italic', variant='normal', weight=400, stretch='normal', size='scalable')) = 11.05
2025-05-02 16:37:42,609 - matplotlib.font_manager - DEBUG - findfont: score(FontEntry(fname='C:\\Windows\\Fonts\\MyriadPro-Semibold.otf', name='Myriad Pro', style='normal', variant='normal', weight=600, stretch='normal', size='scalable')) = 10.24
2025-05-02 16:37:42,609 - matplotlib.font_manager - DEBUG - findfont: score(FontEntry(fname='C:\\Windows\\Fonts\\nsjpr.ttf', name='Noto Sans JP', style='normal', variant='normal', weight=400, stretch='normal', size='scalable')) = 10.05
2025-05-02 16:37:42,609 - matplotlib.font_manager - DEBUG - findfont: score(FontEntry(fname='C:\\Windows\\Fonts\\seguisbi.ttf', name='Segoe UI', style='italic', variant='normal', weight=600, stretch='normal', size='scalable')) = 11.24
2025-05-02 16:37:42,609 - matplotlib.font_manager - DEBUG - findfont: score(FontEntry(fname='C:\\Windows\\Fonts\\segoesc.ttf', name='Segoe Script', style='normal', variant='normal', weight=400, stretch='normal', size='scalable')) = 10.05
2025-05-02 16:37:42,609 - matplotlib.font_manager - DEBUG - findfont: score(FontEntry(fname='C:\\Windows\\Fonts\\ChaparralPro-BoldIt.otf', name='Chaparral Pro', style='italic', variant='normal', weight=700, stretch='normal', size='scalable')) = 11.335
2025-05-02 16:37:42,609 - matplotlib.font_manager - DEBUG - findfont: score(FontEntry(fname='C:\\Windows\\Fonts\\TektonPro-BoldCond.otf', name='Tekton Pro', style='normal', variant='normal', weight=700, stretch='condensed', size='scalable')) = 10.535
2025-05-02 16:37:42,609 - matplotlib.font_manager - DEBUG - findfont: score(FontEntry(fname='C:\\Windows\\Fonts\\ariali.ttf', name='Arial', style='italic', variant='normal', weight=400, stretch='normal', size='scalable')) = 7.413636363636363
2025-05-02 16:37:42,609 - matplotlib.font_manager - DEBUG - findfont: score(FontEntry(fname='C:\\Windows\\Fonts\\ERASMD.TTF', name='Eras Medium ITC', style='normal', variant='normal', weight=400, stretch='normal', size='scalable')) = 10.05
2025-05-02 16:37:42,609 - matplotlib.font_manager - DEBUG - findfont: score(FontEntry(fname='C:\\Windows\\Fonts\\calibrili.ttf', name='Calibri', style='italic', variant='normal', weight=300, stretch='normal', size='scalable')) = 11.145
2025-05-02 16:37:42,609 - matplotlib.font_manager - DEBUG - findfont: score(FontEntry(fname='C:\\Windows\\Fonts\\REFSAN.TTF', name='MS Reference Sans Serif', style='normal', variant='normal', weight=400, stretch='normal', size='scalable')) = 10.05
2025-05-02 16:37:42,609 - matplotlib.font_manager - DEBUG - findfont: score(FontEntry(fname='C:\\Windows\\Fonts\\esri_2.ttf', name='ESRI Environmental & Icons', style='normal', variant='normal', weight=400, stretch='normal', size='scalable')) = 10.05
2025-05-02 16:37:42,609 - matplotlib.font_manager - DEBUG - findfont: score(FontEntry(fname='C:\\Windows\\Fonts\\simsun.ttc', name='SimSun', style='normal', variant='normal', weight=400, stretch='normal', size='scalable')) = 10.05
2025-05-02 16:37:42,609 - matplotlib.font_manager - DEBUG - findfont: score(FontEntry(fname='C:\\Windows\\Fonts\\myinghei.ttf', name='MYingHei_18030_C-Medium', style='normal', variant='normal', weight=400, stretch='normal', size='scalable')) = 10.05
2025-05-02 16:37:42,610 - matplotlib.font_manager - DEBUG - findfont: score(FontEntry(fname='C:\\Windows\\Fonts\\wingding.ttf', name='Wingdings', style='normal', variant='normal', weight=400, stretch='normal', size='scalable')) = 10.05
2025-05-02 16:37:42,610 - matplotlib.font_manager - DEBUG - findfont: score(FontEntry(fname='C:\\Windows\\Fonts\\LEELAWDB.TTF', name='Leelawadee', style='normal', variant='normal', weight=700, stretch='normal', size='scalable')) = 10.335
2025-05-02 16:37:42,610 - matplotlib.font_manager - DEBUG - findfont: score(FontEntry(fname='C:\\Windows\\Fonts\\swromnc.ttf', name='SWRomnc', style='normal', variant='normal', weight=400, stretch='normal', size='scalable')) = 10.05
2025-05-02 16:37:42,610 - matplotlib.font_manager - DEBUG - findfont: score(FontEntry(fname='C:\\Windows\\Fonts\\YuGothL.ttc', name='Yu Gothic', style='normal', variant='normal', weight=300, stretch='normal', size='scalable')) = 10.145
2025-05-02 16:37:42,610 - matplotlib.font_manager - DEBUG - findfont: score(FontEntry(fname='C:\\Windows\\Fonts\\saswcui.ttf', name='Cumberland AMT', style='italic', variant='normal', weight=400, stretch='normal', size='scalable')) = 11.05
2025-05-02 16:37:42,610 - matplotlib.font_manager - DEBUG - findfont: score(FontEntry(fname='C:\\Windows\\Fonts\\consola.ttf', name='Consolas', style='normal', variant='normal', weight=400, stretch='normal', size='scalable')) = 10.05
2025-05-02 16:37:42,610 - matplotlib.font_manager - DEBUG - findfont: score(FontEntry(fname='C:\\Windows\\Fonts\\PrestigeEliteStd-Bd.otf', name='Prestige Elite Std', style='normal', variant='normal', weight=700, stretch='normal', size='scalable')) = 10.335
2025-05-02 16:37:42,610 - matplotlib.font_manager - DEBUG - findfont: score(FontEntry(fname='C:\\Windows\\Fonts\\saswali.ttf', name='Albany AMT', style='italic', variant='normal', weight=400, stretch='normal', size='scalable')) = 11.05
2025-05-02 16:37:42,610 - matplotlib.font_manager - DEBUG - findfont: score(FontEntry(fname='C:\\Windows\\Fonts\\esri_223.ttf', name='ESRI IGL Font23', style='normal', variant='normal', weight=400, stretch='normal', size='scalable')) = 10.05
2025-05-02 16:37:42,610 - matplotlib.font_manager - DEBUG - findfont: score(FontEntry(fname='C:\\Windows\\Fonts\\corbell.ttf', name='Corbel', style='normal', variant='normal', weight=300, stretch='normal', size='scalable')) = 10.145
2025-05-02 16:37:42,610 - matplotlib.font_manager - DEBUG - findfont: score(FontEntry(fname='C:\\Windows\\Fonts\\nsscl.ttf', name='Noto Sans SC', style='normal', variant='normal', weight=300, stretch='normal', size='scalable')) = 10.145
2025-05-02 16:37:42,610 - matplotlib.font_manager - DEBUG - findfont: score(FontEntry(fname='C:\\Windows\\Fonts\\LeelaUIb.ttf', name='Leelawadee UI', style='normal', variant='normal', weight=700, stretch='normal', size='scalable')) = 10.335
2025-05-02 16:37:42,610 - matplotlib.font_manager - DEBUG - findfont: score(FontEntry(fname='C:\\Windows\\Fonts\\KUNSTLER.TTF', name='Kunstler Script', style='normal', variant='normal', weight=400, stretch='normal', size='scalable')) = 10.05
2025-05-02 16:37:42,610 - matplotlib.font_manager - DEBUG - findfont: score(FontEntry(fname='C:\\Windows\\Fonts\\ROCKB.TTF', name='Rockwell', style='normal', variant='normal', weight=700, stretch='normal', size='scalable')) = 10.335
2025-05-02 16:37:42,610 - matplotlib.font_manager - DEBUG - findfont: score(FontEntry(fname='C:\\Windows\\Fonts\\JUICE___.TTF', name='Juice ITC', style='normal', variant='normal', weight=400, stretch='normal', size='scalable')) = 10.05
2025-05-02 16:37:42,610 - matplotlib.font_manager - DEBUG - findfont: score(FontEntry(fname='C:\\Windows\\Fonts\\saswcur.ttf', name='Cumberland AMT', style='normal', variant='normal', weight=400, stretch='normal', size='scalable')) = 10.05
2025-05-02 16:37:42,610 - matplotlib.font_manager - DEBUG - findfont: score(FontEntry(fname='C:\\Windows\\Fonts\\GIGI.TTF', name='Gigi', style='normal', variant='normal', weight=400, stretch='normal', size='scalable')) = 10.05
2025-05-02 16:37:42,610 - matplotlib.font_manager - DEBUG - findfont: score(FontEntry(fname='C:\\Windows\\Fonts\\MTCORSVA.TTF', name='Monotype Corsiva', style='normal', variant='normal', weight=400, stretch='normal', size='scalable')) = 10.05
2025-05-02 16:37:42,610 - matplotlib.font_manager - DEBUG - findfont: score(FontEntry(fname='C:\\Windows\\Fonts\\BarlowCondensed-Medium.otf', name='Barlow Condensed', style='normal', variant='normal', weight=500, stretch='condensed', size='scalable')) = 10.344999999999999
2025-05-02 16:37:42,610 - matplotlib.font_manager - DEBUG - findfont: score(FontEntry(fname='C:\\Windows\\Fonts\\l_10646.ttf', name='Lucida Sans Unicode', style='normal', variant='normal', weight=400, stretch='normal', size='scalable')) = 10.05
2025-05-02 16:37:42,611 - matplotlib.font_manager - DEBUG - findfont: score(FontEntry(fname='C:\\Windows\\Fonts\\palabi.ttf', name='Palatino Linotype', style='italic', variant='normal', weight=700, stretch='normal', size='scalable')) = 11.335
2025-05-02 16:37:42,611 - matplotlib.font_manager - DEBUG - findfont: score(FontEntry(fname='C:\\Windows\\Fonts\\NotoSansTC-VF.ttf', name='Noto Sans TC', style='normal', variant='normal', weight=100, stretch='normal', size='scalable')) = 10.335
2025-05-02 16:37:42,611 - matplotlib.font_manager - DEBUG - findfont: score(FontEntry(fname='C:\\Windows\\Fonts\\ACaslonPro-SemiboldItalic.otf', name='Adobe Caslon Pro', style='italic', variant='normal', weight=600, stretch='normal', size='scalable')) = 11.24
2025-05-02 16:37:42,611 - matplotlib.font_manager - DEBUG - findfont: score(FontEntry(fname='C:\\Windows\\Fonts\\AdobeFanHeitiStd-Bold.otf', name='Adobe Fan Heiti Std', style='normal', variant='normal', weight=600, stretch='normal', size='scalable')) = 10.24
2025-05-02 16:37:42,611 - matplotlib.font_manager - DEBUG - findfont: score(FontEntry(fname='C:\\Windows\\Fonts\\esri_500.ttf', name='ESRI Geology AGSO 1', style='normal', variant='normal', weight=400, stretch='normal', size='scalable')) = 10.05
2025-05-02 16:37:42,611 - matplotlib.font_manager - DEBUG - findfont: score(FontEntry(fname='C:\\Windows\\Fonts\\esri_44.ttf', name='ESRI Shields', style='normal', variant='normal', weight=400, stretch='normal', size='scalable')) = 10.05
2025-05-02 16:37:42,611 - matplotlib.font_manager - DEBUG - findfont: score(FontEntry(fname='C:\\Windows\\Fonts\\SCRIPTBL.TTF', name='Script MT Bold', style='normal', variant='normal', weight=700, stretch='normal', size='scalable')) = 10.335
2025-05-02 16:37:42,611 - matplotlib.font_manager - DEBUG - findfont: score(FontEntry(fname='C:\\Windows\\Fonts\\esri_159.ttf', name='ESRI Hydrants', style='normal', variant='normal', weight=400, stretch='normal', size='scalable')) = 10.05
2025-05-02 16:37:42,611 - matplotlib.font_manager - DEBUG - findfont: score(FontEntry(fname='C:\\Windows\\Fonts\\Code39AzaleaNarrow2.ttf', name='Code39AzaleaNarrow2', style='normal', variant='normal', weight=400, stretch='condensed', size='scalable')) = 10.25
2025-05-02 16:37:42,611 - matplotlib.font_manager - DEBUG - findfont: score(FontEntry(fname='C:\\Windows\\Fonts\\BROADW.TTF', name='Broadway', style='normal', variant='normal', weight=400, stretch='normal', size='scalable')) = 10.05
2025-05-02 16:37:42,611 - matplotlib.font_manager - DEBUG - findfont: score(FontEntry(fname='C:\\Windows\\Fonts\\framdit.ttf', name='Franklin Gothic Medium', style='italic', variant='normal', weight=400, stretch='normal', size='scalable')) = 11.05
2025-05-02 16:37:42,611 - matplotlib.font_manager - DEBUG - findfont: score(FontEntry(fname='C:\\Windows\\Fonts\\esri_800.ttf', name='ESRI Enviro Hazard Incident', style='normal', variant='normal', weight=400, stretch='normal', size='scalable')) = 10.05
2025-05-02 16:37:42,611 - matplotlib.font_manager - DEBUG - findfont: score(FontEntry(fname='C:\\Windows\\Fonts\\MyriadArabic-Bold.otf', name='Myriad Arabic', style='normal', variant='normal', weight=700, stretch='normal', size='scalable')) = 10.335
2025-05-02 16:37:42,611 - matplotlib.font_manager - DEBUG - findfont: score(FontEntry(fname='C:\\Windows\\Fonts\\INFROMAN.TTF', name='Informal Roman', style='normal', variant='normal', weight=400, stretch='normal', size='scalable')) = 10.05
2025-05-02 16:37:42,611 - matplotlib.font_manager - DEBUG - findfont: score(FontEntry(fname='C:\\Windows\\Fonts\\esri_29.ttf', name='ESRI Public1', style='normal', variant='normal', weight=400, stretch='normal', size='scalable')) = 10.05
2025-05-02 16:37:42,611 - matplotlib.font_manager - DEBUG - findfont: score(FontEntry(fname='C:\\Windows\\Fonts\\esri_651.ttf', name='ESRI US Forestry 1', style='normal', variant='normal', weight=400, stretch='normal', size='scalable')) = 10.05
2025-05-02 16:37:42,611 - matplotlib.font_manager - DEBUG - findfont: score(FontEntry(fname='C:\\Windows\\Fonts\\esri_7.ttf', name='ESRI Geology', style='normal', variant='normal', weight=400, stretch='normal', size='scalable')) = 10.05
2025-05-02 16:37:42,611 - matplotlib.font_manager - DEBUG - findfont: score(FontEntry(fname='C:\\Windows\\Fonts\\AdobeMyungjoStd-Medium.otf', name='Adobe Myungjo Std', style='normal', variant='normal', weight=500, stretch='normal', size='scalable')) = 10.145
2025-05-02 16:37:42,611 - matplotlib.font_manager - DEBUG - findfont: score(FontEntry(fname='C:\\Windows\\Fonts\\MyriadPro-Cond.otf', name='Myriad Pro', style='normal', variant='normal', weight=400, stretch='condensed', size='scalable')) = 10.25
2025-05-02 16:37:42,611 - matplotlib.font_manager - DEBUG - findfont: score(FontEntry(fname='C:\\Windows\\Fonts\\AdobeArabic-Italic.otf', name='Adobe Arabic', style='italic', variant='normal', weight=400, stretch='normal', size='scalable')) = 11.05
2025-05-02 16:37:42,611 - matplotlib.font_manager - DEBUG - findfont: score(FontEntry(fname='C:\\Windows\\Fonts\\CooperBlackStd.otf', name='Cooper Std', style='normal', variant='normal', weight=900, stretch='normal', size='scalable')) = 10.525
2025-05-02 16:37:42,612 - matplotlib.font_manager - DEBUG - findfont: score(FontEntry(fname='C:\\Windows\\Fonts\\couri.ttf', name='Courier New', style='italic', variant='normal', weight=400, stretch='normal', size='scalable')) = 11.05
2025-05-02 16:37:42,612 - matplotlib.font_manager - DEBUG - findfont: score(FontEntry(fname='C:\\Windows\\Fonts\\NotoSansSC-VF.ttf', name='Noto Sans SC', style='normal', variant='normal', weight=100, stretch='normal', size='scalable')) = 10.335
2025-05-02 16:37:42,612 - matplotlib.font_manager - DEBUG - findfont: score(FontEntry(fname='C:\\Windows\\Fonts\\msjhl.ttc', name='Microsoft JhengHei', style='normal', variant='normal', weight=290, stretch='normal', size='scalable')) = 10.1545
2025-05-02 16:37:42,612 - matplotlib.font_manager - DEBUG - findfont: score(FontEntry(fname='C:\\Windows\\Fonts\\Roboto-BoldItalic.ttf', name='Roboto', style='italic', variant='normal', weight=700, stretch='normal', size='scalable')) = 11.335
2025-05-02 16:37:42,612 - matplotlib.font_manager - DEBUG - findfont: score(FontEntry(fname='C:\\Windows\\Fonts\\webdings.ttf', name='Webdings', style='normal', variant='normal', weight=400, stretch='normal', size='scalable')) = 10.05
2025-05-02 16:37:42,612 - matplotlib.font_manager - DEBUG - findfont: score(FontEntry(fname='C:\\Windows\\Fonts\\bahnschrift.ttf', name='Bahnschrift', style='normal', variant='normal', weight=400, stretch='normal', size='scalable')) = 10.05
2025-05-02 16:37:42,612 - matplotlib.font_manager - DEBUG - findfont: score(FontEntry(fname='C:\\Windows\\Fonts\\ACaslonPro-BoldItalic.otf', name='Adobe Caslon Pro', style='italic', variant='normal', weight=700, stretch='normal', size='scalable')) = 11.335
2025-05-02 16:37:42,612 - matplotlib.font_manager - DEBUG - findfont: score(FontEntry(fname='C:\\Windows\\Fonts\\BRUSHSCI.TTF', name='Brush Script MT', style='italic', variant='normal', weight=400, stretch='normal', size='scalable')) = 11.05
2025-05-02 16:37:42,612 - matplotlib.font_manager - DEBUG - findfont: score(FontEntry(fname='C:\\Windows\\Fonts\\MyriadPro-BoldIt.otf', name='Myriad Pro', style='italic', variant='normal', weight=700, stretch='normal', size='scalable')) = 11.335
2025-05-02 16:37:42,612 - matplotlib.font_manager - DEBUG - findfont: score(FontEntry(fname='C:\\Windows\\Fonts\\PERB____.TTF', name='Perpetua', style='normal', variant='normal', weight=700, stretch='normal', size='scalable')) = 10.335
2025-05-02 16:37:42,612 - matplotlib.font_manager - DEBUG - findfont: score(FontEntry(fname='C:\\Windows\\Fonts\\BarlowSemiCondensed-Black.otf', name='Barlow Semi Condensed', style='normal', variant='normal', weight=900, stretch='condensed', size='scalable')) = 10.725
2025-05-02 16:37:42,612 - matplotlib.font_manager - DEBUG - findfont: score(FontEntry(fname='C:\\Windows\\Fonts\\segmdl2.ttf', name='Segoe MDL2 Assets', style='normal', variant='normal', weight=400, stretch='normal', size='scalable')) = 10.05
2025-05-02 16:37:42,612 - matplotlib.font_manager - DEBUG - findfont: score(FontEntry(fname='C:\\Windows\\Fonts\\trebucbi.ttf', name='Trebuchet MS', style='italic', variant='normal', weight=700, stretch='normal', size='scalable')) = 11.335
2025-05-02 16:37:42,612 - matplotlib.font_manager - DEBUG - findfont: score(FontEntry(fname='C:\\Windows\\Fonts\\swgrekc.ttf', name='SWGrekc', style='normal', variant='normal', weight=400, stretch='normal', size='scalable')) = 10.05
2025-05-02 16:37:42,612 - matplotlib.font_manager - DEBUG - findfont: score(FontEntry(fname='C:\\Program Files\\SOLIDWORKS Corp\\SOLIDWORKS\\HoopsPublish\\resource\\Font\\AdobeHebrew-Bold.otf', name='Adobe Hebrew', style='normal', variant='normal', weight=600, stretch='normal', size='scalable')) = 10.24
2025-05-02 16:37:42,612 - matplotlib.font_manager - DEBUG - findfont: score(FontEntry(fname='C:\\Windows\\Fonts\\ROCKI.TTF', name='Rockwell', style='italic', variant='normal', weight=400, stretch='normal', size='scalable')) = 11.05
2025-05-02 16:37:42,612 - matplotlib.font_manager - DEBUG - findfont: score(FontEntry(fname='C:\\Windows\\Fonts\\MyriadArabic-BoldIt.otf', name='Myriad Arabic', style='italic', variant='normal', weight=700, stretch='normal', size='scalable')) = 11.335
2025-05-02 16:37:42,612 - matplotlib.font_manager - DEBUG - findfont: score(FontEntry(fname='C:\\Windows\\Fonts\\esri_144.ttf', name='ESRI Arrowhead', style='normal', variant='normal', weight=400, stretch='normal', size='scalable')) = 10.05
2025-05-02 16:37:42,612 - matplotlib.font_manager - DEBUG - findfont: score(FontEntry(fname='C:\\Windows\\Fonts\\MinionPro-BoldCn.otf', name='Minion Pro', style='normal', variant='normal', weight=700, stretch='condensed', size='scalable')) = 10.535
2025-05-02 16:37:42,612 - matplotlib.font_manager - DEBUG - findfont: score(FontEntry(fname='C:\\Windows\\Fonts\\palab.ttf', name='Palatino Linotype', style='normal', variant='normal', weight=700, stretch='normal', size='scalable')) = 10.335
2025-05-02 16:37:42,613 - matplotlib.font_manager - DEBUG - findfont: score(FontEntry(fname='C:\\Windows\\Fonts\\arial.ttf', name='Arial', style='normal', variant='normal', weight=400, stretch='normal', size='scalable')) = 6.413636363636363
2025-05-02 16:37:42,613 - matplotlib.font_manager - DEBUG - findfont: score(FontEntry(fname='C:\\Windows\\Fonts\\BOD_BI.TTF', name='Bodoni MT', style='italic', variant='normal', weight=700, stretch='normal', size='scalable')) = 11.335
2025-05-02 16:37:42,613 - matplotlib.font_manager - DEBUG - findfont: score(FontEntry(fname='C:\\Windows\\Fonts\\Arimo-Bold.ttf', name='Arimo', style='normal', variant='normal', weight=700, stretch='normal', size='scalable')) = 10.335
2025-05-02 16:37:42,613 - matplotlib.font_manager - DEBUG - findfont: score(FontEntry(fname='C:\\Windows\\Fonts\\Code39AzaleaRegular3.ttf', name='Code39AzaleaRegular3', style='normal', variant='normal', weight=400, stretch='normal', size='scalable')) = 10.05
2025-05-02 16:37:42,613 - matplotlib.font_manager - DEBUG - findfont: score(FontEntry(fname='C:\\Windows\\Fonts\\MSUIGHUB.TTF', name='Microsoft Uighur', style='normal', variant='normal', weight=700, stretch='normal', size='scalable')) = 10.335
2025-05-02 16:37:42,613 - matplotlib.font_manager - DEBUG - findfont: score(FontEntry(fname='C:\\Windows\\Fonts\\LSANSD.TTF', name='Lucida Sans', style='normal', variant='normal', weight=600, stretch='normal', size='scalable')) = 10.24
2025-05-02 16:37:42,613 - matplotlib.font_manager - DEBUG - findfont: score(FontEntry(fname='C:\\Program Files\\SOLIDWORKS Corp\\SOLIDWORKS\\HoopsPublish\\resource\\Font\\AdobeThai-Regular.otf', name='Adobe Thai', style='normal', variant='normal', weight=400, stretch='normal', size='scalable')) = 10.05
2025-05-02 16:37:42,613 - matplotlib.font_manager - DEBUG - findfont: score(FontEntry(fname='C:\\Windows\\Fonts\\SCHLBKB.TTF', name='Century Schoolbook', style='normal', variant='normal', weight=700, stretch='normal', size='scalable')) = 10.335
2025-05-02 16:37:42,613 - matplotlib.font_manager - DEBUG - findfont: score(FontEntry(fname='C:\\Windows\\Fonts\\BRLNSR.TTF', name='Berlin Sans FB', style='normal', variant='normal', weight=400, stretch='normal', size='scalable')) = 10.05
2025-05-02 16:37:42,613 - matplotlib.font_manager - DEBUG - findfont: score(FontEntry(fname='C:\\Windows\\Fonts\\ACaslonPro-Regular.otf', name='Adobe Caslon Pro', style='normal', variant='normal', weight=400, stretch='normal', size='scalable')) = 10.05
2025-05-02 16:37:42,613 - matplotlib.font_manager - DEBUG - findfont: score(FontEntry(fname='C:\\Windows\\Fonts\\consolai.ttf', name='Consolas', style='italic', variant='normal', weight=400, stretch='normal', size='scalable')) = 11.05
2025-05-02 16:37:42,613 - matplotlib.font_manager - DEBUG - findfont: score(FontEntry(fname='C:\\Windows\\Fonts\\micross.ttf', name='Microsoft Sans Serif', style='normal', variant='normal', weight=400, stretch='normal', size='scalable')) = 10.05
2025-05-02 16:37:42,613 - matplotlib.font_manager - DEBUG - findfont: score(FontEntry(fname='C:\\Windows\\Fonts\\esri_25.ttf', name='ESRI MilSym 05', style='normal', variant='normal', weight=400, stretch='normal', size='scalable')) = 10.05
2025-05-02 16:37:42,613 - matplotlib.font_manager - DEBUG - findfont: score(FontEntry(fname='C:\\Windows\\Fonts\\TEMPSITC.TTF', name='Tempus Sans ITC', style='normal', variant='normal', weight=400, stretch='normal', size='scalable')) = 10.05
2025-05-02 16:37:42,613 - matplotlib.font_manager - DEBUG - findfont: score(FontEntry(fname='C:\\Program Files\\SOLIDWORKS Corp\\SOLIDWORKS\\HoopsPublish\\resource\\Font\\AdobeThai-Bold.otf', name='Adobe Thai', style='normal', variant='normal', weight=600, stretch='normal', size='scalable')) = 10.24
2025-05-02 16:37:42,613 - matplotlib.font_manager - DEBUG - findfont: score(FontEntry(fname='C:\\Windows\\Fonts\\FELIXTI.TTF', name='Felix Titling', style='normal', variant='normal', weight=400, stretch='normal', size='scalable')) = 10.05
2025-05-02 16:37:42,613 - matplotlib.font_manager - DEBUG - findfont: score(FontEntry(fname='C:\\Windows\\Fonts\\gadugi.ttf', name='Gadugi', style='normal', variant='normal', weight=400, stretch='normal', size='scalable')) = 10.05
2025-05-02 16:37:42,613 - matplotlib.font_manager - DEBUG - findfont: score(FontEntry(fname='C:\\Windows\\Fonts\\BlackoakStd.otf', name='Blackoak Std', style='normal', variant='normal', weight=900, stretch='normal', size='scalable')) = 10.525
2025-05-02 16:37:42,613 - matplotlib.font_manager - DEBUG - findfont: score(FontEntry(fname='C:\\Windows\\Fonts\\KozGoPro-Heavy.otf', name='Kozuka Gothic Pro', style='normal', variant='normal', weight=900, stretch='normal', size='scalable')) = 10.525
2025-05-02 16:37:42,613 - matplotlib.font_manager - DEBUG - findfont: score(FontEntry(fname='C:\\Windows\\Fonts\\GLECB.TTF', name='Gloucester MT Extra Condensed', style='normal', variant='normal', weight=400, stretch='condensed', size='scalable')) = 10.25
2025-05-02 16:37:42,613 - matplotlib.font_manager - DEBUG - findfont: score(FontEntry(fname='C:\\Windows\\Fonts\\GOTHICBI.TTF', name='Century Gothic', style='italic', variant='normal', weight=700, stretch='normal', size='scalable')) = 11.335
2025-05-02 16:37:42,614 - matplotlib.font_manager - DEBUG - findfont: score(FontEntry(fname='C:\\Program Files\\SOLIDWORKS Corp\\SOLIDWORKS\\HoopsPublish\\resource\\Font\\courierstd-boldoblique.otf', name='Courier Std', style='oblique', variant='normal', weight=700, stretch='normal', size='scalable')) = 11.335
2025-05-02 16:37:42,614 - matplotlib.font_manager - DEBUG - findfont: score(FontEntry(fname='C:\\Windows\\Fonts\\anfsasi.ttf', name='Avenir Next for SAS', style='italic', variant='normal', weight=400, stretch='normal', size='scalable')) = 11.05
2025-05-02 16:37:42,614 - matplotlib.font_manager - DEBUG - findfont: score(FontEntry(fname='C:\\Windows\\Fonts\\ACLcourmon.ttf', name='Courier MonoThai', style='normal', variant='normal', weight=400, stretch='normal', size='scalable')) = 10.05
2025-05-02 16:37:42,614 - matplotlib.font_manager - DEBUG - findfont: score(FontEntry(fname='C:\\Windows\\Fonts\\Barlow-Black.otf', name='Barlow', style='normal', variant='normal', weight=900, stretch='normal', size='scalable')) = 10.525
2025-05-02 16:37:42,614 - matplotlib.font_manager - DEBUG - findfont: score(FontEntry(fname='C:\\Windows\\Fonts\\GOUDOSB.TTF', name='Goudy Old Style', style='normal', variant='normal', weight=700, stretch='normal', size='scalable')) = 10.335
2025-05-02 16:37:42,614 - matplotlib.font_manager - DEBUG - findfont: score(FontEntry(fname='C:\\Windows\\Fonts\\MyriadPro-It.otf', name='Myriad Pro', style='italic', variant='normal', weight=400, stretch='normal', size='scalable')) = 11.05
2025-05-02 16:37:42,614 - matplotlib.font_manager - DEBUG - findfont: score(FontEntry(fname='C:\\Windows\\Fonts\\myinghwl.ttf', name='MYingHei_18030_C-MediumHWL', style='normal', variant='normal', weight=400, stretch='normal', size='scalable')) = 10.05
2025-05-02 16:37:42,614 - matplotlib.font_manager - DEBUG - findfont: score(FontEntry(fname='C:\\Windows\\Fonts\\ARLRDBD.TTF', name='Arial Rounded MT Bold', style='normal', variant='normal', weight=400, stretch='normal', size='scalable')) = 10.05
2025-05-02 16:37:42,614 - matplotlib.font_manager - DEBUG - findfont: score(FontEntry(fname='C:\\Windows\\Fonts\\ebrimabd.ttf', name='Ebrima', style='normal', variant='normal', weight=700, stretch='normal', size='scalable')) = 10.335
2025-05-02 16:37:42,614 - matplotlib.font_manager - DEBUG - findfont: score(FontEntry(fname='C:\\Windows\\Fonts\\Barlow-Bold.otf', name='Barlow', style='normal', variant='normal', weight=700, stretch='normal', size='scalable')) = 10.335
2025-05-02 16:37:42,614 - matplotlib.font_manager - DEBUG - findfont: score(FontEntry(fname='C:\\Windows\\Fonts\\NotoSerifSC-VF.ttf', name='Noto Serif SC', style='normal', variant='normal', weight=200, stretch='normal', size='scalable')) = 10.24
2025-05-02 16:37:42,614 - matplotlib.font_manager - DEBUG - findfont: score(FontEntry(fname='C:\\Windows\\Fonts\\malgun.ttf', name='Malgun Gothic', style='normal', variant='normal', weight=400, stretch='normal', size='scalable')) = 10.05
2025-05-02 16:37:42,614 - matplotlib.font_manager - DEBUG - findfont: score(FontEntry(fname='C:\\Program Files\\SOLIDWORKS Corp\\SOLIDWORKS\\HoopsPublish\\resource\\Font\\courierstd-bold.otf', name='Courier Std', style='normal', variant='normal', weight=700, stretch='normal', size='scalable')) = 10.335
2025-05-02 16:37:42,614 - matplotlib.font_manager - DEBUG - findfont: score(FontEntry(fname='C:\\Windows\\Fonts\\swgdt.ttf', name='SWGDT', style='normal', variant='normal', weight=400, stretch='normal', size='scalable')) = 10.05
2025-05-02 16:37:42,614 - matplotlib.font_manager - DEBUG - findfont: score(FontEntry(fname='C:\\Windows\\Fonts\\symbolah.ttf', name='Symbola', style='normal', variant='normal', weight=400, stretch='normal', size='scalable')) = 10.05
2025-05-02 16:37:42,614 - matplotlib.font_manager - DEBUG - findfont: score(FontEntry(fname='C:\\Windows\\Fonts\\lastrsrt.ttf', name='LastResort', style='normal', variant='normal', weight=400, stretch='normal', size='scalable')) = 10.05
2025-05-02 16:37:42,614 - matplotlib.font_manager - DEBUG - findfont: score(FontEntry(fname='C:\\Windows\\Fonts\\swromnd.ttf', name='SWRomnd', style='normal', variant='normal', weight=400, stretch='normal', size='scalable')) = 10.05
2025-05-02 16:37:42,614 - matplotlib.font_manager - DEBUG - findfont: score(FontEntry(fname='C:\\Windows\\Fonts\\BELL.TTF', name='Bell MT', style='normal', variant='normal', weight=400, stretch='normal', size='scalable')) = 10.05
2025-05-02 16:37:42,614 - matplotlib.font_manager - DEBUG - findfont: score(FontEntry(fname='C:\\Windows\\Fonts\\SansSerifCollection.ttf', name='Sans Serif Collection', style='normal', variant='normal', weight=400, stretch='normal', size='scalable')) = 10.05
2025-05-02 16:37:42,614 - matplotlib.font_manager - DEBUG - findfont: score(FontEntry(fname='C:\\Windows\\Fonts\\AdobeHebrew-BoldItalic.otf', name='Adobe Hebrew', style='italic', variant='normal', weight=600, stretch='normal', size='scalable')) = 11.24
2025-05-02 16:37:42,615 - matplotlib.font_manager - DEBUG - findfont: score(FontEntry(fname='C:\\Windows\\Fonts\\esri_376.ttf', name='ESRI Caves 2', style='normal', variant='normal', weight=400, stretch='normal', size='scalable')) = 10.05
2025-05-02 16:37:42,615 - matplotlib.font_manager - DEBUG - findfont: score(FontEntry(fname='C:\\Windows\\Fonts\\COLONNA.TTF', name='Colonna MT', style='normal', variant='normal', weight=400, stretch='normal', size='scalable')) = 10.05
2025-05-02 16:37:42,615 - matplotlib.font_manager - DEBUG - findfont: score(FontEntry(fname='C:\\Windows\\Fonts\\swscrps.ttf', name='SWScrps', style='normal', variant='normal', weight=400, stretch='normal', size='scalable')) = 10.05
2025-05-02 16:37:42,615 - matplotlib.font_manager - DEBUG - findfont: score(FontEntry(fname='C:\\Windows\\Fonts\\Arimo-BoldItalic.ttf', name='Arimo', style='italic', variant='normal', weight=700, stretch='normal', size='scalable')) = 11.335
2025-05-02 16:37:42,615 - matplotlib.font_manager - DEBUG - findfont: score(FontEntry(fname='C:\\Windows\\Fonts\\Roboto-Medium.ttf', name='Roboto', style='normal', variant='normal', weight=500, stretch='normal', size='scalable')) = 10.145
2025-05-02 16:37:42,615 - matplotlib.font_manager - DEBUG - findfont: score(FontEntry(fname='C:\\Program Files\\SOLIDWORKS Corp\\SOLIDWORKS\\HoopsPublish\\resource\\Font\\AdobeArabic-Regular.otf', name='Adobe Arabic', style='normal', variant='normal', weight=400, stretch='normal', size='scalable')) = 10.05
2025-05-02 16:37:42,615 - matplotlib.font_manager - DEBUG - findfont: score(FontEntry(fname='C:\\Windows\\Fonts\\Roboto-ThinItalic.ttf', name='Roboto', style='italic', variant='normal', weight=250, stretch='normal', size='scalable')) = 11.1925
2025-05-02 16:37:42,615 - matplotlib.font_manager - DEBUG - findfont: score(FontEntry(fname='C:\\Windows\\Fonts\\TrajanPro-Regular.otf', name='Trajan Pro', style='normal', variant='normal', weight=400, stretch='normal', size='scalable')) = 10.05
2025-05-02 16:37:42,615 - matplotlib.font_manager - DEBUG - findfont: score(FontEntry(fname='C:\\Windows\\Fonts\\esri_11.ttf', name='ESRI Default Marker', style='normal', variant='normal', weight=400, stretch='normal', size='scalable')) = 10.05
2025-05-02 16:37:42,615 - matplotlib.font_manager - DEBUG - findfont: score(FontEntry(fname='C:\\Windows\\Fonts\\FTLTLT.TTF', name='Footlight MT Light', style='normal', variant='normal', weight=300, stretch='normal', size='scalable')) = 10.145
2025-05-02 16:37:42,615 - matplotlib.font_manager - DEBUG - findfont: score(FontEntry(fname='C:\\Windows\\Fonts\\sasicons.ttf', name='sas-icons', style='normal', variant='normal', weight=400, stretch='normal', size='scalable')) = 10.05
2025-05-02 16:37:42,615 - matplotlib.font_manager - DEBUG - findfont: score(FontEntry(fname='C:\\Windows\\Fonts\\MISTRAL.TTF', name='Mistral', style='normal', variant='normal', weight=400, stretch='normal', size='scalable')) = 10.05
2025-05-02 16:37:42,616 - matplotlib.font_manager - DEBUG - findfont: score(FontEntry(fname='C:\\Windows\\Fonts\\esri_3.ttf', name='ESRI Geometric Symbols', style='normal', variant='normal', weight=400, stretch='normal', size='scalable')) = 10.05
2025-05-02 16:37:42,616 - matplotlib.font_manager - DEBUG - findfont: score(FontEntry(fname='C:\\Windows\\Fonts\\esri_375.ttf', name='ESRI Caves 1', style='normal', variant='normal', weight=400, stretch='normal', size='scalable')) = 10.05
2025-05-02 16:37:42,616 - matplotlib.font_manager - DEBUG - findfont: score(FontEntry(fname='C:\\Windows\\Fonts\\NuevaStd-BoldCond.otf', name='Nueva Std', style='normal', variant='normal', weight=700, stretch='condensed', size='scalable')) = 10.535
2025-05-02 16:37:42,616 - matplotlib.font_manager - DEBUG - findfont: score(FontEntry(fname='C:\\Windows\\Fonts\\Code39AzaleaNarrow1.ttf', name='Code39AzaleaNarrow1', style='normal', variant='normal', weight=400, stretch='condensed', size='scalable')) = 10.25
2025-05-02 16:37:42,616 - matplotlib.font_manager - DEBUG - findfont: score(FontEntry(fname='C:\\Windows\\Fonts\\hnfsasb.ttf', name='Helvetica Neue for SAS', style='normal', variant='normal', weight=700, stretch='normal', size='scalable')) = 10.335
2025-05-02 16:37:42,616 - matplotlib.font_manager - DEBUG - findfont: score(FontEntry(fname='C:\\Windows\\Fonts\\swisop3.ttf', name='SWIsop3', style='normal', variant='normal', weight=400, stretch='normal', size='scalable')) = 10.05
2025-05-02 16:37:42,616 - matplotlib.font_manager - DEBUG - findfont: score(FontEntry(fname='C:\\Windows\\Fonts\\sylfaen.ttf', name='Sylfaen', style='normal', variant='normal', weight=400, stretch='normal', size='scalable')) = 10.05
2025-05-02 16:37:42,616 - matplotlib.font_manager - DEBUG - findfont: score(FontEntry(fname='C:\\Windows\\Fonts\\swtxt.ttf', name='SWTxt', style='normal', variant='normal', weight=400, stretch='normal', size='scalable')) = 10.05
2025-05-02 16:37:42,616 - matplotlib.font_manager - DEBUG - findfont: score(FontEntry(fname='C:\\Windows\\Fonts\\lucon.ttf', name='Lucida Console', style='normal', variant='normal', weight=400, stretch='normal', size='scalable')) = 10.05
2025-05-02 16:37:42,616 - matplotlib.font_manager - DEBUG - findfont: score(FontEntry(fname='C:\\Windows\\Fonts\\Roboto-Black.ttf', name='Roboto', style='normal', variant='normal', weight=900, stretch='normal', size='scalable')) = 10.525
2025-05-02 16:37:42,616 - matplotlib.font_manager - DEBUG - findfont: score(FontEntry(fname='C:\\Windows\\Fonts\\HoboStd.otf', name='Hobo Std', style='normal', variant='normal', weight=500, stretch='normal', size='scalable')) = 10.145
2025-05-02 16:37:42,616 - matplotlib.font_manager - DEBUG - findfont: score(FontEntry(fname='C:\\Windows\\Fonts\\swgothi.ttf', name='SWGothi', style='normal', variant='normal', weight=400, stretch='normal', size='scalable')) = 10.05
2025-05-02 16:37:42,616 - matplotlib.font_manager - DEBUG - findfont: score(FontEntry(fname='C:\\Windows\\Fonts\\seguibli.ttf', name='Segoe UI', style='italic', variant='normal', weight=900, stretch='normal', size='scalable')) = 11.525
2025-05-02 16:37:42,616 - matplotlib.font_manager - DEBUG - findfont: score(FontEntry(fname='C:\\Windows\\Fonts\\BELLB.TTF', name='Bell MT', style='normal', variant='normal', weight=700, stretch='normal', size='scalable')) = 10.335
2025-05-02 16:37:42,616 - matplotlib.font_manager - DEBUG - findfont: score(FontEntry(fname='C:\\Windows\\Fonts\\Deng.ttf', name='DengXian', style='normal', variant='normal', weight=400, stretch='normal', size='scalable')) = 10.05
2025-05-02 16:37:42,616 - matplotlib.font_manager - DEBUG - findfont: score(FontEntry(fname='C:\\Windows\\Fonts\\nstcl.ttf', name='Noto Sans TC', style='normal', variant='normal', weight=300, stretch='normal', size='scalable')) = 10.145
2025-05-02 16:37:42,616 - matplotlib.font_manager - DEBUG - findfont: score(FontEntry(fname='C:\\Windows\\Fonts\\PRISTINA.TTF', name='Pristina', style='normal', variant='normal', weight=400, stretch='normal', size='scalable')) = 10.05
2025-05-02 16:37:42,616 - matplotlib.font_manager - DEBUG - findfont: score(FontEntry(fname='C:\\Windows\\Fonts\\OLDENGL.TTF', name='Old English Text MT', style='normal', variant='normal', weight=400, stretch='normal', size='scalable')) = 10.05
2025-05-02 16:37:42,616 - matplotlib.font_manager - DEBUG - findfont: score(FontEntry(fname='C:\\Windows\\Fonts\\BOD_B.TTF', name='Bodoni MT', style='normal', variant='normal', weight=700, stretch='normal', size='scalable')) = 10.335
2025-05-02 16:37:42,617 - matplotlib.font_manager - DEBUG - findfont: score(FontEntry(fname='C:\\Windows\\Fonts\\hnfsasli.ttf', name='Helvetica Neue for SAS', style='italic', variant='normal', weight=300, stretch='normal', size='scalable')) = 11.145
2025-05-02 16:37:42,617 - matplotlib.font_manager - DEBUG - findfont: score(FontEntry(fname='C:\\Windows\\Fonts\\batang.ttc', name='Batang', style='normal', variant='normal', weight=400, stretch='normal', size='scalable')) = 10.05
2025-05-02 16:37:42,617 - matplotlib.font_manager - DEBUG - findfont: score(FontEntry(fname='C:\\Windows\\Fonts\\esri_161.ttf', name='ESRI Pipeline US 1', style='normal', variant='normal', weight=400, stretch='normal', size='scalable')) = 10.05
2025-05-02 16:37:42,617 - matplotlib.font_manager - DEBUG - findfont: score(FontEntry(fname='C:\\Windows\\Fonts\\SNAP____.TTF', name='Snap ITC', style='normal', variant='normal', weight=400, stretch='normal', size='scalable')) = 10.05
2025-05-02 16:37:42,617 - matplotlib.font_manager - DEBUG - findfont: score(FontEntry(fname='C:\\Windows\\Fonts\\GIL_____.TTF', name='Gill Sans MT', style='normal', variant='normal', weight=400, stretch='normal', size='scalable')) = 10.05
2025-05-02 16:37:42,617 - matplotlib.font_manager - DEBUG - findfont: score(FontEntry(fname='C:\\Windows\\Fonts\\PER_____.TTF', name='Perpetua', style='normal', variant='normal', weight=400, stretch='normal', size='scalable')) = 10.05
2025-05-02 16:37:42,617 - matplotlib.font_manager - DEBUG - findfont: score(FontEntry(fname='C:\\Program Files\\SOLIDWORKS Corp\\SOLIDWORKS\\HoopsPublish\\resource\\Font\\adobesongstd-light.otf', name='Adobe Song Std', style='normal', variant='normal', weight=300, stretch='normal', size='scalable')) = 10.145
2025-05-02 16:37:42,617 - matplotlib.font_manager - DEBUG - findfont: score(FontEntry(fname='C:\\Windows\\Fonts\\AdobeDevanagari-Bold.otf', name='Adobe Devanagari', style='normal', variant='normal', weight=700, stretch='normal', size='scalable')) = 10.335
2025-05-02 16:37:42,617 - matplotlib.font_manager - DEBUG - findfont: score(FontEntry(fname='C:\\Windows\\Fonts\\esri_151.ttf', name='ESRI AMFM Gas', style='normal', variant='normal', weight=400, stretch='normal', size='scalable')) = 10.05
2025-05-02 16:37:42,617 - matplotlib.font_manager - DEBUG - findfont: score(FontEntry(fname='C:\\Windows\\Fonts\\MyriadHebrew-BoldIt.otf', name='Myriad Hebrew', style='italic', variant='normal', weight=700, stretch='normal', size='scalable')) = 11.335
2025-05-02 16:37:42,617 - matplotlib.font_manager - DEBUG - findfont: score(FontEntry(fname='C:\\Windows\\Fonts\\LBRITEDI.TTF', name='Lucida Bright', style='italic', variant='normal', weight=600, stretch='normal', size='scalable')) = 11.24
2025-05-02 16:37:42,617 - matplotlib.font_manager - DEBUG - findfont: score(FontEntry(fname='C:\\Windows\\Fonts\\TCBI____.TTF', name='Tw Cen MT', style='italic', variant='normal', weight=700, stretch='normal', size='scalable')) = 11.335
2025-05-02 16:37:42,617 - matplotlib.font_manager - DEBUG - findfont: score(FontEntry(fname='C:\\Windows\\Fonts\\saswthr.ttf', name='Thorndale AMT', style='normal', variant='normal', weight=400, stretch='normal', size='scalable')) = 10.05
2025-05-02 16:37:42,617 - matplotlib.font_manager - DEBUG - findfont: score(FontEntry(fname='C:\\Windows\\Fonts\\kaiu.ttf', name='DFKai-SB', style='normal', variant='normal', weight=400, stretch='normal', size='scalable')) = 10.05
2025-05-02 16:37:42,617 - matplotlib.font_manager - DEBUG - findfont: score(FontEntry(fname='C:\\Windows\\Fonts\\AdobeHebrew-Regular.otf', name='Adobe Hebrew', style='normal', variant='normal', weight=400, stretch='normal', size='scalable')) = 10.05
2025-05-02 16:37:42,617 - matplotlib.font_manager - DEBUG - findfont: score(FontEntry(fname='C:\\Windows\\Fonts\\nstcb.ttf', name='Noto Sans TC', style='normal', variant='normal', weight=700, stretch='normal', size='scalable')) = 10.335
2025-05-02 16:37:42,617 - matplotlib.font_manager - DEBUG - findfont: score(FontEntry(fname='C:\\Windows\\Fonts\\PARCHM.TTF', name='Parchment', style='normal', variant='normal', weight=400, stretch='normal', size='scalable')) = 10.05
2025-05-02 16:37:42,617 - matplotlib.font_manager - DEBUG - findfont: score(FontEntry(fname='C:\\Windows\\Fonts\\BELLI.TTF', name='Bell MT', style='italic', variant='normal', weight=400, stretch='normal', size='scalable')) = 11.05
2025-05-02 16:37:42,617 - matplotlib.font_manager - DEBUG - findfont: score(FontEntry(fname='C:\\Windows\\Fonts\\HARNGTON.TTF', name='Harrington', style='normal', variant='normal', weight=400, stretch='normal', size='scalable')) = 10.05
2025-05-02 16:37:42,618 - matplotlib.font_manager - DEBUG - findfont: score(FontEntry(fname='C:\\Windows\\Fonts\\csongl.ttf', name='CSongGB18030C-Light', style='normal', variant='normal', weight=300, stretch='normal', size='scalable')) = 10.145
2025-05-02 16:37:42,618 - matplotlib.font_manager - DEBUG - findfont: score(FontEntry(fname='C:\\Windows\\Fonts\\ROCK.TTF', name='Rockwell', style='normal', variant='normal', weight=400, stretch='normal', size='scalable')) = 10.05
2025-05-02 16:37:42,618 - matplotlib.font_manager - DEBUG - findfont: score(FontEntry(fname='C:\\Windows\\Fonts\\LCALLIG.TTF', name='Lucida Calligraphy', style='italic', variant='normal', weight=400, stretch='normal', size='scalable')) = 11.05
2025-05-02 16:37:42,618 - matplotlib.font_manager - DEBUG - findfont: score(FontEntry(fname='C:\\Program Files\\SOLIDWORKS Corp\\SOLIDWORKS\\HoopsPublish\\resource\\Font\\adobeheitistd-regular.otf', name='Adobe Heiti Std', style='normal', variant='normal', weight=400, stretch='normal', size='scalable')) = 10.05
2025-05-02 16:37:42,618 - matplotlib.font_manager - DEBUG - findfont: score(FontEntry(fname='C:\\Windows\\Fonts\\phagspa.ttf', name='Microsoft PhagsPa', style='normal', variant='normal', weight=400, stretch='normal', size='scalable')) = 10.05
2025-05-02 16:37:42,618 - matplotlib.font_manager - DEBUG - findfont: score(FontEntry(fname='C:\\Windows\\Fonts\\sasgasb.ttf', name='Arial Symbol', style='normal', variant='normal', weight=700, stretch='normal', size='scalable')) = 10.335
2025-05-02 16:37:42,618 - matplotlib.font_manager - DEBUG - findfont: score(FontEntry(fname='C:\\Windows\\Fonts\\nsb.ttf', name='Noto Sans', style='normal', variant='normal', weight=700, stretch='normal', size='scalable')) = 10.335
2025-05-02 16:37:42,618 - matplotlib.font_manager - DEBUG - findfont: score(FontEntry(fname='C:\\Windows\\Fonts\\sasgtsi.ttf', name='Times New Roman Symbol', style='italic', variant='normal', weight=400, stretch='normal', size='scalable')) = 11.05
2025-05-02 16:37:42,618 - matplotlib.font_manager - DEBUG - findfont: score(FontEntry(fname='C:\\Windows\\Fonts\\esri_150.ttf', name='ESRI AMFM Electric', style='normal', variant='normal', weight=400, stretch='normal', size='scalable')) = 10.05
2025-05-02 16:37:42,618 - matplotlib.font_manager - DEBUG - findfont: score(FontEntry(fname='C:\\Windows\\Fonts\\esri_40.ttf', name='ESRI North', style='normal', variant='normal', weight=400, stretch='normal', size='scalable')) = 10.05
2025-05-02 16:37:42,618 - matplotlib.font_manager - DEBUG - findfont: score(FontEntry(fname='C:\\Windows\\Fonts\\GOTHICB.TTF', name='Century Gothic', style='normal', variant='normal', weight=700, stretch='normal', size='scalable')) = 10.335
2025-05-02 16:37:42,618 - matplotlib.font_manager - DEBUG - findfont: score(FontEntry(fname='C:\\Windows\\Fonts\\PDM.ttf', name='PDM', style='normal', variant='normal', weight=400, stretch='normal', size='scalable')) = 10.05
2025-05-02 16:37:42,618 - matplotlib.font_manager - DEBUG - findfont: score(FontEntry(fname='C:\\Windows\\Fonts\\DUBAI-LIGHT.TTF', name='Dubai', style='normal', variant='normal', weight=300, stretch='normal', size='scalable')) = 10.145
2025-05-02 16:37:42,618 - matplotlib.font_manager - DEBUG - findfont: score(FontEntry(fname='C:\\Windows\\Fonts\\CENTURY.TTF', name='Century', style='normal', variant='normal', weight=400, stretch='normal', size='scalable')) = 10.05
2025-05-02 16:37:42,618 - matplotlib.font_manager - DEBUG - findfont: score(FontEntry(fname='C:\\Windows\\Fonts\\AGaramondPro-Bold.otf', name='Adobe Garamond Pro', style='normal', variant='normal', weight=700, stretch='normal', size='scalable')) = 10.335
2025-05-02 16:37:42,618 - matplotlib.font_manager - DEBUG - findfont: score(FontEntry(fname='C:\\Windows\\Fonts\\sasgasi.ttf', name='Arial Symbol', style='italic', variant='normal', weight=400, stretch='normal', size='scalable')) = 11.05
2025-05-02 16:37:42,618 - matplotlib.font_manager - DEBUG - findfont: score(FontEntry(fname='C:\\Program Files\\SOLIDWORKS Corp\\SOLIDWORKS\\HoopsPublish\\resource\\Font\\AdobeHebrew-Regular.otf', name='Adobe Hebrew', style='normal', variant='normal', weight=400, stretch='normal', size='scalable')) = 10.05
2025-05-02 16:37:42,618 - matplotlib.font_manager - DEBUG - findfont: score(FontEntry(fname='C:\\Windows\\Fonts\\BOD_CBI.TTF', name='Bodoni MT', style='italic', variant='normal', weight=700, stretch='condensed', size='scalable')) = 11.535
2025-05-02 16:37:42,618 - matplotlib.font_manager - DEBUG - findfont: score(FontEntry(fname='C:\\Windows\\Fonts\\CALIFB.TTF', name='Californian FB', style='normal', variant='normal', weight=700, stretch='normal', size='scalable')) = 10.335
2025-05-02 16:37:42,618 - matplotlib.font_manager - DEBUG - findfont: score(FontEntry(fname='C:\\Windows\\Fonts\\AdobeNaskh-Medium.otf', name='Adobe Naskh', style='normal', variant='normal', weight=500, stretch='normal', size='scalable')) = 10.145
2025-05-02 16:37:42,619 - matplotlib.font_manager - DEBUG - findfont: score(FontEntry(fname='C:\\Windows\\Fonts\\msgothic.ttc', name='MS Gothic', style='normal', variant='normal', weight=400, stretch='normal', size='scalable')) = 10.05
2025-05-02 16:37:42,619 - matplotlib.font_manager - DEBUG - findfont: score(FontEntry(fname='C:\\Windows\\Fonts\\ONYX.TTF', name='Onyx', style='normal', variant='normal', weight=400, stretch='normal', size='scalable')) = 10.05
2025-05-02 16:37:42,619 - matplotlib.font_manager - DEBUG - findfont: score(FontEntry(fname='C:\\Windows\\Fonts\\corbel.ttf', name='Corbel', style='normal', variant='normal', weight=400, stretch='normal', size='scalable')) = 10.05
2025-05-02 16:37:42,619 - matplotlib.font_manager - DEBUG - findfont: score(FontEntry(fname='C:\\Windows\\Fonts\\FRADM.TTF', name='Franklin Gothic Demi', style='normal', variant='normal', weight=400, stretch='normal', size='scalable')) = 10.05
2025-05-02 16:37:42,619 - matplotlib.font_manager - DEBUG - findfont: score(FontEntry(fname='C:\\Windows\\Fonts\\impact.ttf', name='Impact', style='normal', variant='normal', weight=400, stretch='normal', size='scalable')) = 10.05
2025-05-02 16:37:42,619 - matplotlib.font_manager - DEBUG - findfont: score(FontEntry(fname='C:\\Windows\\Fonts\\MinionPro-Semibold.otf', name='Minion Pro', style='normal', variant='normal', weight=600, stretch='normal', size='scalable')) = 10.24
2025-05-02 16:37:42,619 - matplotlib.font_manager - DEBUG - findfont: score(FontEntry(fname='C:\\Windows\\Fonts\\MinionPro-It.otf', name='Minion Pro', style='italic', variant='normal', weight=400, stretch='normal', size='scalable')) = 11.05
2025-05-02 16:37:42,619 - matplotlib.font_manager - DEBUG - findfont: score(FontEntry(fname='C:\\Windows\\Fonts\\KozGoPro-Medium.otf', name='Kozuka Gothic Pro', style='normal', variant='normal', weight=500, stretch='normal', size='scalable')) = 10.145
2025-05-02 16:37:42,619 - matplotlib.font_manager - DEBUG - findfont: score(FontEntry(fname='C:\\Windows\\Fonts\\ntailub.ttf', name='Microsoft New Tai Lue', style='normal', variant='normal', weight=700, stretch='normal', size='scalable')) = 10.335
2025-05-02 16:37:42,619 - matplotlib.font_manager - DEBUG - findfont: score(FontEntry(fname='C:\\Windows\\Fonts\\KozGoPr6N-Heavy.otf', name='Kozuka Gothic Pr6N', style='normal', variant='normal', weight=900, stretch='normal', size='scalable')) = 10.525
2025-05-02 16:37:42,619 - matplotlib.font_manager - DEBUG - findfont: score(FontEntry(fname='C:\\Windows\\Fonts\\cambriai.ttf', name='Cambria', style='italic', variant='normal', weight=400, stretch='normal', size='scalable')) = 11.05
2025-05-02 16:37:42,619 - matplotlib.font_manager - DEBUG - findfont: score(FontEntry(fname='C:\\Windows\\Fonts\\trebuc.ttf', name='Trebuchet MS', style='normal', variant='normal', weight=400, stretch='normal', size='scalable')) = 10.05
2025-05-02 16:37:42,619 - matplotlib.font_manager - DEBUG - findfont: score(FontEntry(fname='C:\\Windows\\Fonts\\PERI____.TTF', name='Perpetua', style='italic', variant='normal', weight=400, stretch='normal', size='scalable')) = 11.05
2025-05-02 16:37:42,619 - matplotlib.font_manager - DEBUG - findfont: score(FontEntry(fname='C:\\Windows\\Fonts\\anfsasli.ttf', name='Avenir Next for SAS', style='italic', variant='normal', weight=300, stretch='normal', size='scalable')) = 11.145
2025-05-02 16:37:42,619 - matplotlib.font_manager - DEBUG - findfont: score(FontEntry(fname='C:\\Windows\\Fonts\\esri_133.ttf', name='ESRI SDS 2.00 2', style='normal', variant='normal', weight=400, stretch='normal', size='scalable')) = 10.05
2025-05-02 16:37:42,619 - matplotlib.font_manager - DEBUG - findfont: score(FontEntry(fname='C:\\Program Files\\SOLIDWORKS Corp\\SOLIDWORKS\\HoopsPublish\\resource\\Font\\courierstd.otf', name='Courier Std', style='normal', variant='normal', weight=500, stretch='normal', size='scalable')) = 10.145
2025-05-02 16:37:42,619 - matplotlib.font_manager - DEBUG - findfont: score(FontEntry(fname='C:\\Windows\\Fonts\\Barlow-Thin.otf', name='Barlow', style='normal', variant='normal', weight=250, stretch='normal', size='scalable')) = 10.1925
2025-05-02 16:37:42,620 - matplotlib.font_manager - DEBUG - findfont: score(FontEntry(fname='C:\\Windows\\Fonts\\calibril.ttf', name='Calibri', style='normal', variant='normal', weight=300, stretch='normal', size='scalable')) = 10.145
2025-05-02 16:37:42,620 - matplotlib.font_manager - DEBUG - findfont: score(FontEntry(fname='C:\\Windows\\Fonts\\FORTE.TTF', name='Forte', style='normal', variant='normal', weight=400, stretch='normal', size='scalable')) = 10.05
2025-05-02 16:37:42,620 - matplotlib.font_manager - DEBUG - findfont: score(FontEntry(fname='C:\\Windows\\Fonts\\NirmalaB.ttf', name='Nirmala UI', style='normal', variant='normal', weight=700, stretch='normal', size='scalable')) = 10.335
2025-05-02 16:37:42,620 - matplotlib.font_manager - DEBUG - findfont: score(FontEntry(fname='C:\\Windows\\Fonts\\sasgtsr.ttf', name='Times New Roman Symbol', style='normal', variant='normal', weight=400, stretch='normal', size='scalable')) = 10.05
2025-05-02 16:37:42,620 - matplotlib.font_manager - DEBUG - findfont: score(FontEntry(fname='C:\\Windows\\Fonts\\sasgtsb.ttf', name='Times New Roman Symbol', style='normal', variant='normal', weight=700, stretch='normal', size='scalable')) = 10.335
2025-05-02 16:37:42,620 - matplotlib.font_manager - DEBUG - findfont: score(FontEntry(fname='C:\\Windows\\Fonts\\switalc.ttf', name='SWItalc', style='normal', variant='normal', weight=400, stretch='normal', size='scalable')) = 10.05
2025-05-02 16:37:42,620 - matplotlib.font_manager - DEBUG - findfont: score(FontEntry(fname='C:\\Windows\\Fonts\\LeelawUI.ttf', name='Leelawadee UI', style='normal', variant='normal', weight=400, stretch='normal', size='scalable')) = 10.05
2025-05-02 16:37:42,620 - matplotlib.font_manager - DEBUG - findfont: score(FontEntry(fname='C:\\Windows\\Fonts\\BRITANIC.TTF', name='Britannic Bold', style='normal', variant='normal', weight=400, stretch='normal', size='scalable')) = 10.05
2025-05-02 16:37:42,620 - matplotlib.font_manager - DEBUG - findfont: score(FontEntry(fname='C:\\Windows\\Fonts\\esri_39.ttf', name='ESRI Dimensioning', style='normal', variant='normal', weight=400, stretch='normal', size='scalable')) = 10.05
2025-05-02 16:37:42,620 - matplotlib.font_manager - DEBUG - findfont: score(FontEntry(fname='C:\\Program Files\\SOLIDWORKS Corp\\SOLIDWORKS\\HoopsPublish\\resource\\Font\\AdobeHebrew-BoldItalic.otf', name='Adobe Hebrew', style='italic', variant='normal', weight=600, stretch='normal', size='scalable')) = 11.24
2025-05-02 16:37:42,620 - matplotlib.font_manager - DEBUG - findfont: score(FontEntry(fname='C:\\Windows\\Fonts\\saswcub.ttf', name='Cumberland AMT', style='normal', variant='normal', weight=700, stretch='normal', size='scalable')) = 10.335
2025-05-02 16:37:42,620 - matplotlib.font_manager - DEBUG - findfont: score(FontEntry(fname='C:\\Windows\\Fonts\\LSANS.TTF', name='Lucida Sans', style='normal', variant='normal', weight=400, stretch='normal', size='scalable')) = 10.05
2025-05-02 16:37:42,620 - matplotlib.font_manager - DEBUG - findfont: score(FontEntry(fname='C:\\Windows\\Fonts\\swgothg.ttf', name='SWGothg', style='normal', variant='normal', weight=400, stretch='normal', size='scalable')) = 10.05
2025-05-02 16:37:42,620 - matplotlib.font_manager - DEBUG - findfont: score(FontEntry(fname='C:\\Windows\\Fonts\\CALISTBI.TTF', name='Calisto MT', style='italic', variant='normal', weight=700, stretch='normal', size='scalable')) = 11.335
2025-05-02 16:37:42,620 - matplotlib.font_manager - DEBUG - findfont: score(FontEntry(fname='C:\\Windows\\Fonts\\simhei.ttf', name='SimHei', style='normal', variant='normal', weight=400, stretch='normal', size='scalable')) = 10.05
2025-05-02 16:37:42,620 - matplotlib.font_manager - DEBUG - findfont: score(FontEntry(fname='C:\\Windows\\Fonts\\symbol.ttf', name='Symbol', style='normal', variant='normal', weight=400, stretch='normal', size='scalable')) = 10.05
2025-05-02 16:37:42,620 - matplotlib.font_manager - DEBUG - findfont: score(FontEntry(fname='C:\\Windows\\Fonts\\YuGothM.ttc', name='Yu Gothic', style='normal', variant='normal', weight=500, stretch='normal', size='scalable')) = 10.145
2025-05-02 16:37:42,621 - matplotlib.font_manager - DEBUG - findfont: score(FontEntry(fname='C:\\Windows\\Fonts\\Candaraz.ttf', name='Candara', style='italic', variant='normal', weight=700, stretch='normal', size='scalable')) = 11.335
2025-05-02 16:37:42,621 - matplotlib.font_manager - DEBUG - findfont: score(FontEntry(fname='C:\\Windows\\Fonts\\AdobeHebrew-Bold.otf', name='Adobe Hebrew', style='normal', variant='normal', weight=600, stretch='normal', size='scalable')) = 10.24
2025-05-02 16:37:42,621 - matplotlib.font_manager - DEBUG - findfont: score(FontEntry(fname='C:\\Program Files\\SOLIDWORKS Corp\\SOLIDWORKS\\HoopsPublish\\resource\\Font\\MyriadPro-Regular.otf', name='Myriad Pro', style='normal', variant='normal', weight=400, stretch='normal', size='scalable')) = 10.05
2025-05-02 16:37:42,621 - matplotlib.font_manager - DEBUG - findfont: score(FontEntry(fname='C:\\Windows\\Fonts\\LFAX.TTF', name='Lucida Fax', style='normal', variant='normal', weight=400, stretch='normal', size='scalable')) = 10.05
2025-05-02 16:37:42,621 - matplotlib.font_manager - DEBUG - findfont: score(FontEntry(fname='C:\\Windows\\Fonts\\esri_222.ttf', name='ESRI IGL Font22', style='normal', variant='normal', weight=400, stretch='normal', size='scalable')) = 10.05
2025-05-02 16:37:42,621 - matplotlib.font_manager - DEBUG - findfont: score(FontEntry(fname='C:\\Windows\\Fonts\\BirchStd.otf', name='Birch Std', style='normal', variant='normal', weight=400, stretch='normal', size='scalable')) = 10.05
2025-05-02 16:37:42,621 - matplotlib.font_manager - DEBUG - findfont: score(FontEntry(fname='C:\\Windows\\Fonts\\georgia.ttf', name='Georgia', style='normal', variant='normal', weight=400, stretch='normal', size='scalable')) = 10.05
2025-05-02 16:37:42,621 - matplotlib.font_manager - DEBUG - findfont: score(FontEntry(fname='C:\\Windows\\Fonts\\Code39AzaleaRegular1.ttf', name='Code39AzaleaRegular1', style='normal', variant='normal', weight=400, stretch='normal', size='scalable')) = 10.05
2025-05-02 16:37:42,621 - matplotlib.font_manager - DEBUG - findfont: score(FontEntry(fname='C:\\Windows\\Fonts\\BOD_BLAI.TTF', name='Bodoni MT', style='italic', variant='normal', weight=900, stretch='normal', size='scalable')) = 11.525
2025-05-02 16:37:42,621 - matplotlib.font_manager - DEBUG - findfont: score(FontEntry(fname='C:\\Windows\\Fonts\\BarlowSemiCondensed-Medium.otf', name='Barlow Semi Condensed', style='normal', variant='normal', weight=500, stretch='condensed', size='scalable')) = 10.344999999999999
2025-05-02 16:37:42,621 - matplotlib.font_manager - DEBUG - findfont: score(FontEntry(fname='C:\\Windows\\Fonts\\hnfsasbi.ttf', name='Helvetica Neue for SAS', style='italic', variant='normal', weight=700, stretch='normal', size='scalable')) = 11.335
2025-05-02 16:37:42,621 - matplotlib.font_manager - DEBUG - findfont: score(FontEntry(fname='C:\\Windows\\Fonts\\seguili.ttf', name='Segoe UI', style='italic', variant='normal', weight=300, stretch='normal', size='scalable')) = 11.145
2025-05-02 16:37:42,621 - matplotlib.font_manager - DEBUG - findfont: score(FontEntry(fname='C:\\Windows\\Fonts\\BarlowCondensed-Black.otf', name='Barlow Condensed', style='normal', variant='normal', weight=900, stretch='condensed', size='scalable')) = 10.725
2025-05-02 16:37:42,621 - matplotlib.font_manager - DEBUG - findfont: score(FontEntry(fname='C:\\Windows\\Fonts\\Code39AzaleaRegular2.ttf', name='Code39AzaleaRegular2', style='normal', variant='normal', weight=400, stretch='normal', size='scalable')) = 10.05
2025-05-02 16:37:42,621 - matplotlib.font_manager - DEBUG - findfont: score(FontEntry(fname='C:\\Windows\\Fonts\\heit.ttf', name='HeiT', style='normal', variant='normal', weight=400, stretch='normal', size='scalable')) = 10.05
2025-05-02 16:37:42,621 - matplotlib.font_manager - DEBUG - findfont: score(FontEntry(fname='C:\\Windows\\Fonts\\Gabriola.ttf', name='Gabriola', style='normal', variant='normal', weight=400, stretch='normal', size='scalable')) = 10.05
2025-05-02 16:37:42,621 - matplotlib.font_manager - DEBUG - findfont: score(FontEntry(fname='C:\\Windows\\Fonts\\timesbd.ttf', name='Times New Roman', style='normal', variant='normal', weight=700, stretch='normal', size='scalable')) = 10.335
2025-05-02 16:37:42,621 - matplotlib.font_manager - DEBUG - findfont: score(FontEntry(fname='C:\\Windows\\Fonts\\ERASLGHT.TTF', name='Eras Light ITC', style='normal', variant='normal', weight=400, stretch='normal', size='scalable')) = 10.05
2025-05-02 16:37:42,621 - matplotlib.font_manager - DEBUG - findfont: score(FontEntry(fname='C:\\Windows\\Fonts\\DUBAI-BOLD.TTF', name='Dubai', style='normal', variant='normal', weight=700, stretch='normal', size='scalable')) = 10.335
2025-05-02 16:37:42,622 - matplotlib.font_manager - DEBUG - findfont: score(FontEntry(fname='C:\\Windows\\Fonts\\BarlowCondensed-ThinItalic.otf', name='Barlow Condensed', style='italic', variant='normal', weight=250, stretch='condensed', size='scalable')) = 11.3925
2025-05-02 16:37:42,622 - matplotlib.font_manager - DEBUG - findfont: score(FontEntry(fname='C:\\Windows\\Fonts\\Inkfree.ttf', name='Ink Free', style='normal', variant='normal', weight=400, stretch='normal', size='scalable')) = 10.05
2025-05-02 16:37:42,622 - matplotlib.font_manager - DEBUG - findfont: score(FontEntry(fname='C:\\Windows\\Fonts\\times.ttf', name='Times New Roman', style='normal', variant='normal', weight=400, stretch='normal', size='scalable')) = 10.05
2025-05-02 16:37:42,622 - matplotlib.font_manager - DEBUG - findfont: score(FontEntry(fname='C:\\Windows\\Fonts\\esri_24.ttf', name='ESRI MilSym 04', style='normal', variant='normal', weight=400, stretch='normal', size='scalable')) = 10.05
2025-05-02 16:37:42,622 - matplotlib.font_manager - DEBUG - findfont: score(FontEntry(fname='C:\\Windows\\Fonts\\3ds_fonticon.ttf', name='3DS Fonticon', style='normal', variant='normal', weight=400, stretch='normal', size='scalable')) = 10.05
2025-05-02 16:37:42,622 - matplotlib.font_manager - DEBUG - findfont: score(FontEntry(fname='C:\\Windows\\Fonts\\YuGothR.ttc', name='Yu Gothic', style='normal', variant='normal', weight=400, stretch='normal', size='scalable')) = 10.05
2025-05-02 16:37:42,622 - matplotlib.font_manager - DEBUG - findfont: score(FontEntry(fname='C:\\Windows\\Fonts\\esri_47.ttf', name='ESRI US MUTCD 1', style='normal', variant='normal', weight=400, stretch='normal', size='scalable')) = 10.05
2025-05-02 16:37:42,622 - matplotlib.font_manager - DEBUG - findfont: score(FontEntry(fname='C:\\Windows\\Fonts\\ariblk.ttf', name='Arial', style='normal', variant='normal', weight=900, stretch='normal', size='scalable')) = 6.888636363636364
2025-05-02 16:37:42,622 - matplotlib.font_manager - DEBUG - findfont: score(FontEntry(fname='C:\\Windows\\Fonts\\mingliu.ttc', name='MingLiU', style='normal', variant='normal', weight=400, stretch='normal', size='scalable')) = 10.05
2025-05-02 16:37:42,622 - matplotlib.font_manager - DEBUG - findfont: score(FontEntry(fname='C:\\Windows\\Fonts\\constan.ttf', name='Constantia', style='normal', variant='normal', weight=400, stretch='normal', size='scalable')) = 10.05
2025-05-02 16:37:42,622 - matplotlib.font_manager - DEBUG - findfont: score(FontEntry(fname='C:\\Program Files\\SOLIDWORKS Corp\\SOLIDWORKS\\HoopsPublish\\resource\\Font\\AdobeArabic-Bold.otf', name='Adobe Arabic', style='normal', variant='normal', weight=700, stretch='normal', size='scalable')) = 10.335
2025-05-02 16:37:42,622 - matplotlib.font_manager - DEBUG - findfont: score(FontEntry(fname='C:\\Windows\\Fonts\\hnfsasr.ttf', name='Helvetica Neue for SAS', style='normal', variant='normal', weight=400, stretch='normal', size='scalable')) = 10.05
2025-05-02 16:37:42,622 - matplotlib.font_manager - DEBUG - findfont: score(FontEntry(fname='C:\\Windows\\Fonts\\swscrpc.ttf', name='SWScrpc', style='normal', variant='normal', weight=400, stretch='normal', size='scalable')) = 10.05
2025-05-02 16:37:42,622 - matplotlib.font_manager - DEBUG - findfont: score(FontEntry(fname='C:\\Windows\\Fonts\\OCRAStd.otf', name='OCR A Std', style='normal', variant='normal', weight=400, stretch='normal', size='scalable')) = 10.05
2025-05-02 16:37:42,622 - matplotlib.font_manager - DEBUG - findfont: score(FontEntry(fname='C:\\Windows\\Fonts\\csonghwl.ttf', name='CSongGB18030C-LightHWL', style='normal', variant='normal', weight=300, stretch='normal', size='scalable')) = 10.145
2025-05-02 16:37:42,622 - matplotlib.font_manager - DEBUG - findfont: score(FontEntry(fname='C:\\Windows\\Fonts\\LTYPEO.TTF', name='Lucida Sans Typewriter', style='oblique', variant='normal', weight=400, stretch='normal', size='scalable')) = 11.05
2025-05-02 16:37:42,622 - matplotlib.font_manager - DEBUG - findfont: score(FontEntry(fname='C:\\Windows\\Fonts\\MinionPro-Regular.otf', name='Minion Pro', style='normal', variant='normal', weight=400, stretch='normal', size='scalable')) = 10.05
2025-05-02 16:37:42,622 - matplotlib.font_manager - DEBUG - findfont: score(FontEntry(fname='C:\\Windows\\Fonts\\arialbd.ttf', name='Arial', style='normal', variant='normal', weight=700, stretch='normal', size='scalable')) = 6.698636363636363
2025-05-02 16:37:42,622 - matplotlib.font_manager - DEBUG - findfont: score(FontEntry(fname='C:\\Windows\\Fonts\\MyriadArabic-It.otf', name='Myriad Arabic', style='italic', variant='normal', weight=400, stretch='normal', size='scalable')) = 11.05
2025-05-02 16:37:42,622 - matplotlib.font_manager - DEBUG - findfont: score(FontEntry(fname='C:\\Windows\\Fonts\\mvboli.ttf', name='MV Boli', style='normal', variant='normal', weight=400, stretch='normal', size='scalable')) = 10.05
2025-05-02 16:37:42,623 - matplotlib.font_manager - DEBUG - findfont: score(FontEntry(fname='C:\\Windows\\Fonts\\esri_13.ttf', name='ESRI NIMA DNC LN', style='normal', variant='normal', weight=400, stretch='normal', size='scalable')) = 10.05
2025-05-02 16:37:42,623 - matplotlib.font_manager - DEBUG - findfont: score(FontEntry(fname='C:\\Windows\\Fonts\\COOPBL.TTF', name='Cooper Black', style='normal', variant='normal', weight=400, stretch='normal', size='scalable')) = 10.05
2025-05-02 16:37:42,623 - matplotlib.font_manager - DEBUG - findfont: score(FontEntry(fname='C:\\Windows\\Fonts\\KozMinPr6N-Bold.otf', name='Kozuka Mincho Pr6N', style='normal', variant='normal', weight=700, stretch='normal', size='scalable')) = 10.335
2025-05-02 16:37:42,623 - matplotlib.font_manager - DEBUG - findfont: score(FontEntry(fname='C:\\Windows\\Fonts\\TCCM____.TTF', name='Tw Cen MT Condensed', style='normal', variant='normal', weight=400, stretch='condensed', size='scalable')) = 10.25
2025-05-02 16:37:42,623 - matplotlib.font_manager - DEBUG - findfont: score(FontEntry(fname='C:\\Windows\\Fonts\\sasgasbi.ttf', name='Arial Symbol', style='italic', variant='normal', weight=700, stretch='normal', size='scalable')) = 11.335
2025-05-02 16:37:42,623 - matplotlib.font_manager - DEBUG - findfont: score(FontEntry(fname='C:\\Windows\\Fonts\\KozGoPr6N-Regular.otf', name='Kozuka Gothic Pr6N', style='normal', variant='normal', weight=400, stretch='normal', size='scalable')) = 10.05
2025-05-02 16:37:42,623 - matplotlib.font_manager - DEBUG - findfont: score(FontEntry(fname='C:\\Windows\\Fonts\\SitkaVF-Italic.ttf', name='Sitka', style='italic', variant='normal', weight=400, stretch='normal', size='scalable')) = 11.05
2025-05-02 16:37:42,623 - matplotlib.font_manager - DEBUG - findfont: score(FontEntry(fname='C:\\Windows\\Fonts\\AGENCYB.TTF', name='Agency FB', style='normal', variant='normal', weight=700, stretch='normal', size='scalable')) = 10.335
2025-05-02 16:37:42,623 - matplotlib.font_manager - DEBUG - findfont: score(FontEntry(fname='C:\\Windows\\Fonts\\AGaramondPro-BoldItalic.otf', name='Adobe Garamond Pro', style='italic', variant='normal', weight=700, stretch='normal', size='scalable')) = 11.335
2025-05-02 16:37:42,623 - matplotlib.font_manager - DEBUG - findfont: score(FontEntry(fname='C:\\Windows\\Fonts\\SegUIVar.ttf', name='Segoe UI Variable', style='normal', variant='normal', weight=400, stretch='normal', size='scalable')) = 10.05
2025-05-02 16:37:42,623 - matplotlib.font_manager - DEBUG - findfont: score(FontEntry(fname='C:\\Windows\\Fonts\\LBRITE.TTF', name='Lucida Bright', style='normal', variant='normal', weight=400, stretch='normal', size='scalable')) = 10.05
2025-05-02 16:37:42,623 - matplotlib.font_manager - DEBUG - findfont: score(FontEntry(fname='C:\\Windows\\Fonts\\KozMinPro-Light.otf', name='Kozuka Mincho Pro', style='normal', variant='normal', weight=300, stretch='normal', size='scalable')) = 10.145
2025-05-02 16:37:42,623 - matplotlib.font_manager - DEBUG - findfont: score(FontEntry(fname='C:\\Windows\\Fonts\\BRADHITC.TTF', name='Bradley Hand ITC', style='normal', variant='normal', weight=400, stretch='normal', size='scalable')) = 10.05
2025-05-02 16:37:42,623 - matplotlib.font_manager - DEBUG - findfont: score(FontEntry(fname='C:\\Windows\\Fonts\\verdanaz.ttf', name='Verdana', style='italic', variant='normal', weight=700, stretch='normal', size='scalable')) = 4.971363636363637
2025-05-02 16:37:42,623 - matplotlib.font_manager - DEBUG - findfont: score(FontEntry(fname='C:\\Windows\\Fonts\\nsthb.ttf', name='Noto Sans Thai', style='normal', variant='normal', weight=700, stretch='normal', size='scalable')) = 10.335
2025-05-02 16:37:42,623 - matplotlib.font_manager - DEBUG - findfont: score(FontEntry(fname='C:\\Program Files\\SOLIDWORKS Corp\\SOLIDWORKS\\HoopsPublish\\resource\\Font\\adobemingstd-light.otf', name='Adobe Ming Std', style='normal', variant='normal', weight=300, stretch='normal', size='scalable')) = 10.145
2025-05-02 16:37:42,623 - matplotlib.font_manager - DEBUG - findfont: score(FontEntry(fname='C:\\Windows\\Fonts\\GOUDOS.TTF', name='Goudy Old Style', style='normal', variant='normal', weight=400, stretch='normal', size='scalable')) = 10.05
2025-05-02 16:37:42,623 - matplotlib.font_manager - DEBUG - findfont: score(FontEntry(fname='C:\\Windows\\Fonts\\esri_652.ttf', name='ESRI US Forestry 2', style='normal', variant='normal', weight=400, stretch='normal', size='scalable')) = 10.05
2025-05-02 16:37:42,623 - matplotlib.font_manager - DEBUG - findfont: score(FontEntry(fname='C:\\Windows\\Fonts\\BOOKOSI.TTF', name='Bookman Old Style', style='italic', variant='normal', weight=300, stretch='normal', size='scalable')) = 11.145
2025-05-02 16:37:42,624 - matplotlib.font_manager - DEBUG - findfont: score(FontEntry(fname='C:\\Windows\\Fonts\\NirmalaS.ttf', name='Nirmala UI', style='normal', variant='normal', weight=350, stretch='normal', size='scalable')) = 10.0975
2025-05-02 16:37:42,624 - matplotlib.font_manager - DEBUG - findfont: score(FontEntry(fname='C:\\Windows\\Fonts\\segoeprb.ttf', name='Segoe Print', style='normal', variant='normal', weight=700, stretch='normal', size='scalable')) = 10.335
2025-05-02 16:37:42,624 - matplotlib.font_manager - DEBUG - findfont: score(FontEntry(fname='C:\\Windows\\Fonts\\mmrtext.ttf', name='Myanmar Text', style='normal', variant='normal', weight=400, stretch='normal', size='scalable')) = 10.05
2025-05-02 16:37:42,624 - matplotlib.font_manager - DEBUG - findfont: score(FontEntry(fname='C:\\Windows\\Fonts\\LetterGothicStd-Slanted.otf', name='Letter Gothic Std', style='italic', variant='normal', weight=400, stretch='normal', size='scalable')) = 11.05
2025-05-02 16:37:42,624 - matplotlib.font_manager - DEBUG - findfont: score(FontEntry(fname='C:\\Windows\\Fonts\\esri_832.ttf', name='ESRI ERS Infrastructures S1', style='normal', variant='normal', weight=400, stretch='normal', size='scalable')) = 10.05
2025-05-02 16:37:42,624 - matplotlib.font_manager - DEBUG - findfont: score(FontEntry(fname='C:\\Windows\\Fonts\\esri_27Mcr_2.ttf', name='ESRI Mil2525C Modifiers', style='normal', variant='normal', weight=400, stretch='normal', size='scalable')) = 10.05
2025-05-02 16:37:42,624 - matplotlib.font_manager - DEBUG - findfont: score(FontEntry(fname='C:\\Windows\\Fonts\\PontanoSans-Regular.ttf', name='Pontano Sans', style='normal', variant='normal', weight=400, stretch='normal', size='scalable')) = 10.05
2025-05-02 16:37:42,624 - matplotlib.font_manager - DEBUG - findfont: score(FontEntry(fname='C:\\Windows\\Fonts\\msyi.ttf', name='Microsoft Yi Baiti', style='normal', variant='normal', weight=400, stretch='normal', size='scalable')) = 10.05
2025-05-02 16:37:42,624 - matplotlib.font_manager - DEBUG - findfont: score(FontEntry(fname='C:\\Windows\\Fonts\\saswalbi.ttf', name='Albany AMT', style='italic', variant='normal', weight=700, stretch='normal', size='scalable')) = 11.335
2025-05-02 16:37:42,624 - matplotlib.font_manager - DEBUG - findfont: score(FontEntry(fname='C:\\Windows\\Fonts\\MyriadPro-Bold.otf', name='Myriad Pro', style='normal', variant='normal', weight=700, stretch='normal', size='scalable')) = 10.335
2025-05-02 16:37:42,624 - matplotlib.font_manager - DEBUG - findfont: score(FontEntry(fname='C:\\Windows\\Fonts\\esri_803.ttf', name='ESRI Hazardous Materials', style='normal', variant='normal', weight=400, stretch='normal', size='scalable')) = 10.05
2025-05-02 16:37:42,624 - matplotlib.font_manager - DEBUG - findfont: score(FontEntry(fname='C:\\Windows\\Fonts\\BAUHS93.TTF', name='Bauhaus 93', style='normal', variant='normal', weight=400, stretch='normal', size='scalable')) = 10.05
2025-05-02 16:37:42,624 - matplotlib.font_manager - DEBUG - findfont: score(FontEntry(fname='C:\\Windows\\Fonts\\msmincho.ttc', name='MS Mincho', style='normal', variant='normal', weight=400, stretch='normal', size='scalable')) = 10.05
2025-05-02 16:37:42,624 - matplotlib.font_manager - DEBUG - findfont: score(FontEntry(fname='C:\\Windows\\Fonts\\COPRGTB.TTF', name='Copperplate Gothic Bold', style='normal', variant='normal', weight=400, stretch='normal', size='scalable')) = 10.05
2025-05-02 16:37:42,624 - matplotlib.font_manager - DEBUG - findfont: score(FontEntry(fname='C:\\Windows\\Fonts\\saswalr.ttf', name='Albany AMT', style='normal', variant='normal', weight=400, stretch='normal', size='scalable')) = 10.05
2025-05-02 16:37:42,624 - matplotlib.font_manager - DEBUG - findfont: score(FontEntry(fname='C:\\Windows\\Fonts\\esri_12.ttf', name='ESRI NIMA DNC PT', style='normal', variant='normal', weight=400, stretch='normal', size='scalable')) = 10.05
2025-05-02 16:37:42,624 - matplotlib.font_manager - DEBUG - findfont: score(FontEntry(fname='C:\\Windows\\Fonts\\swsimp.ttf', name='SWSimp', style='normal', variant='normal', weight=400, stretch='normal', size='scalable')) = 10.05
2025-05-02 16:37:42,624 - matplotlib.font_manager - DEBUG - findfont: score(FontEntry(fname='C:\\Windows\\Fonts\\switalt.ttf', name='SWItalt', style='normal', variant='normal', weight=400, stretch='normal', size='scalable')) = 10.05
2025-05-02 16:37:42,624 - matplotlib.font_manager - DEBUG - findfont: score(FontEntry(fname='C:\\Windows\\Fonts\\saswthi.ttf', name='Thorndale AMT', style='italic', variant='normal', weight=400, stretch='normal', size='scalable')) = 11.05
2025-05-02 16:37:42,624 - matplotlib.font_manager - DEBUG - findfont: score(FontEntry(fname='C:\\Windows\\Fonts\\BRLNSB.TTF', name='Berlin Sans FB', style='normal', variant='normal', weight=700, stretch='normal', size='scalable')) = 10.335
2025-05-02 16:37:42,625 - matplotlib.font_manager - DEBUG - findfont: score(FontEntry(fname='C:\\Windows\\Fonts\\esri_8.ttf', name='ESRI Crime Analysis', style='normal', variant='normal', weight=400, stretch='normal', size='scalable')) = 10.05
2025-05-02 16:37:42,625 - matplotlib.font_manager - DEBUG - findfont: score(FontEntry(fname='C:\\Windows\\Fonts\\OUTLOOK.TTF', name='MS Outlook', style='normal', variant='normal', weight=400, stretch='normal', size='scalable')) = 10.05
2025-05-02 16:37:42,625 - matplotlib.font_manager - DEBUG - findfont: score(FontEntry(fname='C:\\Windows\\Fonts\\ALGER.TTF', name='Algerian', style='normal', variant='normal', weight=400, stretch='normal', size='scalable')) = 10.05
2025-05-02 16:37:42,625 - matplotlib.font_manager - DEBUG - findfont: score(FontEntry(fname='C:\\Windows\\Fonts\\KozMinPro-ExtraLight.otf', name='Kozuka Mincho Pro', style='normal', variant='normal', weight=250, stretch='normal', size='scalable')) = 10.1925
2025-05-02 16:37:42,625 - matplotlib.font_manager - DEBUG - findfont: score(FontEntry(fname='C:\\Windows\\Fonts\\FREESCPT.TTF', name='Freestyle Script', style='normal', variant='normal', weight=400, stretch='normal', size='scalable')) = 10.05
2025-05-02 16:37:42,625 - matplotlib.font_manager - DEBUG - findfont: score(FontEntry(fname='C:\\Windows\\Fonts\\KozMinPr6N-ExtraLight.otf', name='Kozuka Mincho Pr6N', style='normal', variant='normal', weight=250, stretch='normal', size='scalable')) = 10.1925
2025-05-02 16:37:42,625 - matplotlib.font_manager - DEBUG - findfont: score(FontEntry(fname='C:\\Windows\\Fonts\\georgiai.ttf', name='Georgia', style='italic', variant='normal', weight=400, stretch='normal', size='scalable')) = 11.05
2025-05-02 16:37:42,625 - matplotlib.font_manager - DEBUG - findfont: score(FontEntry(fname='C:\\Windows\\Fonts\\BarlowSemiCondensed-Regular.otf', name='Barlow Semi Condensed', style='normal', variant='normal', weight=400, stretch='condensed', size='scalable')) = 10.25
2025-05-02 16:37:42,625 - matplotlib.font_manager - DEBUG - findfont: score(FontEntry(fname='C:\\Windows\\Fonts\\corbelb.ttf', name='Corbel', style='normal', variant='normal', weight=700, stretch='normal', size='scalable')) = 10.335
2025-05-02 16:37:42,625 - matplotlib.font_manager - DEBUG - findfont: score(FontEntry(fname='C:\\Windows\\Fonts\\nsscr.ttf', name='Noto Sans SC', style='normal', variant='normal', weight=400, stretch='normal', size='scalable')) = 10.05
2025-05-02 16:37:42,625 - matplotlib.font_manager - DEBUG - findfont: score(FontEntry(fname='C:\\Windows\\Fonts\\BERNHC.TTF', name='Bernard MT Condensed', style='normal', variant='normal', weight=400, stretch='condensed', size='scalable')) = 10.25
2025-05-02 16:37:42,625 - matplotlib.font_manager - DEBUG - findfont: score(FontEntry(fname='C:\\Windows\\Fonts\\hnfsasi.ttf', name='Helvetica Neue for SAS', style='italic', variant='normal', weight=400, stretch='normal', size='scalable')) = 11.05
2025-05-02 16:37:42,625 - matplotlib.font_manager - DEBUG - findfont: score(FontEntry(fname='C:\\Windows\\Fonts\\sasmono.ttf', name='SAS Monospace', style='normal', variant='normal', weight=400, stretch='normal', size='scalable')) = 10.05
2025-05-02 16:37:42,625 - matplotlib.font_manager - DEBUG - findfont: score(FontEntry(fname='C:\\Windows\\Fonts\\esri_20.ttf', name='ESRI MilRed 01', style='normal', variant='normal', weight=400, stretch='normal', size='scalable')) = 10.05
2025-05-02 16:37:42,625 - matplotlib.font_manager - DEBUG - findfont: score(FontEntry(fname='C:\\Windows\\Fonts\\constanz.ttf', name='Constantia', style='italic', variant='normal', weight=700, stretch='normal', size='scalable')) = 11.335
2025-05-02 16:37:42,625 - matplotlib.font_manager - DEBUG - findfont: score(FontEntry(fname='C:\\Windows\\Fonts\\nsbi.ttf', name='Noto Sans', style='italic', variant='normal', weight=700, stretch='normal', size='scalable')) = 11.335
2025-05-02 16:37:42,625 - matplotlib.font_manager - DEBUG - findfont: score(FontEntry(fname='C:\\Windows\\Fonts\\ARIALNI.TTF', name='Arial', style='italic', variant='normal', weight=400, stretch='condensed', size='scalable')) = 7.613636363636363
2025-05-02 16:37:42,625 - matplotlib.font_manager - DEBUG - findfont: score(FontEntry(fname='C:\\Windows\\Fonts\\cambria.ttc', name='Cambria', style='normal', variant='normal', weight=400, stretch='normal', size='scalable')) = 10.05
2025-05-02 16:37:42,625 - matplotlib.font_manager - DEBUG - findfont: score(FontEntry(fname='C:\\Windows\\Fonts\\esri_730.ttf', name='ESRI Conservation', style='normal', variant='normal', weight=400, stretch='normal', size='scalable')) = 10.05
2025-05-02 16:37:42,625 - matplotlib.font_manager - DEBUG - findfont: score(FontEntry(fname='C:\\Windows\\Fonts\\corbelli.ttf', name='Corbel', style='italic', variant='normal', weight=300, stretch='normal', size='scalable')) = 11.145
2025-05-02 16:37:42,625 - matplotlib.font_manager - DEBUG - findfont: score(FontEntry(fname='C:\\Windows\\Fonts\\saswcubi.ttf', name='Cumberland AMT', style='italic', variant='normal', weight=700, stretch='normal', size='scalable')) = 11.335
2025-05-02 16:37:42,626 - matplotlib.font_manager - DEBUG - findfont: score(FontEntry(fname='C:\\Windows\\Fonts\\Roboto-Thin.ttf', name='Roboto', style='normal', variant='normal', weight=250, stretch='normal', size='scalable')) = 10.1925
2025-05-02 16:37:42,626 - matplotlib.font_manager - DEBUG - findfont: score(FontEntry(fname='C:\\Windows\\Fonts\\CASTELAR.TTF', name='Castellar', style='normal', variant='normal', weight=400, stretch='normal', size='scalable')) = 10.05
2025-05-02 16:37:42,626 - matplotlib.font_manager - DEBUG - findfont: score(FontEntry(fname='C:\\Windows\\Fonts\\MAGNETOB.TTF', name='Magneto', style='normal', variant='normal', weight=700, stretch='normal', size='scalable')) = 10.335
2025-05-02 16:37:42,626 - matplotlib.font_manager - DEBUG - findfont: score(FontEntry(fname='C:\\Windows\\Fonts\\segoeui.ttf', name='Segoe UI', style='normal', variant='normal', weight=400, stretch='normal', size='scalable')) = 10.05
2025-05-02 16:37:42,626 - matplotlib.font_manager - DEBUG - findfont: score(FontEntry(fname='C:\\Windows\\Fonts\\YuGothB.ttc', name='Yu Gothic', style='normal', variant='normal', weight=700, stretch='normal', size='scalable')) = 10.335
2025-05-02 16:37:42,626 - matplotlib.font_manager - DEBUG - findfont: score(FontEntry(fname='C:\\Windows\\Fonts\\NotoSansHK-VF.ttf', name='Noto Sans HK', style='normal', variant='normal', weight=100, stretch='normal', size='scalable')) = 10.335
2025-05-02 16:37:42,626 - matplotlib.font_manager - DEBUG - findfont: score(FontEntry(fname='C:\\Windows\\Fonts\\esri_23.ttf', name='ESRI MilSym 03', style='normal', variant='normal', weight=400, stretch='normal', size='scalable')) = 10.05
2025-05-02 16:37:42,626 - matplotlib.font_manager - DEBUG - findfont: score(FontEntry(fname='C:\\Windows\\Fonts\\CascadiaCode.ttf', name='Cascadia Code', style='normal', variant='normal', weight=400, stretch='normal', size='scalable')) = 10.05
2025-05-02 16:37:42,626 - matplotlib.font_manager - DEBUG - findfont: score(FontEntry(fname='C:\\Windows\\Fonts\\Dengb.ttf', name='DengXian', style='normal', variant='normal', weight=700, stretch='normal', size='scalable')) = 10.335
2025-05-02 16:37:42,626 - matplotlib.font_manager - DEBUG - findfont: score(FontEntry(fname='C:\\Windows\\Fonts\\BarlowCondensed-Light.otf', name='Barlow Condensed', style='normal', variant='normal', weight=300, stretch='condensed', size='scalable')) = 10.344999999999999
2025-05-02 16:37:42,626 - matplotlib.font_manager - DEBUG - findfont: score(FontEntry(fname='C:\\Windows\\Fonts\\ROCKEB.TTF', name='Rockwell Extra Bold', style='normal', variant='normal', weight=800, stretch='normal', size='scalable')) = 10.43
2025-05-02 16:37:42,626 - matplotlib.font_manager - DEBUG - findfont: score(FontEntry(fname='C:\\Windows\\Fonts\\GILB____.TTF', name='Gill Sans MT', style='normal', variant='normal', weight=700, stretch='normal', size='scalable')) = 10.335
2025-05-02 16:37:42,626 - matplotlib.font_manager - DEBUG - findfont: score(FontEntry(fname='C:\\Windows\\Fonts\\GOTHICI.TTF', name='Century Gothic', style='italic', variant='normal', weight=400, stretch='normal', size='scalable')) = 11.05
2025-05-02 16:37:42,626 - matplotlib.font_manager - DEBUG - findfont: score(FontEntry(fname='C:\\Windows\\Fonts\\KozGoPro-ExtraLight.otf', name='Kozuka Gothic Pro', style='normal', variant='normal', weight=250, stretch='normal', size='scalable')) = 10.1925
2025-05-02 16:37:42,626 - matplotlib.font_manager - DEBUG - findfont: score(FontEntry(fname='C:\\Windows\\Fonts\\esri_130.ttf', name='ESRI SDS 1.95 1', style='normal', variant='normal', weight=400, stretch='normal', size='scalable')) = 10.05
2025-05-02 16:37:42,626 - matplotlib.font_manager - DEBUG - findfont: score(FontEntry(fname='C:\\Windows\\Fonts\\BSSYM7.TTF', name='Bookshelf Symbol 7', style='normal', variant='normal', weight=400, stretch='normal', size='scalable')) = 10.05
2025-05-02 16:37:42,626 - matplotlib.font_manager - DEBUG - findfont: score(FontEntry(fname='C:\\Windows\\Fonts\\phagspab.ttf', name='Microsoft PhagsPa', style='normal', variant='normal', weight=700, stretch='normal', size='scalable')) = 10.335
2025-05-02 16:37:42,626 - matplotlib.font_manager - DEBUG - findfont: score(FontEntry(fname='C:\\Windows\\Fonts\\GILSANUB.TTF', name='Gill Sans Ultra Bold', style='normal', variant='normal', weight=400, stretch='normal', size='scalable')) = 10.05
2025-05-02 16:37:42,626 - matplotlib.font_manager - DEBUG - findfont: score(FontEntry(fname='C:\\Windows\\Fonts\\nsi.ttf', name='Noto Sans', style='italic', variant='normal', weight=400, stretch='normal', size='scalable')) = 11.05
2025-05-02 16:37:42,627 - matplotlib.font_manager - DEBUG - findfont: score(FontEntry(fname='C:\\Windows\\Fonts\\swisop1.ttf', name='SWIsop1', style='normal', variant='normal', weight=400, stretch='normal', size='scalable')) = 10.05
2025-05-02 16:37:42,627 - matplotlib.font_manager - DEBUG - findfont: score(FontEntry(fname='C:\\Windows\\Fonts\\SCHLBKBI.TTF', name='Century Schoolbook', style='italic', variant='normal', weight=700, stretch='normal', size='scalable')) = 11.335
2025-05-02 16:37:42,627 - matplotlib.font_manager - DEBUG - findfont: score(FontEntry(fname='C:\\Windows\\Fonts\\sasgsort.ttf', name='Monotype Sorts', style='normal', variant='normal', weight=400, stretch='normal', size='scalable')) = 10.05
2025-05-02 16:37:42,627 - matplotlib.font_manager - DEBUG - findfont: score(FontEntry(fname='C:\\Windows\\Fonts\\ACaslonPro-Bold.otf', name='Adobe Caslon Pro', style='normal', variant='normal', weight=700, stretch='normal', size='scalable')) = 10.335
2025-05-02 16:37:42,627 - matplotlib.font_manager - DEBUG - findfont: score(FontEntry(fname='C:\\Windows\\Fonts\\Code39AzaleaWide2.ttf', name='Code39AzaleaWide2', style='normal', variant='normal', weight=400, stretch='expanded', size='scalable')) = 10.25
2025-05-02 16:37:42,627 - matplotlib.font_manager - DEBUG - findfont: score(FontEntry(fname='C:\\Program Files\\SOLIDWORKS Corp\\SOLIDWORKS\\HoopsPublish\\resource\\Font\\AdobeThai-Italic.otf', name='Adobe Thai', style='italic', variant='normal', weight=400, stretch='normal', size='scalable')) = 11.05
2025-05-02 16:37:42,627 - matplotlib.font_manager - DEBUG - findfont: score(FontEntry(fname='C:\\Windows\\Fonts\\trebucit.ttf', name='Trebuchet MS', style='italic', variant='normal', weight=400, stretch='normal', size='scalable')) = 11.05
2025-05-02 16:37:42,627 - matplotlib.font_manager - DEBUG - findfont: score(FontEntry(fname='C:\\Windows\\Fonts\\Code39AzaleaWide3.ttf', name='Code39AzaleaWide3', style='normal', variant='normal', weight=400, stretch='expanded', size='scalable')) = 10.25
2025-05-02 16:37:42,627 - matplotlib.font_manager - DEBUG - findfont: score(FontEntry(fname='C:\\Windows\\Fonts\\Roboto-Light.ttf', name='Roboto', style='normal', variant='normal', weight=300, stretch='normal', size='scalable')) = 10.145
2025-05-02 16:37:42,627 - matplotlib.font_manager - DEBUG - findfont: score(FontEntry(fname='C:\\Windows\\Fonts\\esri_1.ttf', name='ESRI Cartography', style='normal', variant='normal', weight=400, stretch='normal', size='scalable')) = 10.05
2025-05-02 16:37:42,627 - matplotlib.font_manager - DEBUG - findfont: score(FontEntry(fname='C:\\Program Files\\SOLIDWORKS Corp\\SOLIDWORKS\\HoopsPublish\\resource\\Font\\courierstd-oblique.otf', name='Courier Std', style='oblique', variant='normal', weight=500, stretch='normal', size='scalable')) = 11.145
2025-05-02 16:37:42,627 - matplotlib.font_manager - DEBUG - findfont: score(FontEntry(fname='C:\\Windows\\Fonts\\esri_216.ttf', name='ESRI IGL Font16', style='normal', variant='normal', weight=400, stretch='normal', size='scalable')) = 10.05
2025-05-02 16:37:42,627 - matplotlib.font_manager - DEBUG - findfont: score(FontEntry(fname='C:\\Windows\\Fonts\\BOOKOS.TTF', name='Bookman Old Style', style='normal', variant='normal', weight=300, stretch='normal', size='scalable')) = 10.145
2025-05-02 16:37:42,627 - matplotlib.font_manager - DEBUG - findfont: score(FontEntry(fname='C:\\Windows\\Fonts\\BOOKOSB.TTF', name='Bookman Old Style', style='normal', variant='normal', weight=600, stretch='normal', size='scalable')) = 10.24
2025-05-02 16:37:42,627 - matplotlib.font_manager - DEBUG - findfont: score(FontEntry(fname='C:\\Windows\\Fonts\\AdobeKaitiStd-Regular.otf', name='Adobe Kaiti Std', style='normal', variant='normal', weight=400, stretch='normal', size='scalable')) = 10.05
2025-05-02 16:37:42,627 - matplotlib.font_manager - DEBUG - findfont: score(FontEntry(fname='C:\\Windows\\Fonts\\MyriadHebrew-Regular.otf', name='Myriad Hebrew', style='normal', variant='normal', weight=400, stretch='normal', size='scalable')) = 10.05
2025-05-02 16:37:42,627 - matplotlib.font_manager - DEBUG - findfont: score(FontEntry(fname='C:\\Windows\\Fonts\\georgiaz.ttf', name='Georgia', style='italic', variant='normal', weight=700, stretch='normal', size='scalable')) = 11.335
2025-05-02 16:37:42,627 - matplotlib.font_manager - DEBUG - findfont: score(FontEntry(fname='C:\\Windows\\Fonts\\HTOWERT.TTF', name='High Tower Text', style='normal', variant='normal', weight=400, stretch='normal', size='scalable')) = 10.05
2025-05-02 16:37:42,627 - matplotlib.font_manager - DEBUG - findfont: score(FontEntry(fname='C:\\Windows\\Fonts\\esri_49.ttf', name='ESRI US MUTCD 3', style='normal', variant='normal', weight=400, stretch='normal', size='scalable')) = 10.05
2025-05-02 16:37:42,628 - matplotlib.font_manager - DEBUG - findfont: score(FontEntry(fname='C:\\Windows\\Fonts\\RAVIE.TTF', name='Ravie', style='normal', variant='normal', weight=400, stretch='normal', size='scalable')) = 10.05
2025-05-02 16:37:42,628 - matplotlib.font_manager - DEBUG - findfont: score(FontEntry(fname='C:\\Windows\\Fonts\\Candara.ttf', name='Candara', style='normal', variant='normal', weight=400, stretch='normal', size='scalable')) = 10.05
2025-05-02 16:37:42,628 - matplotlib.font_manager - DEBUG - findfont: score(FontEntry(fname='C:\\Windows\\Fonts\\NotoSerifTC-VF.ttf', name='Noto Serif TC', style='normal', variant='normal', weight=200, stretch='normal', size='scalable')) = 10.24
2025-05-02 16:37:42,628 - matplotlib.font_manager - DEBUG - findfont: score(FontEntry(fname='C:\\Windows\\Fonts\\msyh.ttc', name='Microsoft YaHei', style='normal', variant='normal', weight=400, stretch='normal', size='scalable')) = 10.05
2025-05-02 16:37:42,628 - matplotlib.font_manager - DEBUG - findfont: score(FontEntry(fname='C:\\Windows\\Fonts\\AGaramondPro-Regular.otf', name='Adobe Garamond Pro', style='normal', variant='normal', weight=400, stretch='normal', size='scalable')) = 10.05
2025-05-02 16:37:42,628 - matplotlib.font_manager - DEBUG - findfont: score(FontEntry(fname='C:\\Windows\\Fonts\\esri_160.ttf', name='ESRI Telecom', style='normal', variant='normal', weight=400, stretch='normal', size='scalable')) = 10.05
2025-05-02 16:37:42,628 - matplotlib.font_manager - DEBUG - findfont: score(FontEntry(fname='C:\\Windows\\Fonts\\ARIALNBI.TTF', name='Arial', style='italic', variant='normal', weight=700, stretch='condensed', size='scalable')) = 7.8986363636363635
2025-05-02 16:37:42,628 - matplotlib.font_manager - DEBUG - findfont: score(FontEntry(fname='C:\\Windows\\Fonts\\TCCEB.TTF', name='Tw Cen MT Condensed Extra Bold', style='normal', variant='normal', weight=400, stretch='condensed', size='scalable')) = 10.25
2025-05-02 16:37:42,628 - matplotlib.font_manager - DEBUG - findfont: score(FontEntry(fname='C:\\Windows\\Fonts\\PoplarStd.otf', name='Poplar Std', style='normal', variant='normal', weight=700, stretch='normal', size='scalable')) = 10.335
2025-05-02 16:37:42,628 - matplotlib.font_manager - DEBUG - findfont: score(FontEntry(fname='C:\\Windows\\Fonts\\consolaz.ttf', name='Consolas', style='italic', variant='normal', weight=700, stretch='normal', size='scalable')) = 11.335
2025-05-02 16:37:42,628 - matplotlib.font_manager - DEBUG - findfont: score(FontEntry(fname='C:\\Windows\\Fonts\\hnfsasl.ttf', name='Helvetica Neue for SAS', style='normal', variant='normal', weight=300, stretch='normal', size='scalable')) = 10.145
2025-05-02 16:37:42,628 - matplotlib.font_manager - DEBUG - findfont: score(FontEntry(fname='C:\\Windows\\Fonts\\anfsasr.ttf', name='Avenir Next for SAS', style='normal', variant='normal', weight=400, stretch='normal', size='scalable')) = 10.05
2025-05-02 16:37:42,628 - matplotlib.font_manager - DEBUG - findfont: score(FontEntry(fname='C:\\Windows\\Fonts\\BarlowCondensed-Regular.otf', name='Barlow Condensed', style='normal', variant='normal', weight=400, stretch='condensed', size='scalable')) = 10.25
2025-05-02 16:37:42,628 - matplotlib.font_manager - DEBUG - findfont: score(FontEntry(fname='C:\\Windows\\Fonts\\constani.ttf', name='Constantia', style='italic', variant='normal', weight=400, stretch='normal', size='scalable')) = 11.05
2025-05-02 16:37:42,628 - matplotlib.font_manager - DEBUG - findfont: score(FontEntry(fname='C:\\Windows\\Fonts\\KozGoPr6N-ExtraLight.otf', name='Kozuka Gothic Pr6N', style='normal', variant='normal', weight=250, stretch='normal', size='scalable')) = 10.1925
2025-05-02 16:37:42,628 - matplotlib.font_manager - DEBUG - findfont: score(FontEntry(fname='C:\\Windows\\Fonts\\STENCIL.TTF', name='Stencil', style='normal', variant='normal', weight=400, stretch='normal', size='scalable')) = 10.05
2025-05-02 16:37:42,628 - matplotlib.font_manager - DEBUG - findfont: score(FontEntry(fname='C:\\Windows\\Fonts\\msyhl.ttc', name='Microsoft YaHei', style='normal', variant='normal', weight=290, stretch='normal', size='scalable')) = 10.1545
2025-05-02 16:37:42,628 - matplotlib.font_manager - DEBUG - findfont: score(FontEntry(fname='C:\\Windows\\Fonts\\MTEXTRA.TTF', name='MT Extra', style='normal', variant='normal', weight=400, stretch='normal', size='scalable')) = 10.05
2025-05-02 16:37:42,628 - matplotlib.font_manager - DEBUG - findfont: score(FontEntry(fname='C:\\Windows\\Fonts\\PAPYRUS.TTF', name='Papyrus', style='normal', variant='normal', weight=400, stretch='normal', size='scalable')) = 10.05
2025-05-02 16:37:42,629 - matplotlib.font_manager - DEBUG - findfont: score(FontEntry(fname='C:\\Windows\\Fonts\\verdanai.ttf', name='Verdana', style='italic', variant='normal', weight=400, stretch='normal', size='scalable')) = 4.6863636363636365
2025-05-02 16:37:42,629 - matplotlib.font_manager - DEBUG - findfont: score(FontEntry(fname='C:\\Windows\\Fonts\\javatext.ttf', name='Javanese Text', style='normal', variant='normal', weight=400, stretch='normal', size='scalable')) = 10.05
2025-05-02 16:37:42,629 - matplotlib.font_manager - DEBUG - findfont: score(FontEntry(fname='C:\\Windows\\Fonts\\MSUIGHUR.TTF', name='Microsoft Uighur', style='normal', variant='normal', weight=400, stretch='normal', size='scalable')) = 10.05
2025-05-02 16:37:42,629 - matplotlib.font_manager - DEBUG - findfont: score(FontEntry(fname='C:\\Windows\\Fonts\\MATURASC.TTF', name='Matura MT Script Capitals', style='normal', variant='normal', weight=400, stretch='normal', size='scalable')) = 10.05
2025-05-02 16:37:42,629 - matplotlib.font_manager - DEBUG - findfont: score(FontEntry(fname='C:\\Windows\\Fonts\\ACLebcdmono.ttf', name='EBCDIC MonoThai', style='normal', variant='normal', weight=400, stretch='normal', size='scalable')) = 10.05
2025-05-02 16:37:42,629 - matplotlib.font_manager - DEBUG - findfont: score(FontEntry(fname='C:\\Windows\\Fonts\\segoepr.ttf', name='Segoe Print', style='normal', variant='normal', weight=400, stretch='normal', size='scalable')) = 10.05
2025-05-02 16:37:42,629 - matplotlib.font_manager - DEBUG - findfont: score(FontEntry(fname='C:\\Windows\\Fonts\\LFAXI.TTF', name='Lucida Fax', style='italic', variant='normal', weight=400, stretch='normal', size='scalable')) = 11.05
2025-05-02 16:37:42,629 - matplotlib.font_manager - DEBUG - findfont: score(FontEntry(fname='C:\\Windows\\Fonts\\GLSNECB.TTF', name='Gill Sans MT Ext Condensed Bold', style='normal', variant='normal', weight=400, stretch='condensed', size='scalable')) = 10.25
2025-05-02 16:37:42,629 - matplotlib.font_manager - DEBUG - findfont: score(FontEntry(fname='C:\\Windows\\Fonts\\KozGoPr6N-Bold.otf', name='Kozuka Gothic Pr6N', style='normal', variant='normal', weight=700, stretch='normal', size='scalable')) = 10.335
2025-05-02 16:37:42,629 - matplotlib.font_manager - DEBUG - findfont: score(FontEntry(fname='C:\\Windows\\Fonts\\seguisli.ttf', name='Segoe UI', style='italic', variant='normal', weight=350, stretch='normal', size='scalable')) = 11.0975
2025-05-02 16:37:42,629 - matplotlib.font_manager - DEBUG - findfont: score(FontEntry(fname='C:\\Windows\\Fonts\\AdobeFangsongStd-Regular.otf', name='Adobe Fangsong Std', style='normal', variant='normal', weight=400, stretch='normal', size='scalable')) = 10.05
2025-05-02 16:37:42,629 - matplotlib.font_manager - DEBUG - findfont: score(FontEntry(fname='C:\\Windows\\Fonts\\swromnt.ttf', name='SWRomnt', style='normal', variant='normal', weight=400, stretch='normal', size='scalable')) = 10.05
2025-05-02 16:37:42,629 - matplotlib.font_manager - DEBUG - findfont: score(FontEntry(fname='C:\\Windows\\Fonts\\LEELAWAD.TTF', name='Leelawadee', style='normal', variant='normal', weight=400, stretch='normal', size='scalable')) = 10.05
2025-05-02 16:37:42,629 - matplotlib.font_manager - DEBUG - findfont: score(FontEntry(fname='C:\\Windows\\Fonts\\Candarai.ttf', name='Candara', style='italic', variant='normal', weight=400, stretch='normal', size='scalable')) = 11.05
2025-05-02 16:37:42,629 - matplotlib.font_manager - DEBUG - findfont: score(FontEntry(fname='C:\\Windows\\Fonts\\LeelUIsl.ttf', name='Leelawadee UI', style='normal', variant='normal', weight=350, stretch='normal', size='scalable')) = 10.0975
2025-05-02 16:37:42,629 - matplotlib.font_manager - DEBUG - findfont: score(FontEntry(fname='C:\\Windows\\Fonts\\SitkaVF.ttf', name='Sitka', style='normal', variant='normal', weight=400, stretch='normal', size='scalable')) = 10.05
2025-05-02 16:37:42,629 - matplotlib.font_manager - DEBUG - findfont: score(FontEntry(fname='C:\\Windows\\Fonts\\KozMinPr6N-Heavy.otf', name='Kozuka Mincho Pr6N', style='normal', variant='normal', weight=900, stretch='normal', size='scalable')) = 10.525
2025-05-02 16:37:42,629 - matplotlib.font_manager - DEBUG - findfont: score(FontEntry(fname='C:\\Windows\\Fonts\\AGENCYR.TTF', name='Agency FB', style='normal', variant='normal', weight=400, stretch='normal', size='scalable')) = 10.05
2025-05-02 16:37:42,629 - matplotlib.font_manager - DEBUG - findfont: score(FontEntry(fname='C:\\Windows\\Fonts\\tnruni.ttf', name='Times New Roman Uni', style='normal', variant='normal', weight=400, stretch='normal', size='scalable')) = 10.05
2025-05-02 16:37:42,630 - matplotlib.font_manager - DEBUG - findfont: score(FontEntry(fname='C:\\Windows\\Fonts\\BOD_PSTC.TTF', name='Bodoni MT', style='normal', variant='normal', weight=300, stretch='normal', size='scalable')) = 10.145
2025-05-02 16:37:42,630 - matplotlib.font_manager - DEBUG - findfont: score(FontEntry(fname='C:\\Windows\\Fonts\\SCHLBKI.TTF', name='Century Schoolbook', style='italic', variant='normal', weight=400, stretch='normal', size='scalable')) = 11.05
2025-05-02 16:37:42,630 - matplotlib.font_manager - DEBUG - findfont: score(FontEntry(fname='C:\\Windows\\Fonts\\hyswlongfangsong.ttf', name='HYSWLongFangSong', style='normal', variant='normal', weight=400, stretch='normal', size='scalable')) = 10.05
2025-05-02 16:37:42,630 - matplotlib.font_manager - DEBUG - findfont: score(FontEntry(fname='C:\\Windows\\Fonts\\LTYPEB.TTF', name='Lucida Sans Typewriter', style='normal', variant='normal', weight=600, stretch='normal', size='scalable')) = 10.24
2025-05-02 16:37:42,630 - matplotlib.font_manager - DEBUG - findfont: score(FontEntry(fname='C:\\Windows\\Fonts\\sasmonob.ttf', name='SAS Monospace Bold', style='normal', variant='normal', weight=400, stretch='normal', size='scalable')) = 10.05
2025-05-02 16:37:42,630 - matplotlib.font_manager - DEBUG - findfont: score(FontEntry(fname='C:\\Program Files\\SOLIDWORKS Corp\\SOLIDWORKS\\HoopsPublish\\resource\\Font\\myriadcad.otf', name='Myriad CAD', style='normal', variant='normal', weight=250, stretch='normal', size='scalable')) = 10.1925
2025-05-02 16:37:42,630 - matplotlib.font_manager - DEBUG - findfont: score(FontEntry(fname='C:\\Windows\\Fonts\\ROCKBI.TTF', name='Rockwell', style='italic', variant='normal', weight=700, stretch='normal', size='scalable')) = 11.335
2025-05-02 16:37:42,630 - matplotlib.font_manager - DEBUG - findfont: score(FontEntry(fname='C:\\Windows\\Fonts\\ACLcourpro.ttf', name='Courier ProportionalThai', style='normal', variant='normal', weight=400, stretch='normal', size='scalable')) = 10.05
2025-05-02 16:37:42,630 - matplotlib.font_manager - DEBUG - findfont: score(FontEntry(fname='C:\\Windows\\Fonts\\LTYPE.TTF', name='Lucida Sans Typewriter', style='normal', variant='normal', weight=400, stretch='normal', size='scalable')) = 10.05
2025-05-02 16:37:42,630 - matplotlib.font_manager - DEBUG - findfont: score(FontEntry(fname='C:\\Windows\\Fonts\\Roboto-MediumItalic.ttf', name='Roboto', style='italic', variant='normal', weight=500, stretch='normal', size='scalable')) = 11.145
2025-05-02 16:37:42,630 - matplotlib.font_manager - DEBUG - findfont: score(FontEntry(fname='C:\\Windows\\Fonts\\TCMI____.TTF', name='Tw Cen MT', style='italic', variant='normal', weight=400, stretch='normal', size='scalable')) = 11.05
2025-05-02 16:37:42,630 - matplotlib.font_manager - DEBUG - findfont: score(FontEntry(fname='C:\\Windows\\Fonts\\esri_149.ttf', name='ESRI Surveyor', style='normal', variant='normal', weight=400, stretch='normal', size='scalable')) = 10.05
2025-05-02 16:37:42,630 - matplotlib.font_manager - DEBUG - findfont: score(FontEntry(fname='C:\\Windows\\Fonts\\COPRGTL.TTF', name='Copperplate Gothic Light', style='normal', variant='normal', weight=400, stretch='normal', size='scalable')) = 10.05
2025-05-02 16:37:42,630 - matplotlib.font_manager - DEBUG - findfont: score(FontEntry(fname='C:\\Windows\\Fonts\\AdobeSongStd-Light.otf', name='Adobe Song Std', style='normal', variant='normal', weight=300, stretch='normal', size='scalable')) = 10.145
2025-05-02 16:37:42,630 - matplotlib.font_manager - DEBUG - findfont: score(FontEntry(fname='C:\\Windows\\Fonts\\FRAMDCN.TTF', name='Franklin Gothic Medium Cond', style='normal', variant='normal', weight=400, stretch='condensed', size='scalable')) = 10.25
2025-05-02 16:37:42,630 - matplotlib.font_manager - DEBUG - findfont: score(FontEntry(fname='C:\\Windows\\Fonts\\pala.ttf', name='Palatino Linotype', style='normal', variant='normal', weight=400, stretch='normal', size='scalable')) = 10.05
2025-05-02 16:37:42,630 - matplotlib.font_manager - DEBUG - findfont: score(FontEntry(fname='C:\\Windows\\Fonts\\holomdl2.ttf', name='HoloLens MDL2 Assets', style='normal', variant='normal', weight=400, stretch='normal', size='scalable')) = 10.05
2025-05-02 16:37:42,630 - matplotlib.font_manager - DEBUG - findfont: score(FontEntry(fname='C:\\Windows\\Fonts\\BOD_BLAR.TTF', name='Bodoni MT', style='normal', variant='normal', weight=900, stretch='normal', size='scalable')) = 10.525
2025-05-02 16:37:42,630 - matplotlib.font_manager - DEBUG - findfont: score(FontEntry(fname='C:\\Windows\\Fonts\\esri_121.ttf', name='ESRI Ordnance Survey', style='normal', variant='normal', weight=400, stretch='normal', size='scalable')) = 10.05
2025-05-02 16:37:42,631 - matplotlib.font_manager - DEBUG - findfont: score(FontEntry(fname='C:\\Program Files\\SOLIDWORKS Corp\\SOLIDWORKS\\HoopsPublish\\resource\\Font\\MinionPro-Regular.otf', name='Minion Pro', style='normal', variant='normal', weight=400, stretch='normal', size='scalable')) = 10.05
2025-05-02 16:37:42,631 - matplotlib.font_manager - DEBUG - findfont: score(FontEntry(fname='C:\\Windows\\Fonts\\PLAYBILL.TTF', name='Playbill', style='normal', variant='normal', weight=400, stretch='normal', size='scalable')) = 10.05
2025-05-02 16:37:42,631 - matplotlib.font_manager - DEBUG - findfont: score(FontEntry(fname='C:\\Windows\\Fonts\\FRABKIT.TTF', name='Franklin Gothic Book', style='italic', variant='normal', weight=400, stretch='normal', size='scalable')) = 11.05
2025-05-02 16:37:42,631 - matplotlib.font_manager - DEBUG - findfont: score(FontEntry(fname='C:\\Windows\\Fonts\\simsunb.ttf', name='SimSun-ExtB', style='normal', variant='normal', weight=400, stretch='normal', size='scalable')) = 10.05
2025-05-02 16:37:42,631 - matplotlib.font_manager - DEBUG - findfont: score(FontEntry(fname='C:\\Windows\\Fonts\\comic.ttf', name='Comic Sans MS', style='normal', variant='normal', weight=400, stretch='normal', size='scalable')) = 10.05
2025-05-02 16:37:42,631 - matplotlib.font_manager - DEBUG - findfont: score(FontEntry(fname='C:\\Windows\\Fonts\\esri_17.ttf', name='ESRI NIMA City Graphic LN', style='normal', variant='normal', weight=400, stretch='normal', size='scalable')) = 10.05
2025-05-02 16:37:42,631 - matplotlib.font_manager - DEBUG - findfont: score(FontEntry(fname='C:\\Windows\\Fonts\\MyriadPro-CondIt.otf', name='Myriad Pro', style='italic', variant='normal', weight=400, stretch='condensed', size='scalable')) = 11.25
2025-05-02 16:37:42,631 - matplotlib.font_manager - DEBUG - findfont: score(FontEntry(fname='C:\\Windows\\Fonts\\ChaparralPro-Bold.otf', name='Chaparral Pro', style='normal', variant='normal', weight=700, stretch='normal', size='scalable')) = 10.335
2025-05-02 16:37:42,631 - matplotlib.font_manager - DEBUG - findfont: score(FontEntry(fname='C:\\Windows\\Fonts\\esri_15.ttf', name='ESRI NIMA VMAP1&2 LN', style='normal', variant='normal', weight=400, stretch='normal', size='scalable')) = 10.05
2025-05-02 16:37:42,631 - matplotlib.font_manager - DEBUG - findfont: score(FontEntry(fname='C:\\Windows\\Fonts\\sasgtsbi.ttf', name='Times New Roman Symbol', style='italic', variant='normal', weight=700, stretch='normal', size='scalable')) = 11.335
2025-05-02 16:37:42,631 - matplotlib.font_manager - DEBUG - findfont: score(FontEntry(fname='C:\\Windows\\Fonts\\esri_5.ttf', name='ESRI Weather', style='normal', variant='normal', weight=400, stretch='normal', size='scalable')) = 10.05
2025-05-02 16:37:42,631 - matplotlib.font_manager - DEBUG - findfont: score(FontEntry(fname='C:\\Program Files\\SOLIDWORKS Corp\\SOLIDWORKS\\HoopsPublish\\resource\\Font\\kozgopr6n-medium.otf', name='Kozuka Gothic Pr6N', style='normal', variant='normal', weight=500, stretch='normal', size='scalable')) = 10.145
2025-05-02 16:37:42,631 - matplotlib.font_manager - DEBUG - findfont: score(FontEntry(fname='C:\\Windows\\Fonts\\LSANSDI.TTF', name='Lucida Sans', style='italic', variant='normal', weight=600, stretch='normal', size='scalable')) = 11.24
2025-05-02 16:37:42,631 - matplotlib.font_manager - DEBUG - findfont: score(FontEntry(fname='C:\\Windows\\Fonts\\GOTHIC.TTF', name='Century Gothic', style='normal', variant='normal', weight=400, stretch='normal', size='scalable')) = 10.05
2025-05-02 16:37:42,631 - matplotlib.font_manager - DEBUG - findfont: score(FontEntry(fname='C:\\Windows\\Fonts\\OratorStd-Slanted.otf', name='Orator Std', style='italic', variant='normal', weight=400, stretch='normal', size='scalable')) = 11.05
2025-05-02 16:37:42,631 - matplotlib.font_manager - DEBUG - findfont: score(FontEntry(fname='C:\\Windows\\Fonts\\segoeuiz.ttf', name='Segoe UI', style='italic', variant='normal', weight=700, stretch='normal', size='scalable')) = 11.335
2025-05-02 16:37:42,632 - matplotlib.font_manager - DEBUG - findfont: score(FontEntry(fname='C:\\Windows\\Fonts\\nsjpl.ttf', name='Noto Sans JP', style='normal', variant='normal', weight=300, stretch='normal', size='scalable')) = 10.145
2025-05-02 16:37:42,632 - matplotlib.font_manager - DEBUG - findfont: score(FontEntry(fname='C:\\Windows\\Fonts\\KozMinPro-Heavy.otf', name='Kozuka Mincho Pro', style='normal', variant='normal', weight=900, stretch='normal', size='scalable')) = 10.525
2025-05-02 16:37:42,632 - matplotlib.font_manager - DEBUG - findfont: score(FontEntry(fname='C:\\Windows\\Fonts\\sasgsymb.ttf', name='Symbol MT', style='normal', variant='normal', weight=400, stretch='normal', size='scalable')) = 10.05
2025-05-02 16:37:42,632 - matplotlib.font_manager - DEBUG - findfont: score(FontEntry(fname='C:\\Windows\\Fonts\\LithosPro-Black.otf', name='Lithos Pro', style='normal', variant='normal', weight=850, stretch='normal', size='scalable')) = 10.4775
2025-05-02 16:37:42,632 - matplotlib.font_manager - DEBUG - findfont: score(FontEntry(fname='C:\\Windows\\Fonts\\segoeuisl.ttf', name='Segoe UI', style='normal', variant='normal', weight=350, stretch='normal', size='scalable')) = 10.0975
2025-05-02 16:37:42,632 - matplotlib.font_manager - DEBUG - findfont: score(FontEntry(fname='C:\\Windows\\Fonts\\esri_14.ttf', name='ESRI NIMA VMAP1&2 PT', style='normal', variant='normal', weight=400, stretch='normal', size='scalable')) = 10.05
2025-05-02 16:37:42,632 - matplotlib.font_manager - DEBUG - findfont: score(FontEntry(fname='C:\\Windows\\Fonts\\BarlowCondensed-ExtraBold.otf', name='Barlow Condensed', style='normal', variant='normal', weight=800, stretch='condensed', size='scalable')) = 10.629999999999999
2025-05-02 16:37:42,632 - matplotlib.font_manager - DEBUG - findfont: score(FontEntry(fname='C:\\Windows\\Fonts\\MinionPro-Bold.otf', name='Minion Pro', style='normal', variant='normal', weight=700, stretch='normal', size='scalable')) = 10.335
2025-05-02 16:37:42,632 - matplotlib.font_manager - DEBUG - findfont: score(FontEntry(fname='C:\\Program Files\\SOLIDWORKS Corp\\SOLIDWORKS\\HoopsPublish\\resource\\Font\\AdobeHebrew-Italic.otf', name='Adobe Hebrew', style='italic', variant='normal', weight=400, stretch='normal', size='scalable')) = 11.05
2025-05-02 16:37:42,632 - matplotlib.font_manager - DEBUG - findfont: score(FontEntry(fname='C:\\Windows\\Fonts\\AdobeMingStd-Light.otf', name='Adobe Ming Std', style='normal', variant='normal', weight=300, stretch='normal', size='scalable')) = 10.145
2025-05-02 16:37:42,632 - matplotlib.font_manager - DEBUG - findfont: score(FontEntry(fname='C:\\Windows\\Fonts\\calibrii.ttf', name='Calibri', style='italic', variant='normal', weight=400, stretch='normal', size='scalable')) = 11.05
2025-05-02 16:37:42,632 - matplotlib.font_manager - DEBUG - findfont: score(FontEntry(fname='C:\\Windows\\Fonts\\Barlow-ExtraLight.otf', name='Barlow', style='normal', variant='normal', weight=275, stretch='normal', size='scalable')) = 10.16875
2025-05-02 16:37:42,632 - matplotlib.font_manager - DEBUG - findfont: score(FontEntry(fname='C:\\Windows\\Fonts\\CURLZ___.TTF', name='Curlz MT', style='normal', variant='normal', weight=400, stretch='normal', size='scalable')) = 10.05
2025-05-02 16:37:42,632 - matplotlib.font_manager - DEBUG - findfont: score(FontEntry(fname='C:\\Windows\\Fonts\\StencilStd.otf', name='Stencil Std', style='normal', variant='normal', weight=700, stretch='normal', size='scalable')) = 10.335
2025-05-02 16:37:42,632 - matplotlib.font_manager - DEBUG - findfont: score(FontEntry(fname='C:\\Windows\\Fonts\\swmeteo.ttf', name='SWMeteo', style='normal', variant='normal', weight=400, stretch='normal', size='scalable')) = 10.05
2025-05-02 16:37:42,632 - matplotlib.font_manager - DEBUG - findfont: score(FontEntry(fname='C:\\Windows\\Fonts\\verdanab.ttf', name='Verdana', style='normal', variant='normal', weight=700, stretch='normal', size='scalable')) = 3.9713636363636367
2025-05-02 16:37:42,632 - matplotlib.font_manager - DEBUG - findfont: score(FontEntry(fname='C:\\Windows\\Fonts\\ITCBLKAD.TTF', name='Blackadder ITC', style='normal', variant='normal', weight=400, stretch='normal', size='scalable')) = 10.05
2025-05-02 16:37:42,632 - matplotlib.font_manager - DEBUG - findfont: score(FontEntry(fname='C:\\Windows\\Fonts\\GARABD.TTF', name='Garamond', style='normal', variant='normal', weight=700, stretch='normal', size='scalable')) = 10.335
2025-05-02 16:37:42,633 - matplotlib.font_manager - DEBUG - findfont: score(FontEntry(fname='C:\\Windows\\Fonts\\NIAGSOL.TTF', name='Niagara Solid', style='normal', variant='normal', weight=400, stretch='normal', size='scalable')) = 10.05
2025-05-02 16:37:42,633 - matplotlib.font_manager - DEBUG - findfont: score(FontEntry(fname='C:\\Windows\\Fonts\\ERASDEMI.TTF', name='Eras Demi ITC', style='normal', variant='normal', weight=400, stretch='normal', size='scalable')) = 10.05
2025-05-02 16:37:42,633 - matplotlib.font_manager - DEBUG - findfont: score(FontEntry(fname='C:\\Windows\\Fonts\\esri_30s.ttf', name='ESRI ArcPad', style='normal', variant='normal', weight=400, stretch='normal', size='scalable')) = 10.05
2025-05-02 16:37:42,633 - matplotlib.font_manager - DEBUG - findfont: score(FontEntry(fname='C:\\Windows\\Fonts\\esri_153.ttf', name='ESRI AMFM Water', style='normal', variant='normal', weight=400, stretch='normal', size='scalable')) = 10.05
2025-05-02 16:37:42,633 - matplotlib.font_manager - DEBUG - findfont: score(FontEntry(fname='C:\\Windows\\Fonts\\BOD_R.TTF', name='Bodoni MT', style='normal', variant='normal', weight=400, stretch='normal', size='scalable')) = 10.05
2025-05-02 16:37:42,633 - matplotlib.font_manager - DEBUG - findfont: score(FontEntry(fname='C:\\Windows\\Fonts\\Candarab.ttf', name='Candara', style='normal', variant='normal', weight=700, stretch='normal', size='scalable')) = 10.335
2025-05-02 16:37:42,633 - matplotlib.font_manager - DEBUG - findfont: score(FontEntry(fname='C:\\Windows\\Fonts\\swgreks.ttf', name='SWGreks', style='normal', variant='normal', weight=400, stretch='normal', size='scalable')) = 10.05
2025-05-02 16:37:42,633 - matplotlib.font_manager - DEBUG - findfont: score(FontEntry(fname='C:\\Windows\\Fonts\\CharlemagneStd-Bold.otf', name='Charlemagne Std', style='normal', variant='normal', weight=700, stretch='normal', size='scalable')) = 10.335
2025-05-02 16:37:42,633 - matplotlib.font_manager - DEBUG - findfont: score(FontEntry(fname='C:\\Windows\\Fonts\\MyriadPro-BoldCond.otf', name='Myriad Pro', style='normal', variant='normal', weight=700, stretch='condensed', size='scalable')) = 10.535
2025-05-02 16:37:42,633 - matplotlib.font_manager - DEBUG - findfont: score(FontEntry(fname='C:\\Windows\\Fonts\\esri_9.ttf', name='ESRI Transportation & Civic', style='normal', variant='normal', weight=400, stretch='normal', size='scalable')) = 10.05
2025-05-02 16:37:42,633 - matplotlib.font_manager - DEBUG - findfont: score(FontEntry(fname='C:\\Windows\\Fonts\\Barlow-ExtraBold.otf', name='Barlow', style='normal', variant='normal', weight=800, stretch='normal', size='scalable')) = 10.43
2025-05-02 16:37:42,633 - matplotlib.font_manager - DEBUG - findfont: score(FontEntry(fname='C:\\Windows\\Fonts\\TCM_____.TTF', name='Tw Cen MT', style='normal', variant='normal', weight=400, stretch='normal', size='scalable')) = 10.05
2025-05-02 16:37:42,633 - matplotlib.font_manager - DEBUG - findfont: score(FontEntry(fname='C:\\Windows\\Fonts\\calibrib.ttf', name='Calibri', style='normal', variant='normal', weight=700, stretch='normal', size='scalable')) = 10.335
2025-05-02 16:37:42,633 - matplotlib.font_manager - DEBUG - findfont: Matching sans\-serif:style=normal:variant=normal:weight=normal:stretch=normal:size=10.0 to DejaVu Sans ('C:\\Users\\thlouey\\Documents\\GitHub\\FilmProductionScheduler\\dist\\FilmScheduler\\_internal\\matplotlib\\mpl-data\\fonts\\ttf\\DejaVuSans.ttf') with score of 0.050000.
2025-05-02 16:37:42,745 - matplotlib.font_manager - DEBUG - findfont: Matching sans\-serif:style=normal:variant=normal:weight=normal:stretch=normal:size=12.0.
2025-05-02 16:37:42,746 - matplotlib.font_manager - DEBUG - findfont: score(FontEntry(fname='C:\\Users\\thlouey\\Documents\\GitHub\\FilmProductionScheduler\\dist\\FilmScheduler\\_internal\\matplotlib\\mpl-data\\fonts\\ttf\\STIXSizThreeSymReg.ttf', name='STIXSizeThreeSym', style='normal', variant='normal', weight=400, stretch='normal', size='scalable')) = 10.05
2025-05-02 16:37:42,746 - matplotlib.font_manager - DEBUG - findfont: score(FontEntry(fname='C:\\Users\\thlouey\\Documents\\GitHub\\FilmProductionScheduler\\dist\\FilmScheduler\\_internal\\matplotlib\\mpl-data\\fonts\\ttf\\STIXNonUniBol.ttf', name='STIXNonUnicode', style='normal', variant='normal', weight=700, stretch='normal', size='scalable')) = 10.335
2025-05-02 16:37:42,746 - matplotlib.font_manager - DEBUG - findfont: score(FontEntry(fname='C:\\Users\\thlouey\\Documents\\GitHub\\FilmProductionScheduler\\dist\\FilmScheduler\\_internal\\matplotlib\\mpl-data\\fonts\\ttf\\cmr10.ttf', name='cmr10', style='normal', variant='normal', weight=400, stretch='normal', size='scalable')) = 10.05
2025-05-02 16:37:42,746 - matplotlib.font_manager - DEBUG - findfont: score(FontEntry(fname='C:\\Users\\thlouey\\Documents\\GitHub\\FilmProductionScheduler\\dist\\FilmScheduler\\_internal\\matplotlib\\mpl-data\\fonts\\ttf\\cmss10.ttf', name='cmss10', style='normal', variant='normal', weight=400, stretch='normal', size='scalable')) = 10.05
2025-05-02 16:37:42,746 - matplotlib.font_manager - DEBUG - findfont: score(FontEntry(fname='C:\\Users\\thlouey\\Documents\\GitHub\\FilmProductionScheduler\\dist\\FilmScheduler\\_internal\\matplotlib\\mpl-data\\fonts\\ttf\\STIXGeneralBolIta.ttf', name='STIXGeneral', style='italic', variant='normal', weight=700, stretch='normal', size='scalable')) = 11.335
2025-05-02 16:37:42,746 - matplotlib.font_manager - DEBUG - findfont: score(FontEntry(fname='C:\\Users\\thlouey\\Documents\\GitHub\\FilmProductionScheduler\\dist\\FilmScheduler\\_internal\\matplotlib\\mpl-data\\fonts\\ttf\\DejaVuSansMono-Oblique.ttf', name='DejaVu Sans Mono', style='oblique', variant='normal', weight=400, stretch='normal', size='scalable')) = 11.05
2025-05-02 16:37:42,746 - matplotlib.font_manager - DEBUG - findfont: score(FontEntry(fname='C:\\Users\\thlouey\\Documents\\GitHub\\FilmProductionScheduler\\dist\\FilmScheduler\\_internal\\matplotlib\\mpl-data\\fonts\\ttf\\DejaVuSansDisplay.ttf', name='DejaVu Sans Display', style='normal', variant='normal', weight=400, stretch='normal', size='scalable')) = 10.05
2025-05-02 16:37:42,746 - matplotlib.font_manager - DEBUG - findfont: score(FontEntry(fname='C:\\Users\\thlouey\\Documents\\GitHub\\FilmProductionScheduler\\dist\\FilmScheduler\\_internal\\matplotlib\\mpl-data\\fonts\\ttf\\STIXSizOneSymReg.ttf', name='STIXSizeOneSym', style='normal', variant='normal', weight=400, stretch='normal', size='scalable')) = 10.05
2025-05-02 16:37:42,746 - matplotlib.font_manager - DEBUG - findfont: score(FontEntry(fname='C:\\Users\\thlouey\\Documents\\GitHub\\FilmProductionScheduler\\dist\\FilmScheduler\\_internal\\matplotlib\\mpl-data\\fonts\\ttf\\DejaVuSerifDisplay.ttf', name='DejaVu Serif Display', style='normal', variant='normal', weight=400, stretch='normal', size='scalable')) = 10.05
2025-05-02 16:37:42,746 - matplotlib.font_manager - DEBUG - findfont: score(FontEntry(fname='C:\\Users\\thlouey\\Documents\\GitHub\\FilmProductionScheduler\\dist\\FilmScheduler\\_internal\\matplotlib\\mpl-data\\fonts\\ttf\\DejaVuSerif-Bold.ttf', name='DejaVu Serif', style='normal', variant='normal', weight=700, stretch='normal', size='scalable')) = 10.335
2025-05-02 16:37:42,746 - matplotlib.font_manager - DEBUG - findfont: score(FontEntry(fname='C:\\Users\\thlouey\\Documents\\GitHub\\FilmProductionScheduler\\dist\\FilmScheduler\\_internal\\matplotlib\\mpl-data\\fonts\\ttf\\STIXSizTwoSymReg.ttf', name='STIXSizeTwoSym', style='normal', variant='normal', weight=400, stretch='normal', size='scalable')) = 10.05
2025-05-02 16:37:42,746 - matplotlib.font_manager - DEBUG - findfont: score(FontEntry(fname='C:\\Users\\thlouey\\Documents\\GitHub\\FilmProductionScheduler\\dist\\FilmScheduler\\_internal\\matplotlib\\mpl-data\\fonts\\ttf\\DejaVuSans.ttf', name='DejaVu Sans', style='normal', variant='normal', weight=400, stretch='normal', size='scalable')) = 0.05
2025-05-02 16:37:42,746 - matplotlib.font_manager - DEBUG - findfont: score(FontEntry(fname='C:\\Users\\thlouey\\Documents\\GitHub\\FilmProductionScheduler\\dist\\FilmScheduler\\_internal\\matplotlib\\mpl-data\\fonts\\ttf\\DejaVuSerif-Italic.ttf', name='DejaVu Serif', style='italic', variant='normal', weight=400, stretch='normal', size='scalable')) = 11.05
2025-05-02 16:37:42,746 - matplotlib.font_manager - DEBUG - findfont: score(FontEntry(fname='C:\\Users\\thlouey\\Documents\\GitHub\\FilmProductionScheduler\\dist\\FilmScheduler\\_internal\\matplotlib\\mpl-data\\fonts\\ttf\\DejaVuSans-BoldOblique.ttf', name='DejaVu Sans', style='oblique', variant='normal', weight=700, stretch='normal', size='scalable')) = 1.335
2025-05-02 16:37:42,747 - matplotlib.font_manager - DEBUG - findfont: score(FontEntry(fname='C:\\Users\\thlouey\\Documents\\GitHub\\FilmProductionScheduler\\dist\\FilmScheduler\\_internal\\matplotlib\\mpl-data\\fonts\\ttf\\STIXGeneralItalic.ttf', name='STIXGeneral', style='italic', variant='normal', weight=400, stretch='normal', size='scalable')) = 11.05
2025-05-02 16:37:42,747 - matplotlib.font_manager - DEBUG - findfont: score(FontEntry(fname='C:\\Users\\thlouey\\Documents\\GitHub\\FilmProductionScheduler\\dist\\FilmScheduler\\_internal\\matplotlib\\mpl-data\\fonts\\ttf\\STIXNonUniIta.ttf', name='STIXNonUnicode', style='italic', variant='normal', weight=400, stretch='normal', size='scalable')) = 11.05
2025-05-02 16:37:42,747 - matplotlib.font_manager - DEBUG - findfont: score(FontEntry(fname='C:\\Users\\thlouey\\Documents\\GitHub\\FilmProductionScheduler\\dist\\FilmScheduler\\_internal\\matplotlib\\mpl-data\\fonts\\ttf\\STIXSizFiveSymReg.ttf', name='STIXSizeFiveSym', style='normal', variant='normal', weight=400, stretch='normal', size='scalable')) = 10.05
2025-05-02 16:37:42,747 - matplotlib.font_manager - DEBUG - findfont: score(FontEntry(fname='C:\\Users\\thlouey\\Documents\\GitHub\\FilmProductionScheduler\\dist\\FilmScheduler\\_internal\\matplotlib\\mpl-data\\fonts\\ttf\\DejaVuSans-Oblique.ttf', name='DejaVu Sans', style='oblique', variant='normal', weight=400, stretch='normal', size='scalable')) = 1.05
2025-05-02 16:37:42,747 - matplotlib.font_manager - DEBUG - findfont: score(FontEntry(fname='C:\\Users\\thlouey\\Documents\\GitHub\\FilmProductionScheduler\\dist\\FilmScheduler\\_internal\\matplotlib\\mpl-data\\fonts\\ttf\\STIXGeneral.ttf', name='STIXGeneral', style='normal', variant='normal', weight=400, stretch='normal', size='scalable')) = 10.05
2025-05-02 16:37:42,747 - matplotlib.font_manager - DEBUG - findfont: score(FontEntry(fname='C:\\Users\\thlouey\\Documents\\GitHub\\FilmProductionScheduler\\dist\\FilmScheduler\\_internal\\matplotlib\\mpl-data\\fonts\\ttf\\STIXSizFourSymBol.ttf', name='STIXSizeFourSym', style='normal', variant='normal', weight=700, stretch='normal', size='scalable')) = 10.335
2025-05-02 16:37:42,747 - matplotlib.font_manager - DEBUG - findfont: score(FontEntry(fname='C:\\Users\\thlouey\\Documents\\GitHub\\FilmProductionScheduler\\dist\\FilmScheduler\\_internal\\matplotlib\\mpl-data\\fonts\\ttf\\DejaVuSansMono-BoldOblique.ttf', name='DejaVu Sans Mono', style='oblique', variant='normal', weight=700, stretch='normal', size='scalable')) = 11.335
2025-05-02 16:37:42,747 - matplotlib.font_manager - DEBUG - findfont: score(FontEntry(fname='C:\\Users\\thlouey\\Documents\\GitHub\\FilmProductionScheduler\\dist\\FilmScheduler\\_internal\\matplotlib\\mpl-data\\fonts\\ttf\\STIXSizFourSymReg.ttf', name='STIXSizeFourSym', style='normal', variant='normal', weight=400, stretch='normal', size='scalable')) = 10.05
2025-05-02 16:37:42,747 - matplotlib.font_manager - DEBUG - findfont: score(FontEntry(fname='C:\\Users\\thlouey\\Documents\\GitHub\\FilmProductionScheduler\\dist\\FilmScheduler\\_internal\\matplotlib\\mpl-data\\fonts\\ttf\\STIXSizTwoSymBol.ttf', name='STIXSizeTwoSym', style='normal', variant='normal', weight=700, stretch='normal', size='scalable')) = 10.335
2025-05-02 16:37:42,747 - matplotlib.font_manager - DEBUG - findfont: score(FontEntry(fname='C:\\Users\\thlouey\\Documents\\GitHub\\FilmProductionScheduler\\dist\\FilmScheduler\\_internal\\matplotlib\\mpl-data\\fonts\\ttf\\cmex10.ttf', name='cmex10', style='normal', variant='normal', weight=400, stretch='normal', size='scalable')) = 10.05
2025-05-02 16:37:42,747 - matplotlib.font_manager - DEBUG - findfont: score(FontEntry(fname='C:\\Users\\thlouey\\Documents\\GitHub\\FilmProductionScheduler\\dist\\FilmScheduler\\_internal\\matplotlib\\mpl-data\\fonts\\ttf\\DejaVuSerif.ttf', name='DejaVu Serif', style='normal', variant='normal', weight=400, stretch='normal', size='scalable')) = 10.05
2025-05-02 16:37:42,747 - matplotlib.font_manager - DEBUG - findfont: score(FontEntry(fname='C:\\Users\\thlouey\\Documents\\GitHub\\FilmProductionScheduler\\dist\\FilmScheduler\\_internal\\matplotlib\\mpl-data\\fonts\\ttf\\STIXSizThreeSymBol.ttf', name='STIXSizeThreeSym', style='normal', variant='normal', weight=700, stretch='normal', size='scalable')) = 10.335
2025-05-02 16:37:42,747 - matplotlib.font_manager - DEBUG - findfont: score(FontEntry(fname='C:\\Users\\thlouey\\Documents\\GitHub\\FilmProductionScheduler\\dist\\FilmScheduler\\_internal\\matplotlib\\mpl-data\\fonts\\ttf\\cmsy10.ttf', name='cmsy10', style='normal', variant='normal', weight=400, stretch='normal', size='scalable')) = 10.05
2025-05-02 16:37:42,747 - matplotlib.font_manager - DEBUG - findfont: score(FontEntry(fname='C:\\Users\\thlouey\\Documents\\GitHub\\FilmProductionScheduler\\dist\\FilmScheduler\\_internal\\matplotlib\\mpl-data\\fonts\\ttf\\DejaVuSansMono.ttf', name='DejaVu Sans Mono', style='normal', variant='normal', weight=400, stretch='normal', size='scalable')) = 10.05
2025-05-02 16:37:42,747 - matplotlib.font_manager - DEBUG - findfont: score(FontEntry(fname='C:\\Users\\thlouey\\Documents\\GitHub\\FilmProductionScheduler\\dist\\FilmScheduler\\_internal\\matplotlib\\mpl-data\\fonts\\ttf\\STIXNonUniBolIta.ttf', name='STIXNonUnicode', style='italic', variant='normal', weight=700, stretch='normal', size='scalable')) = 11.335
2025-05-02 16:37:42,748 - matplotlib.font_manager - DEBUG - findfont: score(FontEntry(fname='C:\\Users\\thlouey\\Documents\\GitHub\\FilmProductionScheduler\\dist\\FilmScheduler\\_internal\\matplotlib\\mpl-data\\fonts\\ttf\\cmb10.ttf', name='cmb10', style='normal', variant='normal', weight=400, stretch='normal', size='scalable')) = 10.05
2025-05-02 16:37:42,748 - matplotlib.font_manager - DEBUG - findfont: score(FontEntry(fname='C:\\Users\\thlouey\\Documents\\GitHub\\FilmProductionScheduler\\dist\\FilmScheduler\\_internal\\matplotlib\\mpl-data\\fonts\\ttf\\STIXNonUni.ttf', name='STIXNonUnicode', style='normal', variant='normal', weight=400, stretch='normal', size='scalable')) = 10.05
2025-05-02 16:37:42,748 - matplotlib.font_manager - DEBUG - findfont: score(FontEntry(fname='C:\\Users\\thlouey\\Documents\\GitHub\\FilmProductionScheduler\\dist\\FilmScheduler\\_internal\\matplotlib\\mpl-data\\fonts\\ttf\\DejaVuSerif-BoldItalic.ttf', name='DejaVu Serif', style='italic', variant='normal', weight=700, stretch='normal', size='scalable')) = 11.335
2025-05-02 16:37:42,748 - matplotlib.font_manager - DEBUG - findfont: score(FontEntry(fname='C:\\Users\\thlouey\\Documents\\GitHub\\FilmProductionScheduler\\dist\\FilmScheduler\\_internal\\matplotlib\\mpl-data\\fonts\\ttf\\STIXGeneralBol.ttf', name='STIXGeneral', style='normal', variant='normal', weight=700, stretch='normal', size='scalable')) = 10.335
2025-05-02 16:37:42,748 - matplotlib.font_manager - DEBUG - findfont: score(FontEntry(fname='C:\\Users\\thlouey\\Documents\\GitHub\\FilmProductionScheduler\\dist\\FilmScheduler\\_internal\\matplotlib\\mpl-data\\fonts\\ttf\\cmtt10.ttf', name='cmtt10', style='normal', variant='normal', weight=400, stretch='normal', size='scalable')) = 10.05
2025-05-02 16:37:42,748 - matplotlib.font_manager - DEBUG - findfont: score(FontEntry(fname='C:\\Users\\thlouey\\Documents\\GitHub\\FilmProductionScheduler\\dist\\FilmScheduler\\_internal\\matplotlib\\mpl-data\\fonts\\ttf\\DejaVuSans-Bold.ttf', name='DejaVu Sans', style='normal', variant='normal', weight=700, stretch='normal', size='scalable')) = 0.33499999999999996
2025-05-02 16:37:42,748 - matplotlib.font_manager - DEBUG - findfont: score(FontEntry(fname='C:\\Users\\thlouey\\Documents\\GitHub\\FilmProductionScheduler\\dist\\FilmScheduler\\_internal\\matplotlib\\mpl-data\\fonts\\ttf\\DejaVuSansMono-Bold.ttf', name='DejaVu Sans Mono', style='normal', variant='normal', weight=700, stretch='normal', size='scalable')) = 10.335
2025-05-02 16:37:42,748 - matplotlib.font_manager - DEBUG - findfont: score(FontEntry(fname='C:\\Users\\thlouey\\Documents\\GitHub\\FilmProductionScheduler\\dist\\FilmScheduler\\_internal\\matplotlib\\mpl-data\\fonts\\ttf\\STIXSizOneSymBol.ttf', name='STIXSizeOneSym', style='normal', variant='normal', weight=700, stretch='normal', size='scalable')) = 10.335
2025-05-02 16:37:42,748 - matplotlib.font_manager - DEBUG - findfont: score(FontEntry(fname='C:\\Users\\thlouey\\Documents\\GitHub\\FilmProductionScheduler\\dist\\FilmScheduler\\_internal\\matplotlib\\mpl-data\\fonts\\ttf\\cmmi10.ttf', name='cmmi10', style='normal', variant='normal', weight=400, stretch='normal', size='scalable')) = 10.05
2025-05-02 16:37:42,748 - matplotlib.font_manager - DEBUG - findfont: score(FontEntry(fname='C:\\Windows\\Fonts\\tahomabd.ttf', name='Tahoma', style='normal', variant='normal', weight=700, stretch='normal', size='scalable')) = 10.335
2025-05-02 16:37:42,748 - matplotlib.font_manager - DEBUG - findfont: score(FontEntry(fname='C:\\Windows\\Fonts\\BarlowCondensed-Bold.otf', name='Barlow Condensed', style='normal', variant='normal', weight=700, stretch='condensed', size='scalable')) = 10.535
2025-05-02 16:37:42,749 - matplotlib.font_manager - DEBUG - findfont: score(FontEntry(fname='C:\\Windows\\Fonts\\msyhbd.ttc', name='Microsoft YaHei', style='normal', variant='normal', weight=700, stretch='normal', size='scalable')) = 10.335
2025-05-02 16:37:42,749 - matplotlib.font_manager - DEBUG - findfont: score(FontEntry(fname='C:\\Windows\\Fonts\\arialbi.ttf', name='Arial', style='italic', variant='normal', weight=700, stretch='normal', size='scalable')) = 7.698636363636363
2025-05-02 16:37:42,749 - matplotlib.font_manager - DEBUG - findfont: score(FontEntry(fname='C:\\Windows\\Fonts\\LTYPEBO.TTF', name='Lucida Sans Typewriter', style='oblique', variant='normal', weight=600, stretch='normal', size='scalable')) = 11.24
2025-05-02 16:37:42,749 - matplotlib.font_manager - DEBUG - findfont: score(FontEntry(fname='C:\\Windows\\Fonts\\BrushScriptStd.otf', name='Brush Script Std', style='normal', variant='normal', weight=500, stretch='normal', size='scalable')) = 10.145
2025-05-02 16:37:42,749 - matplotlib.font_manager - DEBUG - findfont: score(FontEntry(fname='C:\\Windows\\Fonts\\NuevaStd-CondItalic.otf', name='Nueva Std', style='italic', variant='normal', weight=400, stretch='condensed', size='scalable')) = 11.25
2025-05-02 16:37:42,749 - matplotlib.font_manager - DEBUG - findfont: score(FontEntry(fname='C:\\Windows\\Fonts\\Barlow-Light.otf', name='Barlow', style='normal', variant='normal', weight=300, stretch='normal', size='scalable')) = 10.145
2025-05-02 16:37:42,749 - matplotlib.font_manager - DEBUG - findfont: score(FontEntry(fname='C:\\Windows\\Fonts\\corbeli.ttf', name='Corbel', style='italic', variant='normal', weight=400, stretch='normal', size='scalable')) = 11.05
2025-05-02 16:37:42,749 - matplotlib.font_manager - DEBUG - findfont: score(FontEntry(fname='C:\\Windows\\Fonts\\LHANDW.TTF', name='Lucida Handwriting', style='italic', variant='normal', weight=400, stretch='normal', size='scalable')) = 11.05
2025-05-02 16:37:42,749 - matplotlib.font_manager - DEBUG - findfont: score(FontEntry(fname='C:\\Windows\\Fonts\\BarlowSemiCondensed-ExtraLight.otf', name='Barlow Semi Condensed', style='normal', variant='normal', weight=275, stretch='condensed', size='scalable')) = 10.368749999999999
2025-05-02 16:37:42,749 - matplotlib.font_manager - DEBUG - findfont: score(FontEntry(fname='C:\\Windows\\Fonts\\GILLUBCD.TTF', name='Gill Sans Ultra Bold Condensed', style='normal', variant='normal', weight=400, stretch='condensed', size='scalable')) = 10.25
2025-05-02 16:37:42,749 - matplotlib.font_manager - DEBUG - findfont: score(FontEntry(fname='C:\\Windows\\Fonts\\ChaparralPro-Italic.otf', name='Chaparral Pro', style='italic', variant='normal', weight=400, stretch='normal', size='scalable')) = 11.05
2025-05-02 16:37:42,749 - matplotlib.font_manager - DEBUG - findfont: score(FontEntry(fname='C:\\Windows\\Fonts\\BarlowSemiCondensed-SemiBold.otf', name='Barlow Semi Condensed', style='normal', variant='normal', weight=600, stretch='condensed', size='scalable')) = 10.44
2025-05-02 16:37:42,749 - matplotlib.font_manager - DEBUG - findfont: score(FontEntry(fname='C:\\Windows\\Fonts\\FRABK.TTF', name='Franklin Gothic Book', style='normal', variant='normal', weight=400, stretch='normal', size='scalable')) = 10.05
2025-05-02 16:37:42,749 - matplotlib.font_manager - DEBUG - findfont: score(FontEntry(fname='C:\\Windows\\Fonts\\VLADIMIR.TTF', name='Vladimir Script', style='normal', variant='normal', weight=400, stretch='normal', size='scalable')) = 10.05
2025-05-02 16:37:42,749 - matplotlib.font_manager - DEBUG - findfont: score(FontEntry(fname='C:\\Windows\\Fonts\\BOD_CB.TTF', name='Bodoni MT', style='normal', variant='normal', weight=700, stretch='condensed', size='scalable')) = 10.535
2025-05-02 16:37:42,749 - matplotlib.font_manager - DEBUG - findfont: score(FontEntry(fname='C:\\Program Files\\SOLIDWORKS Corp\\SOLIDWORKS\\HoopsPublish\\resource\\Font\\kozminpr6n-regular.otf', name='Kozuka Mincho Pr6N', style='normal', variant='normal', weight=400, stretch='normal', size='scalable')) = 10.05
2025-05-02 16:37:42,749 - matplotlib.font_manager - DEBUG - findfont: score(FontEntry(fname='C:\\Windows\\Fonts\\esri_4.ttf', name='ESRI Oil, Gas, & Water', style='normal', variant='normal', weight=400, stretch='normal', size='scalable')) = 10.05
2025-05-02 16:37:42,749 - matplotlib.font_manager - DEBUG - findfont: score(FontEntry(fname='C:\\Windows\\Fonts\\KozGoPro-Bold.otf', name='Kozuka Gothic Pro', style='normal', variant='normal', weight=700, stretch='normal', size='scalable')) = 10.335
2025-05-02 16:37:42,750 - matplotlib.font_manager - DEBUG - findfont: score(FontEntry(fname='C:\\Windows\\Fonts\\ARIALNB.TTF', name='Arial', style='normal', variant='normal', weight=700, stretch='condensed', size='scalable')) = 6.8986363636363635
2025-05-02 16:37:42,750 - matplotlib.font_manager - DEBUG - findfont: score(FontEntry(fname='C:\\Windows\\Fonts\\esri_16.ttf', name='ESRI NIMA City Graphic PT', style='normal', variant='normal', weight=400, stretch='normal', size='scalable')) = 10.05
2025-05-02 16:37:42,750 - matplotlib.font_manager - DEBUG - findfont: score(FontEntry(fname='C:\\Windows\\Fonts\\MinionPro-Medium.otf', name='Minion Pro', style='normal', variant='normal', weight=500, stretch='normal', size='scalable')) = 10.145
2025-05-02 16:37:42,750 - matplotlib.font_manager - DEBUG - findfont: score(FontEntry(fname='C:\\Windows\\Fonts\\TektonPro-BoldExt.otf', name='Tekton Pro', style='normal', variant='normal', weight=700, stretch='expanded', size='scalable')) = 10.535
2025-05-02 16:37:42,750 - matplotlib.font_manager - DEBUG - findfont: score(FontEntry(fname='C:\\Windows\\Fonts\\KozMinPro-Regular.otf', name='Kozuka Mincho Pro', style='normal', variant='normal', weight=400, stretch='normal', size='scalable')) = 10.05
2025-05-02 16:37:42,750 - matplotlib.font_manager - DEBUG - findfont: score(FontEntry(fname='C:\\Windows\\Fonts\\swisot1.ttf', name='SWIsot1', style='normal', variant='normal', weight=400, stretch='normal', size='scalable')) = 10.05
2025-05-02 16:37:42,750 - matplotlib.font_manager - DEBUG - findfont: score(FontEntry(fname='C:\\Windows\\Fonts\\MyriadPro-Regular.otf', name='Myriad Pro', style='normal', variant='normal', weight=400, stretch='normal', size='scalable')) = 10.05
2025-05-02 16:37:42,750 - matplotlib.font_manager - DEBUG - findfont: score(FontEntry(fname='C:\\Windows\\Fonts\\BKANT.TTF', name='Book Antiqua', style='normal', variant='normal', weight=400, stretch='normal', size='scalable')) = 10.05
2025-05-02 16:37:42,750 - matplotlib.font_manager - DEBUG - findfont: score(FontEntry(fname='C:\\Windows\\Fonts\\MesquiteStd.otf', name='Mesquite Std', style='normal', variant='normal', weight=500, stretch='normal', size='scalable')) = 10.145
2025-05-02 16:37:42,750 - matplotlib.font_manager - DEBUG - findfont: score(FontEntry(fname='C:\\Windows\\Fonts\\MOD20.TTF', name='Modern No. 20', style='normal', variant='normal', weight=400, stretch='normal', size='scalable')) = 10.05
2025-05-02 16:37:42,750 - matplotlib.font_manager - DEBUG - findfont: score(FontEntry(fname='C:\\Windows\\Fonts\\esri_405.ttf', name='ESRI Elements', style='normal', variant='normal', weight=400, stretch='normal', size='scalable')) = 10.05
2025-05-02 16:37:42,750 - matplotlib.font_manager - DEBUG - findfont: score(FontEntry(fname='C:\\Windows\\Fonts\\esri_377.ttf', name='ESRI Caves 3', style='normal', variant='normal', weight=400, stretch='normal', size='scalable')) = 10.05
2025-05-02 16:37:42,750 - matplotlib.font_manager - DEBUG - findfont: score(FontEntry(fname='C:\\Windows\\Fonts\\gadugib.ttf', name='Gadugi', style='normal', variant='normal', weight=700, stretch='normal', size='scalable')) = 10.335
2025-05-02 16:37:42,750 - matplotlib.font_manager - DEBUG - findfont: score(FontEntry(fname='C:\\Windows\\Fonts\\seguisym.ttf', name='Segoe UI Symbol', style='normal', variant='normal', weight=400, stretch='normal', size='scalable')) = 10.05
2025-05-02 16:37:42,750 - matplotlib.font_manager - DEBUG - findfont: score(FontEntry(fname='C:\\Windows\\Fonts\\Dengl.ttf', name='DengXian', style='normal', variant='normal', weight=300, stretch='normal', size='scalable')) = 10.145
2025-05-02 16:37:42,750 - matplotlib.font_manager - DEBUG - findfont: score(FontEntry(fname='C:\\Windows\\Fonts\\KozMinPr6N-Regular.otf', name='Kozuka Mincho Pr6N', style='normal', variant='normal', weight=400, stretch='normal', size='scalable')) = 10.05
2025-05-02 16:37:42,750 - matplotlib.font_manager - DEBUG - findfont: score(FontEntry(fname='C:\\Windows\\Fonts\\simkai.ttf', name='KaiTi', style='normal', variant='normal', weight=400, stretch='normal', size='scalable')) = 10.05
2025-05-02 16:37:42,750 - matplotlib.font_manager - DEBUG - findfont: score(FontEntry(fname='C:\\Windows\\Fonts\\LBRITED.TTF', name='Lucida Bright', style='normal', variant='normal', weight=600, stretch='normal', size='scalable')) = 10.24
2025-05-02 16:37:42,750 - matplotlib.font_manager - DEBUG - findfont: score(FontEntry(fname='C:\\Windows\\Fonts\\ntailu.ttf', name='Microsoft New Tai Lue', style='normal', variant='normal', weight=400, stretch='normal', size='scalable')) = 10.05
2025-05-02 16:37:42,750 - matplotlib.font_manager - DEBUG - findfont: score(FontEntry(fname='C:\\Windows\\Fonts\\GILI____.TTF', name='Gill Sans MT', style='italic', variant='normal', weight=400, stretch='normal', size='scalable')) = 11.05
2025-05-02 16:37:42,750 - matplotlib.font_manager - DEBUG - findfont: score(FontEntry(fname='C:\\Windows\\Fonts\\REFSPCL.TTF', name='MS Reference Specialty', style='normal', variant='normal', weight=400, stretch='normal', size='scalable')) = 10.05
2025-05-02 16:37:42,751 - matplotlib.font_manager - DEBUG - findfont: score(FontEntry(fname='C:\\Windows\\Fonts\\BarlowCondensed-SemiBold.otf', name='Barlow Condensed', style='normal', variant='normal', weight=600, stretch='condensed', size='scalable')) = 10.44
2025-05-02 16:37:42,751 - matplotlib.font_manager - DEBUG - findfont: score(FontEntry(fname='C:\\Windows\\Fonts\\seguisb.ttf', name='Segoe UI', style='normal', variant='normal', weight=600, stretch='normal', size='scalable')) = 10.24
2025-05-02 16:37:42,751 - matplotlib.font_manager - DEBUG - findfont: score(FontEntry(fname='C:\\Windows\\Fonts\\esri_152.ttf', name='ESRI AMFM Sewer', style='normal', variant='normal', weight=400, stretch='normal', size='scalable')) = 10.05
2025-05-02 16:37:42,751 - matplotlib.font_manager - DEBUG - findfont: score(FontEntry(fname='C:\\Program Files\\SOLIDWORKS Corp\\SOLIDWORKS\\HoopsPublish\\resource\\Font\\adobepistd.otf', name='Adobe Pi Std', style='normal', variant='normal', weight=400, stretch='normal', size='scalable')) = 10.05
2025-05-02 16:37:42,751 - matplotlib.font_manager - DEBUG - findfont: score(FontEntry(fname='C:\\Windows\\Fonts\\LetterGothicStd-Bold.otf', name='Letter Gothic Std', style='normal', variant='normal', weight=700, stretch='normal', size='scalable')) = 10.335
2025-05-02 16:37:42,751 - matplotlib.font_manager - DEBUG - findfont: score(FontEntry(fname='C:\\Windows\\Fonts\\PERBI___.TTF', name='Perpetua', style='italic', variant='normal', weight=700, stretch='normal', size='scalable')) = 11.335
2025-05-02 16:37:42,751 - matplotlib.font_manager - DEBUG - findfont: score(FontEntry(fname='C:\\Windows\\Fonts\\ChaparralPro-LightIt.otf', name='Chaparral Pro', style='italic', variant='normal', weight=300, stretch='normal', size='scalable')) = 11.145
2025-05-02 16:37:42,751 - matplotlib.font_manager - DEBUG - findfont: score(FontEntry(fname='C:\\Windows\\Fonts\\BarlowSemiCondensed-Thin.otf', name='Barlow Semi Condensed', style='normal', variant='normal', weight=250, stretch='condensed', size='scalable')) = 10.3925
2025-05-02 16:37:42,751 - matplotlib.font_manager - DEBUG - findfont: score(FontEntry(fname='C:\\Windows\\Fonts\\LSANSI.TTF', name='Lucida Sans', style='italic', variant='normal', weight=400, stretch='normal', size='scalable')) = 11.05
2025-05-02 16:37:42,751 - matplotlib.font_manager - DEBUG - findfont: score(FontEntry(fname='C:\\Windows\\Fonts\\AdobeDevanagari-Italic.otf', name='Adobe Devanagari', style='italic', variant='normal', weight=400, stretch='normal', size='scalable')) = 11.05
2025-05-02 16:37:42,751 - matplotlib.font_manager - DEBUG - findfont: score(FontEntry(fname='C:\\Windows\\Fonts\\NotoSerifHK-VF.ttf', name='Noto Serif HK', style='normal', variant='normal', weight=200, stretch='normal', size='scalable')) = 10.24
2025-05-02 16:37:42,751 - matplotlib.font_manager - DEBUG - findfont: score(FontEntry(fname='C:\\Windows\\Fonts\\saswthbi.ttf', name='Thorndale AMT', style='italic', variant='normal', weight=700, stretch='normal', size='scalable')) = 11.335
2025-05-02 16:37:42,751 - matplotlib.font_manager - DEBUG - findfont: score(FontEntry(fname='C:\\Windows\\Fonts\\segoeuib.ttf', name='Segoe UI', style='normal', variant='normal', weight=700, stretch='normal', size='scalable')) = 10.335
2025-05-02 16:37:42,751 - matplotlib.font_manager - DEBUG - findfont: score(FontEntry(fname='C:\\Windows\\Fonts\\CALISTI.TTF', name='Calisto MT', style='italic', variant='normal', weight=400, stretch='normal', size='scalable')) = 11.05
2025-05-02 16:37:42,751 - matplotlib.font_manager - DEBUG - findfont: score(FontEntry(fname='C:\\Windows\\Fonts\\OCRAEXT.TTF', name='OCR A Extended', style='normal', variant='normal', weight=400, stretch='expanded', size='scalable')) = 10.25
2025-05-02 16:37:42,751 - matplotlib.font_manager - DEBUG - findfont: score(FontEntry(fname='C:\\Windows\\Fonts\\MyriadPro-BoldCondIt.otf', name='Myriad Pro', style='italic', variant='normal', weight=700, stretch='condensed', size='scalable')) = 11.535
2025-05-02 16:37:42,751 - matplotlib.font_manager - DEBUG - findfont: score(FontEntry(fname='C:\\Windows\\Fonts\\CALIFI.TTF', name='Californian FB', style='italic', variant='normal', weight=400, stretch='normal', size='scalable')) = 11.05
2025-05-02 16:37:42,751 - matplotlib.font_manager - DEBUG - findfont: score(FontEntry(fname='C:\\Windows\\Fonts\\CALISTB.TTF', name='Calisto MT', style='normal', variant='normal', weight=700, stretch='normal', size='scalable')) = 10.335
2025-05-02 16:37:42,751 - matplotlib.font_manager - DEBUG - findfont: score(FontEntry(fname='C:\\Windows\\Fonts\\LetterGothicStd.otf', name='Letter Gothic Std', style='normal', variant='normal', weight=400, stretch='normal', size='scalable')) = 10.05
2025-05-02 16:37:42,752 - matplotlib.font_manager - DEBUG - findfont: score(FontEntry(fname='C:\\Windows\\Fonts\\CENTAUR.TTF', name='Centaur', style='normal', variant='normal', weight=400, stretch='normal', size='scalable')) = 10.05
2025-05-02 16:37:42,752 - matplotlib.font_manager - DEBUG - findfont: score(FontEntry(fname='C:\\Windows\\Fonts\\gulim.ttc', name='Gulim', style='normal', variant='normal', weight=400, stretch='normal', size='scalable')) = 10.05
2025-05-02 16:37:42,752 - matplotlib.font_manager - DEBUG - findfont: score(FontEntry(fname='C:\\Windows\\Fonts\\sasgasr.ttf', name='Arial Symbol', style='normal', variant='normal', weight=400, stretch='normal', size='scalable')) = 10.05
2025-05-02 16:37:42,752 - matplotlib.font_manager - DEBUG - findfont: score(FontEntry(fname='C:\\Windows\\Fonts\\AdobeArabic-Bold.otf', name='Adobe Arabic', style='normal', variant='normal', weight=700, stretch='normal', size='scalable')) = 10.335
2025-05-02 16:37:42,752 - matplotlib.font_manager - DEBUG - findfont: score(FontEntry(fname='C:\\Windows\\Fonts\\courbi.ttf', name='Courier New', style='italic', variant='normal', weight=700, stretch='normal', size='scalable')) = 11.335
2025-05-02 16:37:42,752 - matplotlib.font_manager - DEBUG - findfont: score(FontEntry(fname='C:\\Windows\\Fonts\\MinionPro-BoldIt.otf', name='Minion Pro', style='italic', variant='normal', weight=700, stretch='normal', size='scalable')) = 11.335
2025-05-02 16:37:42,752 - matplotlib.font_manager - DEBUG - findfont: score(FontEntry(fname='C:\\Windows\\Fonts\\swromns.ttf', name='SWRomns', style='normal', variant='normal', weight=400, stretch='normal', size='scalable')) = 10.05
2025-05-02 16:37:42,752 - matplotlib.font_manager - DEBUG - findfont: score(FontEntry(fname='C:\\Windows\\Fonts\\Code39AzaleaNarrow3.ttf', name='Code39AzaleaNarrow3', style='normal', variant='normal', weight=400, stretch='condensed', size='scalable')) = 10.25
2025-05-02 16:37:42,752 - matplotlib.font_manager - DEBUG - findfont: score(FontEntry(fname='C:\\Windows\\Fonts\\TrajanPro-Bold.otf', name='Trajan Pro', style='normal', variant='normal', weight=700, stretch='normal', size='scalable')) = 10.335
2025-05-02 16:37:42,752 - matplotlib.font_manager - DEBUG - findfont: score(FontEntry(fname='C:\\Windows\\Fonts\\ChaparralPro-Regular.otf', name='Chaparral Pro', style='normal', variant='normal', weight=400, stretch='normal', size='scalable')) = 10.05
2025-05-02 16:37:42,752 - matplotlib.font_manager - DEBUG - findfont: score(FontEntry(fname='C:\\Windows\\Fonts\\swlink.ttf', name='SWLink', style='normal', variant='normal', weight=400, stretch='normal', size='scalable')) = 10.05
2025-05-02 16:37:42,752 - matplotlib.font_manager - DEBUG - findfont: score(FontEntry(fname='C:\\Windows\\Fonts\\anfsasbi.ttf', name='Avenir Next for SAS', style='italic', variant='normal', weight=700, stretch='normal', size='scalable')) = 11.335
2025-05-02 16:37:42,752 - matplotlib.font_manager - DEBUG - findfont: score(FontEntry(fname='C:\\Windows\\Fonts\\LFAXD.TTF', name='Lucida Fax', style='normal', variant='normal', weight=600, stretch='normal', size='scalable')) = 10.24
2025-05-02 16:37:42,752 - matplotlib.font_manager - DEBUG - findfont: score(FontEntry(fname='C:\\Windows\\Fonts\\NuevaStd-BoldCondItalic.otf', name='Nueva Std', style='italic', variant='normal', weight=700, stretch='condensed', size='scalable')) = 11.535
2025-05-02 16:37:42,752 - matplotlib.font_manager - DEBUG - findfont: score(FontEntry(fname='C:\\Windows\\Fonts\\courbd.ttf', name='Courier New', style='normal', variant='normal', weight=700, stretch='normal', size='scalable')) = 10.335
2025-05-02 16:37:42,752 - matplotlib.font_manager - DEBUG - findfont: score(FontEntry(fname='C:\\Windows\\Fonts\\swisot3.ttf', name='SWIsot3', style='normal', variant='normal', weight=400, stretch='normal', size='scalable')) = 10.05
2025-05-02 16:37:42,752 - matplotlib.font_manager - DEBUG - findfont: score(FontEntry(fname='C:\\Windows\\Fonts\\segoeuii.ttf', name='Segoe UI', style='italic', variant='normal', weight=400, stretch='normal', size='scalable')) = 11.05
2025-05-02 16:37:42,752 - matplotlib.font_manager - DEBUG - findfont: score(FontEntry(fname='C:\\Windows\\Fonts\\BASKVILL.TTF', name='Baskerville Old Face', style='normal', variant='normal', weight=400, stretch='normal', size='scalable')) = 10.05
2025-05-02 16:37:42,752 - matplotlib.font_manager - DEBUG - findfont: score(FontEntry(fname='C:\\Windows\\Fonts\\swastro.ttf', name='SWAstro', style='normal', variant='normal', weight=400, stretch='normal', size='scalable')) = 10.05
2025-05-02 16:37:42,752 - matplotlib.font_manager - DEBUG - findfont: score(FontEntry(fname='C:\\Windows\\Fonts\\BarlowSemiCondensed-Bold.otf', name='Barlow Semi Condensed', style='normal', variant='normal', weight=700, stretch='condensed', size='scalable')) = 10.535
2025-05-02 16:37:42,752 - matplotlib.font_manager - DEBUG - findfont: score(FontEntry(fname='C:\\Windows\\Fonts\\ERASBD.TTF', name='Eras Bold ITC', style='normal', variant='normal', weight=400, stretch='normal', size='scalable')) = 10.05
2025-05-02 16:37:42,753 - matplotlib.font_manager - DEBUG - findfont: score(FontEntry(fname='C:\\Windows\\Fonts\\malgunsl.ttf', name='Malgun Gothic', style='normal', variant='normal', weight=300, stretch='normal', size='scalable')) = 10.145
2025-05-02 16:37:42,753 - matplotlib.font_manager - DEBUG - findfont: score(FontEntry(fname='C:\\Windows\\Fonts\\RAGE.TTF', name='Rage Italic', style='italic', variant='normal', weight=400, stretch='normal', size='scalable')) = 11.05
2025-05-02 16:37:42,753 - matplotlib.font_manager - DEBUG - findfont: score(FontEntry(fname='C:\\Windows\\Fonts\\nskrb.ttf', name='Noto Sans KR', style='normal', variant='normal', weight=700, stretch='normal', size='scalable')) = 10.335
2025-05-02 16:37:42,753 - matplotlib.font_manager - DEBUG - findfont: score(FontEntry(fname='C:\\Windows\\Fonts\\msjhbd.ttc', name='Microsoft JhengHei', style='normal', variant='normal', weight=700, stretch='normal', size='scalable')) = 10.335
2025-05-02 16:37:42,753 - matplotlib.font_manager - DEBUG - findfont: score(FontEntry(fname='C:\\Windows\\Fonts\\KozGoPr6N-Light.otf', name='Kozuka Gothic Pr6N', style='normal', variant='normal', weight=300, stretch='normal', size='scalable')) = 10.145
2025-05-02 16:37:42,753 - matplotlib.font_manager - DEBUG - findfont: score(FontEntry(fname='C:\\Windows\\Fonts\\OratorStd.otf', name='Orator Std', style='normal', variant='normal', weight=400, stretch='normal', size='scalable')) = 10.05
2025-05-02 16:37:42,753 - matplotlib.font_manager - DEBUG - findfont: score(FontEntry(fname='C:\\Windows\\Fonts\\ANTQUAI.TTF', name='Book Antiqua', style='italic', variant='normal', weight=400, stretch='normal', size='scalable')) = 11.05
2025-05-02 16:37:42,753 - matplotlib.font_manager - DEBUG - findfont: score(FontEntry(fname='C:\\Windows\\Fonts\\Arimo-Regular.ttf', name='Arimo', style='normal', variant='normal', weight=400, stretch='normal', size='scalable')) = 10.05
2025-05-02 16:37:42,753 - matplotlib.font_manager - DEBUG - findfont: score(FontEntry(fname='C:\\Windows\\Fonts\\PALSCRI.TTF', name='Palace Script MT', style='normal', variant='normal', weight=400, stretch='normal', size='scalable')) = 10.05
2025-05-02 16:37:42,753 - matplotlib.font_manager - DEBUG - findfont: score(FontEntry(fname='C:\\Windows\\Fonts\\timesi.ttf', name='Times New Roman', style='italic', variant='normal', weight=400, stretch='normal', size='scalable')) = 11.05
2025-05-02 16:37:42,753 - matplotlib.font_manager - DEBUG - findfont: score(FontEntry(fname='C:\\Windows\\Fonts\\esri_220.ttf', name='ESRI IGL Font20', style='normal', variant='normal', weight=400, stretch='normal', size='scalable')) = 10.05
2025-05-02 16:37:42,753 - matplotlib.font_manager - DEBUG - findfont: score(FontEntry(fname='C:\\Windows\\Fonts\\KozMinPr6N-Medium.otf', name='Kozuka Mincho Pr6N', style='normal', variant='normal', weight=500, stretch='normal', size='scalable')) = 10.145
2025-05-02 16:37:42,753 - matplotlib.font_manager - DEBUG - findfont: score(FontEntry(fname='C:\\Windows\\Fonts\\ebrima.ttf', name='Ebrima', style='normal', variant='normal', weight=400, stretch='normal', size='scalable')) = 10.05
2025-05-02 16:37:42,753 - matplotlib.font_manager - DEBUG - findfont: score(FontEntry(fname='C:\\Windows\\Fonts\\comicbd.ttf', name='Comic Sans MS', style='normal', variant='normal', weight=700, stretch='normal', size='scalable')) = 10.335
2025-05-02 16:37:42,753 - matplotlib.font_manager - DEBUG - findfont: score(FontEntry(fname='C:\\Windows\\Fonts\\JOKERMAN.TTF', name='Jokerman', style='normal', variant='normal', weight=400, stretch='normal', size='scalable')) = 10.05
2025-05-02 16:37:42,753 - matplotlib.font_manager - DEBUG - findfont: score(FontEntry(fname='C:\\Windows\\Fonts\\GARAIT.TTF', name='Garamond', style='italic', variant='normal', weight=400, stretch='normal', size='scalable')) = 11.05
2025-05-02 16:37:42,753 - matplotlib.font_manager - DEBUG - findfont: score(FontEntry(fname='C:\\Windows\\Fonts\\esri_22.ttf', name='ESRI MilSym 02', style='normal', variant='normal', weight=400, stretch='normal', size='scalable')) = 10.05
2025-05-02 16:37:42,753 - matplotlib.font_manager - DEBUG - findfont: score(FontEntry(fname='C:\\Windows\\Fonts\\Roboto-LightItalic.ttf', name='Roboto', style='italic', variant='normal', weight=300, stretch='normal', size='scalable')) = 11.145
2025-05-02 16:37:42,753 - matplotlib.font_manager - DEBUG - findfont: score(FontEntry(fname='C:\\Windows\\Fonts\\Arimo-Italic.ttf', name='Arimo', style='italic', variant='normal', weight=400, stretch='normal', size='scalable')) = 11.05
2025-05-02 16:37:42,753 - matplotlib.font_manager - DEBUG - findfont: score(FontEntry(fname='C:\\Windows\\Fonts\\KozGoPro-Light.otf', name='Kozuka Gothic Pro', style='normal', variant='normal', weight=300, stretch='normal', size='scalable')) = 10.145
2025-05-02 16:37:42,754 - matplotlib.font_manager - DEBUG - findfont: score(FontEntry(fname='C:\\Windows\\Fonts\\olfsimplesansoc-regular.ttf', name='OLF SimpleSansOC', style='normal', variant='normal', weight=400, stretch='normal', size='scalable')) = 10.05
2025-05-02 16:37:42,754 - matplotlib.font_manager - DEBUG - findfont: score(FontEntry(fname='C:\\Windows\\Fonts\\pdficons.ttf', name='pdficons', style='normal', variant='normal', weight=400, stretch='normal', size='scalable')) = 10.05
2025-05-02 16:37:42,754 - matplotlib.font_manager - DEBUG - findfont: score(FontEntry(fname='C:\\Windows\\Fonts\\ELEPHNT.TTF', name='Elephant', style='normal', variant='normal', weight=400, stretch='normal', size='scalable')) = 10.05
2025-05-02 16:37:42,754 - matplotlib.font_manager - DEBUG - findfont: score(FontEntry(fname='C:\\Windows\\Fonts\\georgiab.ttf', name='Georgia', style='normal', variant='normal', weight=700, stretch='normal', size='scalable')) = 10.335
2025-05-02 16:37:42,754 - matplotlib.font_manager - DEBUG - findfont: score(FontEntry(fname='C:\\Windows\\Fonts\\nsjpb.ttf', name='Noto Sans JP', style='normal', variant='normal', weight=700, stretch='normal', size='scalable')) = 10.335
2025-05-02 16:37:42,754 - matplotlib.font_manager - DEBUG - findfont: score(FontEntry(fname='C:\\Windows\\Fonts\\esri_105.ttf', name='ESRI Meteorological 01', style='normal', variant='normal', weight=400, stretch='normal', size='scalable')) = 10.05
2025-05-02 16:37:42,754 - matplotlib.font_manager - DEBUG - findfont: score(FontEntry(fname='C:\\Windows\\Fonts\\esri_21.ttf', name='ESRI MilSym 01', style='normal', variant='normal', weight=400, stretch='normal', size='scalable')) = 10.05
2025-05-02 16:37:42,754 - matplotlib.font_manager - DEBUG - findfont: score(FontEntry(fname='C:\\Windows\\Fonts\\nsr.ttf', name='Noto Sans', style='normal', variant='normal', weight=400, stretch='normal', size='scalable')) = 10.05
2025-05-02 16:37:42,754 - matplotlib.font_manager - DEBUG - findfont: score(FontEntry(fname='C:\\Windows\\Fonts\\esri_132.ttf', name='ESRI SDS 2.00 1', style='normal', variant='normal', weight=400, stretch='normal', size='scalable')) = 10.05
2025-05-02 16:37:42,754 - matplotlib.font_manager - DEBUG - findfont: score(FontEntry(fname='C:\\Windows\\Fonts\\malgunbd.ttf', name='Malgun Gothic', style='normal', variant='normal', weight=700, stretch='normal', size='scalable')) = 10.335
2025-05-02 16:37:42,754 - matplotlib.font_manager - DEBUG - findfont: score(FontEntry(fname='C:\\Windows\\Fonts\\CooperBlackStd-Italic.otf', name='Cooper Std', style='italic', variant='normal', weight=900, stretch='normal', size='scalable')) = 11.525
2025-05-02 16:37:42,754 - matplotlib.font_manager - DEBUG - findfont: score(FontEntry(fname='C:\\Windows\\Fonts\\ACaslonPro-Italic.otf', name='Adobe Caslon Pro', style='italic', variant='normal', weight=400, stretch='normal', size='scalable')) = 11.05
2025-05-02 16:37:42,754 - matplotlib.font_manager - DEBUG - findfont: score(FontEntry(fname='C:\\Windows\\Fonts\\TCB_____.TTF', name='Tw Cen MT', style='normal', variant='normal', weight=700, stretch='normal', size='scalable')) = 10.335
2025-05-02 16:37:42,754 - matplotlib.font_manager - DEBUG - findfont: score(FontEntry(fname='C:\\Windows\\Fonts\\cambriab.ttf', name='Cambria', style='normal', variant='normal', weight=700, stretch='normal', size='scalable')) = 10.335
2025-05-02 16:37:42,754 - matplotlib.font_manager - DEBUG - findfont: score(FontEntry(fname='C:\\Windows\\Fonts\\KozGoPr6N-Medium.otf', name='Kozuka Gothic Pr6N', style='normal', variant='normal', weight=500, stretch='normal', size='scalable')) = 10.145
2025-05-02 16:37:42,754 - matplotlib.font_manager - DEBUG - findfont: score(FontEntry(fname='C:\\Windows\\Fonts\\LBRITEI.TTF', name='Lucida Bright', style='italic', variant='normal', weight=400, stretch='normal', size='scalable')) = 11.05
2025-05-02 16:37:42,754 - matplotlib.font_manager - DEBUG - findfont: score(FontEntry(fname='C:\\Windows\\Fonts\\FRAHV.TTF', name='Franklin Gothic Heavy', style='normal', variant='normal', weight=400, stretch='normal', size='scalable')) = 10.05
2025-05-02 16:37:42,754 - matplotlib.font_manager - DEBUG - findfont: score(FontEntry(fname='C:\\Windows\\Fonts\\VIVALDII.TTF', name='Vivaldi', style='italic', variant='normal', weight=400, stretch='normal', size='scalable')) = 11.05
2025-05-02 16:37:42,754 - matplotlib.font_manager - DEBUG - findfont: score(FontEntry(fname='C:\\Program Files\\SOLIDWORKS Corp\\SOLIDWORKS\\HoopsPublish\\resource\\Font\\AdobeArabic-Italic.otf', name='Adobe Arabic', style='italic', variant='normal', weight=400, stretch='normal', size='scalable')) = 11.05
2025-05-02 16:37:42,754 - matplotlib.font_manager - DEBUG - findfont: score(FontEntry(fname='C:\\Windows\\Fonts\\MinionPro-MediumIt.otf', name='Minion Pro', style='italic', variant='normal', weight=500, stretch='normal', size='scalable')) = 11.145
2025-05-02 16:37:42,755 - matplotlib.font_manager - DEBUG - findfont: score(FontEntry(fname='C:\\Windows\\Fonts\\GILC____.TTF', name='Gill Sans MT Condensed', style='normal', variant='normal', weight=400, stretch='condensed', size='scalable')) = 10.25
2025-05-02 16:37:42,755 - matplotlib.font_manager - DEBUG - findfont: score(FontEntry(fname='C:\\Windows\\Fonts\\TektonPro-Bold.otf', name='Tekton Pro', style='normal', variant='normal', weight=700, stretch='normal', size='scalable')) = 10.335
2025-05-02 16:37:42,755 - matplotlib.font_manager - DEBUG - findfont: score(FontEntry(fname='C:\\Windows\\Fonts\\MyriadPro-SemiboldIt.otf', name='Myriad Pro', style='italic', variant='normal', weight=600, stretch='normal', size='scalable')) = 11.24
2025-05-02 16:37:42,755 - matplotlib.font_manager - DEBUG - findfont: score(FontEntry(fname='C:\\Windows\\Fonts\\GOUDOSI.TTF', name='Goudy Old Style', style='italic', variant='normal', weight=400, stretch='normal', size='scalable')) = 11.05
2025-05-02 16:37:42,755 - matplotlib.font_manager - DEBUG - findfont: score(FontEntry(fname='C:\\Windows\\Fonts\\saswthb.ttf', name='Thorndale AMT', style='normal', variant='normal', weight=700, stretch='normal', size='scalable')) = 10.335
2025-05-02 16:37:42,755 - matplotlib.font_manager - DEBUG - findfont: score(FontEntry(fname='C:\\Windows\\Fonts\\ROCCB___.TTF', name='Rockwell Condensed', style='normal', variant='normal', weight=700, stretch='condensed', size='scalable')) = 10.535
2025-05-02 16:37:42,755 - matplotlib.font_manager - DEBUG - findfont: score(FontEntry(fname='C:\\Windows\\Fonts\\ITCEDSCR.TTF', name='Edwardian Script ITC', style='normal', variant='normal', weight=400, stretch='normal', size='scalable')) = 10.05
2025-05-02 16:37:42,755 - matplotlib.font_manager - DEBUG - findfont: score(FontEntry(fname='C:\\Windows\\Fonts\\AdobeDevanagari-BoldItalic.otf', name='Adobe Devanagari', style='italic', variant='normal', weight=700, stretch='normal', size='scalable')) = 11.335
2025-05-02 16:37:42,755 - matplotlib.font_manager - DEBUG - findfont: score(FontEntry(fname='C:\\Windows\\Fonts\\WINGDNG3.TTF', name='Wingdings 3', style='normal', variant='normal', weight=400, stretch='normal', size='scalable')) = 10.05
2025-05-02 16:37:42,755 - matplotlib.font_manager - DEBUG - findfont: score(FontEntry(fname='C:\\Windows\\Fonts\\GARA.TTF', name='Garamond', style='normal', variant='normal', weight=400, stretch='normal', size='scalable')) = 10.05
2025-05-02 16:37:42,755 - matplotlib.font_manager - DEBUG - findfont: score(FontEntry(fname='C:\\Windows\\Fonts\\taile.ttf', name='Microsoft Tai Le', style='normal', variant='normal', weight=400, stretch='normal', size='scalable')) = 10.05
2025-05-02 16:37:42,755 - matplotlib.font_manager - DEBUG - findfont: score(FontEntry(fname='C:\\Windows\\Fonts\\LFAXDI.TTF', name='Lucida Fax', style='italic', variant='normal', weight=600, stretch='normal', size='scalable')) = 11.24
2025-05-02 16:37:42,755 - matplotlib.font_manager - DEBUG - findfont: score(FontEntry(fname='C:\\Windows\\Fonts\\esri_225.ttf', name='ESRI IGL Font25', style='normal', variant='normal', weight=400, stretch='normal', size='scalable')) = 10.05
2025-05-02 16:37:42,755 - matplotlib.font_manager - DEBUG - findfont: score(FontEntry(fname='C:\\Windows\\Fonts\\calibriz.ttf', name='Calibri', style='italic', variant='normal', weight=700, stretch='normal', size='scalable')) = 11.335
2025-05-02 16:37:42,755 - matplotlib.font_manager - DEBUG - findfont: score(FontEntry(fname='C:\\Windows\\Fonts\\RosewoodStd-Regular.otf', name='Rosewood Std', style='normal', variant='normal', weight=700, stretch='normal', size='scalable')) = 10.335
2025-05-02 16:37:42,756 - matplotlib.font_manager - DEBUG - findfont: score(FontEntry(fname='C:\\Windows\\Fonts\\esri_19.ttf', name='ESRI MilMod 02', style='normal', variant='normal', weight=400, stretch='normal', size='scalable')) = 10.05
2025-05-02 16:37:42,756 - matplotlib.font_manager - DEBUG - findfont: score(FontEntry(fname='C:\\Windows\\Fonts\\KozMinPro-Medium.otf', name='Kozuka Mincho Pro', style='normal', variant='normal', weight=500, stretch='normal', size='scalable')) = 10.145
2025-05-02 16:37:42,756 - matplotlib.font_manager - DEBUG - findfont: score(FontEntry(fname='C:\\Windows\\Fonts\\NIAGENG.TTF', name='Niagara Engraved', style='normal', variant='normal', weight=400, stretch='normal', size='scalable')) = 10.05
2025-05-02 16:37:42,756 - matplotlib.font_manager - DEBUG - findfont: score(FontEntry(fname='C:\\Windows\\Fonts\\MinionPro-BoldCnIt.otf', name='Minion Pro', style='italic', variant='normal', weight=700, stretch='condensed', size='scalable')) = 11.535
2025-05-02 16:37:42,756 - matplotlib.font_manager - DEBUG - findfont: score(FontEntry(fname='C:\\Windows\\Fonts\\AdobeHeitiStd-Regular.otf', name='Adobe Heiti Std', style='normal', variant='normal', weight=400, stretch='normal', size='scalable')) = 10.05
2025-05-02 16:37:42,756 - matplotlib.font_manager - DEBUG - findfont: score(FontEntry(fname='C:\\Windows\\Fonts\\HTOWERTI.TTF', name='High Tower Text', style='italic', variant='normal', weight=400, stretch='normal', size='scalable')) = 11.05
2025-05-02 16:37:42,756 - matplotlib.font_manager - DEBUG - findfont: score(FontEntry(fname='C:\\Windows\\Fonts\\HATTEN.TTF', name='Haettenschweiler', style='normal', variant='normal', weight=400, stretch='normal', size='scalable')) = 10.05
2025-05-02 16:37:42,756 - matplotlib.font_manager - DEBUG - findfont: score(FontEntry(fname='C:\\Windows\\Fonts\\Barlow-Regular.otf', name='Barlow', style='normal', variant='normal', weight=400, stretch='normal', size='scalable')) = 10.05
2025-05-02 16:37:42,756 - matplotlib.font_manager - DEBUG - findfont: score(FontEntry(fname='C:\\Windows\\Fonts\\FRAHVIT.TTF', name='Franklin Gothic Heavy', style='italic', variant='normal', weight=400, stretch='normal', size='scalable')) = 11.05
2025-05-02 16:37:42,756 - matplotlib.font_manager - DEBUG - findfont: score(FontEntry(fname='C:\\Windows\\Fonts\\Candaral.ttf', name='Candara', style='normal', variant='normal', weight=400, stretch='normal', size='scalable')) = 10.05
2025-05-02 16:37:42,756 - matplotlib.font_manager - DEBUG - findfont: score(FontEntry(fname='C:\\Windows\\Fonts\\esri_33.ttf', name='ESRI Climate & Precipitation', style='normal', variant='normal', weight=400, stretch='normal', size='scalable')) = 10.05
2025-05-02 16:37:42,756 - matplotlib.font_manager - DEBUG - findfont: score(FontEntry(fname='C:\\Windows\\Fonts\\ROCC____.TTF', name='Rockwell Condensed', style='normal', variant='normal', weight=400, stretch='condensed', size='scalable')) = 10.25
2025-05-02 16:37:42,756 - matplotlib.font_manager - DEBUG - findfont: score(FontEntry(fname='C:\\Windows\\Fonts\\PERTIBD.TTF', name='Perpetua Titling MT', style='normal', variant='normal', weight=700, stretch='normal', size='scalable')) = 10.335
2025-05-02 16:37:42,756 - matplotlib.font_manager - DEBUG - findfont: score(FontEntry(fname='C:\\Windows\\Fonts\\swisot2.ttf', name='SWIsot2', style='normal', variant='normal', weight=400, stretch='normal', size='scalable')) = 10.05
2025-05-02 16:37:42,756 - matplotlib.font_manager - DEBUG - findfont: score(FontEntry(fname='C:\\Program Files\\SOLIDWORKS Corp\\SOLIDWORKS\\HoopsPublish\\resource\\Font\\adobemyungjostd-medium.otf', name='Adobe Myungjo Std', style='normal', variant='normal', weight=500, stretch='normal', size='scalable')) = 10.145
2025-05-02 16:37:42,756 - matplotlib.font_manager - DEBUG - findfont: score(FontEntry(fname='C:\\Windows\\Fonts\\AdobeArabic-BoldItalic.otf', name='Adobe Arabic', style='italic', variant='normal', weight=700, stretch='normal', size='scalable')) = 11.335
2025-05-02 16:37:42,756 - matplotlib.font_manager - DEBUG - findfont: score(FontEntry(fname='C:\\Windows\\Fonts\\Roboto-Bold.ttf', name='Roboto', style='normal', variant='normal', weight=700, stretch='normal', size='scalable')) = 10.335
2025-05-02 16:37:42,756 - matplotlib.font_manager - DEBUG - findfont: score(FontEntry(fname='C:\\Windows\\Fonts\\trebucbd.ttf', name='Trebuchet MS', style='normal', variant='normal', weight=700, stretch='normal', size='scalable')) = 10.335
2025-05-02 16:37:42,756 - matplotlib.font_manager - DEBUG - findfont: score(FontEntry(fname='C:\\Windows\\Fonts\\esri_804.ttf', name='ESRI Fire Incident NFPA', style='normal', variant='normal', weight=400, stretch='normal', size='scalable')) = 10.05
2025-05-02 16:37:42,757 - matplotlib.font_manager - DEBUG - findfont: score(FontEntry(fname='C:\\Windows\\Fonts\\GiddyupStd.otf', name='Giddyup Std', style='normal', variant='normal', weight=400, stretch='normal', size='scalable')) = 10.05
2025-05-02 16:37:42,757 - matplotlib.font_manager - DEBUG - findfont: score(FontEntry(fname='C:\\Windows\\Fonts\\esri_34.ttf', name='ESRI Business', style='normal', variant='normal', weight=400, stretch='normal', size='scalable')) = 10.05
2025-05-02 16:37:42,757 - matplotlib.font_manager - DEBUG - findfont: score(FontEntry(fname='C:\\Windows\\Fonts\\swital.ttf', name='SWItal', style='normal', variant='normal', weight=400, stretch='normal', size='scalable')) = 10.05
2025-05-02 16:37:42,757 - matplotlib.font_manager - DEBUG - findfont: score(FontEntry(fname='C:\\Windows\\Fonts\\ITCKRIST.TTF', name='Kristen ITC', style='normal', variant='normal', weight=400, stretch='normal', size='scalable')) = 10.05
2025-05-02 16:37:42,757 - matplotlib.font_manager - DEBUG - findfont: score(FontEntry(fname='C:\\Windows\\Fonts\\Roboto-Italic.ttf', name='Roboto', style='italic', variant='normal', weight=400, stretch='normal', size='scalable')) = 11.05
2025-05-02 16:37:42,757 - matplotlib.font_manager - DEBUG - findfont: score(FontEntry(fname='C:\\Windows\\Fonts\\Candarali.ttf', name='Candara', style='italic', variant='normal', weight=400, stretch='normal', size='scalable')) = 11.05
2025-05-02 16:37:42,757 - matplotlib.font_manager - DEBUG - findfont: score(FontEntry(fname='C:\\Windows\\Fonts\\mmrtextb.ttf', name='Myanmar Text', style='normal', variant='normal', weight=700, stretch='normal', size='scalable')) = 10.335
2025-05-02 16:37:42,757 - matplotlib.font_manager - DEBUG - findfont: score(FontEntry(fname='C:\\Windows\\Fonts\\swmap.ttf', name='SWMap', style='normal', variant='normal', weight=400, stretch='normal', size='scalable')) = 10.05
2025-05-02 16:37:42,757 - matplotlib.font_manager - DEBUG - findfont: score(FontEntry(fname='C:\\Windows\\Fonts\\MyriadHebrew-It.otf', name='Myriad Hebrew', style='italic', variant='normal', weight=400, stretch='normal', size='scalable')) = 11.05
2025-05-02 16:37:42,757 - matplotlib.font_manager - DEBUG - findfont: score(FontEntry(fname='C:\\Windows\\Fonts\\Roboto-Regular.ttf', name='Roboto', style='normal', variant='normal', weight=400, stretch='normal', size='scalable')) = 10.05
2025-05-02 16:37:42,757 - matplotlib.font_manager - DEBUG - findfont: score(FontEntry(fname='C:\\Windows\\Fonts\\AdobeGothicStd-Bold.otf', name='Adobe Gothic Std', style='normal', variant='normal', weight=700, stretch='normal', size='scalable')) = 10.335
2025-05-02 16:37:42,757 - matplotlib.font_manager - DEBUG - findfont: score(FontEntry(fname='C:\\Windows\\Fonts\\MinionPro-SemiboldIt.otf', name='Minion Pro', style='italic', variant='normal', weight=600, stretch='normal', size='scalable')) = 11.24
2025-05-02 16:37:42,757 - matplotlib.font_manager - DEBUG - findfont: score(FontEntry(fname='C:\\Windows\\Fonts\\nskrr.ttf', name='Noto Sans KR', style='normal', variant='normal', weight=400, stretch='normal', size='scalable')) = 10.05
2025-05-02 16:37:42,757 - matplotlib.font_manager - DEBUG - findfont: score(FontEntry(fname='C:\\Windows\\Fonts\\FRADMIT.TTF', name='Franklin Gothic Demi', style='italic', variant='normal', weight=400, stretch='normal', size='scalable')) = 11.05
2025-05-02 16:37:42,757 - matplotlib.font_manager - DEBUG - findfont: score(FontEntry(fname='C:\\Windows\\Fonts\\ANTQUABI.TTF', name='Book Antiqua', style='italic', variant='normal', weight=700, stretch='normal', size='scalable')) = 11.335
2025-05-02 16:37:42,757 - matplotlib.font_manager - DEBUG - findfont: score(FontEntry(fname='C:\\Windows\\Fonts\\Barlow-Medium.otf', name='Barlow', style='normal', variant='normal', weight=500, stretch='normal', size='scalable')) = 10.145
2025-05-02 16:37:42,757 - matplotlib.font_manager - DEBUG - findfont: score(FontEntry(fname='C:\\Windows\\Fonts\\palai.ttf', name='Palatino Linotype', style='italic', variant='normal', weight=400, stretch='normal', size='scalable')) = 11.05
2025-05-02 16:37:42,757 - matplotlib.font_manager - DEBUG - findfont: score(FontEntry(fname='C:\\Windows\\Fonts\\CHILLER.TTF', name='Chiller', style='normal', variant='normal', weight=400, stretch='normal', size='scalable')) = 10.05
2025-05-02 16:37:42,757 - matplotlib.font_manager - DEBUG - findfont: score(FontEntry(fname='C:\\Windows\\Fonts\\LATINWD.TTF', name='Wide Latin', style='normal', variant='normal', weight=400, stretch='expanded', size='scalable')) = 10.25
2025-05-02 16:37:42,757 - matplotlib.font_manager - DEBUG - findfont: score(FontEntry(fname='C:\\Windows\\Fonts\\AdobeArabic-Regular.otf', name='Adobe Arabic', style='normal', variant='normal', weight=400, stretch='normal', size='scalable')) = 10.05
2025-05-02 16:37:42,758 - matplotlib.font_manager - DEBUG - findfont: score(FontEntry(fname='C:\\Windows\\Fonts\\verdana.ttf', name='Verdana', style='normal', variant='normal', weight=400, stretch='normal', size='scalable')) = 3.6863636363636365
2025-05-02 16:37:42,758 - matplotlib.font_manager - DEBUG - findfont: score(FontEntry(fname='C:\\Windows\\Fonts\\IMPRISHA.TTF', name='Imprint MT Shadow', style='normal', variant='normal', weight=400, stretch='normal', size='scalable')) = 10.05
2025-05-02 16:37:42,758 - matplotlib.font_manager - DEBUG - findfont: score(FontEntry(fname='C:\\Windows\\Fonts\\swgothe.ttf', name='SWGothe', style='normal', variant='normal', weight=400, stretch='normal', size='scalable')) = 10.05
2025-05-02 16:37:42,758 - matplotlib.font_manager - DEBUG - findfont: score(FontEntry(fname='C:\\Windows\\Fonts\\comicz.ttf', name='Comic Sans MS', style='italic', variant='normal', weight=700, stretch='normal', size='scalable')) = 11.335
2025-05-02 16:37:42,758 - matplotlib.font_manager - DEBUG - findfont: score(FontEntry(fname='C:\\Windows\\Fonts\\nsthr.ttf', name='Noto Sans Thai', style='normal', variant='normal', weight=400, stretch='normal', size='scalable')) = 10.05
2025-05-02 16:37:42,758 - matplotlib.font_manager - DEBUG - findfont: score(FontEntry(fname='C:\\Windows\\Fonts\\MyriadHebrew-Bold.otf', name='Myriad Hebrew', style='normal', variant='normal', weight=700, stretch='normal', size='scalable')) = 10.335
2025-05-02 16:37:42,758 - matplotlib.font_manager - DEBUG - findfont: score(FontEntry(fname='C:\\Windows\\Fonts\\calibri.ttf', name='Calibri', style='normal', variant='normal', weight=400, stretch='normal', size='scalable')) = 10.05
2025-05-02 16:37:42,758 - matplotlib.font_manager - DEBUG - findfont: score(FontEntry(fname='C:\\Windows\\Fonts\\BOD_I.TTF', name='Bodoni MT', style='italic', variant='normal', weight=400, stretch='normal', size='scalable')) = 11.05
2025-05-02 16:37:42,758 - matplotlib.font_manager - DEBUG - findfont: score(FontEntry(fname='C:\\Windows\\Fonts\\simfang.ttf', name='FangSong', style='normal', variant='normal', weight=400, stretch='normal', size='scalable')) = 10.05
2025-05-02 16:37:42,758 - matplotlib.font_manager - DEBUG - findfont: score(FontEntry(fname='C:\\Windows\\Fonts\\DUBAI-MEDIUM.TTF', name='Dubai', style='normal', variant='normal', weight=500, stretch='normal', size='scalable')) = 10.145
2025-05-02 16:37:42,758 - matplotlib.font_manager - DEBUG - findfont: score(FontEntry(fname='C:\\Windows\\Fonts\\saswalb.ttf', name='Albany AMT', style='normal', variant='normal', weight=700, stretch='normal', size='scalable')) = 10.335
2025-05-02 16:37:42,758 - matplotlib.font_manager - DEBUG - findfont: score(FontEntry(fname='C:\\Windows\\Fonts\\ACaslonPro-Semibold.otf', name='Adobe Caslon Pro', style='normal', variant='normal', weight=600, stretch='normal', size='scalable')) = 10.24
2025-05-02 16:37:42,758 - matplotlib.font_manager - DEBUG - findfont: score(FontEntry(fname='C:\\Windows\\Fonts\\framd.ttf', name='Franklin Gothic Medium', style='normal', variant='normal', weight=400, stretch='normal', size='scalable')) = 10.05
2025-05-02 16:37:42,758 - matplotlib.font_manager - DEBUG - findfont: score(FontEntry(fname='C:\\Windows\\Fonts\\SegoeIcons.ttf', name='Segoe Fluent Icons', style='normal', variant='normal', weight=400, stretch='normal', size='scalable')) = 10.05
2025-05-02 16:37:42,758 - matplotlib.font_manager - DEBUG - findfont: score(FontEntry(fname='C:\\Windows\\Fonts\\BOD_CR.TTF', name='Bodoni MT', style='normal', variant='normal', weight=400, stretch='condensed', size='scalable')) = 10.25
2025-05-02 16:37:42,758 - matplotlib.font_manager - DEBUG - findfont: score(FontEntry(fname='C:\\Windows\\Fonts\\monbaiti.ttf', name='Mongolian Baiti', style='normal', variant='normal', weight=400, stretch='normal', size='scalable')) = 10.05
2025-05-02 16:37:42,759 - matplotlib.font_manager - DEBUG - findfont: score(FontEntry(fname='C:\\Windows\\Fonts\\constanb.ttf', name='Constantia', style='normal', variant='normal', weight=700, stretch='normal', size='scalable')) = 10.335
2025-05-02 16:37:42,759 - matplotlib.font_manager - DEBUG - findfont: score(FontEntry(fname='C:\\Windows\\Fonts\\swmusic.ttf', name='SWMusic', style='normal', variant='normal', weight=400, stretch='normal', size='scalable')) = 10.05
2025-05-02 16:37:42,759 - matplotlib.font_manager - DEBUG - findfont: score(FontEntry(fname='C:\\Windows\\Fonts\\esri_801.ttf', name='ESRI Enviro Hazard Analysis', style='normal', variant='normal', weight=400, stretch='normal', size='scalable')) = 10.05
2025-05-02 16:37:42,759 - matplotlib.font_manager - DEBUG - findfont: score(FontEntry(fname='C:\\Windows\\Fonts\\CALIFR.TTF', name='Californian FB', style='normal', variant='normal', weight=400, stretch='normal', size='scalable')) = 10.05
2025-05-02 16:37:42,759 - matplotlib.font_manager - DEBUG - findfont: score(FontEntry(fname='C:\\Windows\\Fonts\\LetterGothicStd-BoldSlanted.otf', name='Letter Gothic Std', style='italic', variant='normal', weight=700, stretch='normal', size='scalable')) = 11.335
2025-05-02 16:37:42,759 - matplotlib.font_manager - DEBUG - findfont: score(FontEntry(fname='C:\\Windows\\Fonts\\web-PDM.ttf', name='web-PDM', style='normal', variant='normal', weight=400, stretch='normal', size='scalable')) = 10.05
2025-05-02 16:37:42,759 - matplotlib.font_manager - DEBUG - findfont: score(FontEntry(fname='C:\\Windows\\Fonts\\Roboto-BlackItalic.ttf', name='Roboto', style='italic', variant='normal', weight=900, stretch='normal', size='scalable')) = 11.525
2025-05-02 16:37:42,759 - matplotlib.font_manager - DEBUG - findfont: score(FontEntry(fname='C:\\Windows\\Fonts\\AdobeHebrew-Italic.otf', name='Adobe Hebrew', style='italic', variant='normal', weight=400, stretch='normal', size='scalable')) = 11.05
2025-05-02 16:37:42,759 - matplotlib.font_manager - DEBUG - findfont: score(FontEntry(fname='C:\\Windows\\Fonts\\NuevaStd-Cond.otf', name='Nueva Std', style='normal', variant='normal', weight=400, stretch='condensed', size='scalable')) = 10.25
2025-05-02 16:37:42,759 - matplotlib.font_manager - DEBUG - findfont: score(FontEntry(fname='C:\\Windows\\Fonts\\anfsasb.ttf', name='Avenir Next for SAS', style='normal', variant='normal', weight=700, stretch='normal', size='scalable')) = 10.335
2025-05-02 16:37:42,759 - matplotlib.font_manager - DEBUG - findfont: score(FontEntry(fname='C:\\Windows\\Fonts\\seguihis.ttf', name='Segoe UI Historic', style='normal', variant='normal', weight=400, stretch='normal', size='scalable')) = 10.05
2025-05-02 16:37:42,759 - matplotlib.font_manager - DEBUG - findfont: score(FontEntry(fname='C:\\Windows\\Fonts\\esri_406.ttf', name='ESRI Commodities', style='normal', variant='normal', weight=400, stretch='normal', size='scalable')) = 10.05
2025-05-02 16:37:42,759 - matplotlib.font_manager - DEBUG - findfont: score(FontEntry(fname='C:\\Windows\\Fonts\\BarlowCondensed-Thin.otf', name='Barlow Condensed', style='normal', variant='normal', weight=250, stretch='condensed', size='scalable')) = 10.3925
2025-05-02 16:37:42,759 - matplotlib.font_manager - DEBUG - findfont: score(FontEntry(fname='C:\\Windows\\Fonts\\KozGoPro-Regular.otf', name='Kozuka Gothic Pro', style='normal', variant='normal', weight=400, stretch='normal', size='scalable')) = 10.05
2025-05-02 16:37:42,759 - matplotlib.font_manager - DEBUG - findfont: score(FontEntry(fname='C:\\Windows\\Fonts\\ELEPHNTI.TTF', name='Elephant', style='italic', variant='normal', weight=400, stretch='normal', size='scalable')) = 11.05
2025-05-02 16:37:42,759 - matplotlib.font_manager - DEBUG - findfont: score(FontEntry(fname='C:\\Windows\\Fonts\\swmono.ttf', name='SWMono', style='normal', variant='normal', weight=400, stretch='normal', size='scalable')) = 10.05
2025-05-02 16:37:42,760 - matplotlib.font_manager - DEBUG - findfont: score(FontEntry(fname='C:\\Windows\\Fonts\\BarlowSemiCondensed-Light.otf', name='Barlow Semi Condensed', style='normal', variant='normal', weight=300, stretch='condensed', size='scalable')) = 10.344999999999999
2025-05-02 16:37:42,760 - matplotlib.font_manager - DEBUG - findfont: score(FontEntry(fname='C:\\Windows\\Fonts\\esri_131.ttf', name='ESRI SDS 1.95 2', style='normal', variant='normal', weight=400, stretch='normal', size='scalable')) = 10.05
2025-05-02 16:37:42,760 - matplotlib.font_manager - DEBUG - findfont: score(FontEntry(fname='C:\\Windows\\Fonts\\ARIALUNI.TTF', name='Arial Unicode MS', style='normal', variant='normal', weight=400, stretch='normal', size='scalable')) = 10.05
2025-05-02 16:37:42,760 - matplotlib.font_manager - DEBUG - findfont: score(FontEntry(fname='C:\\Windows\\Fonts\\seguibl.ttf', name='Segoe UI', style='normal', variant='normal', weight=900, stretch='normal', size='scalable')) = 10.525
2025-05-02 16:37:42,760 - matplotlib.font_manager - DEBUG - findfont: score(FontEntry(fname='C:\\Windows\\Fonts\\swmath.ttf', name='SWMath', style='normal', variant='normal', weight=400, stretch='normal', size='scalable')) = 10.05
2025-05-02 16:37:42,760 - matplotlib.font_manager - DEBUG - findfont: score(FontEntry(fname='C:\\Windows\\Fonts\\timesbi.ttf', name='Times New Roman', style='italic', variant='normal', weight=700, stretch='normal', size='scalable')) = 11.335
2025-05-02 16:37:42,760 - matplotlib.font_manager - DEBUG - findfont: score(FontEntry(fname='C:\\Windows\\Fonts\\FRSCRIPT.TTF', name='French Script MT', style='normal', variant='normal', weight=400, stretch='normal', size='scalable')) = 10.05
2025-05-02 16:37:42,760 - matplotlib.font_manager - DEBUG - findfont: score(FontEntry(fname='C:\\Windows\\Fonts\\ARIALN.TTF', name='Arial', style='normal', variant='normal', weight=400, stretch='condensed', size='scalable')) = 6.613636363636363
2025-05-02 16:37:42,760 - matplotlib.font_manager - DEBUG - findfont: score(FontEntry(fname='C:\\Windows\\Fonts\\BOD_CI.TTF', name='Bodoni MT', style='italic', variant='normal', weight=400, stretch='condensed', size='scalable')) = 11.25
2025-05-02 16:37:42,760 - matplotlib.font_manager - DEBUG - findfont: score(FontEntry(fname='C:\\Windows\\Fonts\\NuevaStd-Italic.otf', name='Nueva Std', style='italic', variant='normal', weight=400, stretch='normal', size='scalable')) = 11.05
2025-05-02 16:37:42,760 - matplotlib.font_manager - DEBUG - findfont: score(FontEntry(fname='C:\\Windows\\Fonts\\anfsasl.ttf', name='Avenir Next for SAS', style='normal', variant='normal', weight=300, stretch='normal', size='scalable')) = 10.145
2025-05-02 16:37:42,760 - matplotlib.font_manager - DEBUG - findfont: score(FontEntry(fname='C:\\Windows\\Fonts\\esri_48.ttf', name='ESRI US MUTCD 2', style='normal', variant='normal', weight=400, stretch='normal', size='scalable')) = 10.05
2025-05-02 16:37:42,760 - matplotlib.font_manager - DEBUG - findfont: score(FontEntry(fname='C:\\Windows\\Fonts\\corbelz.ttf', name='Corbel', style='italic', variant='normal', weight=700, stretch='normal', size='scalable')) = 11.335
2025-05-02 16:37:42,760 - matplotlib.font_manager - DEBUG - findfont: score(FontEntry(fname='C:\\Windows\\Fonts\\HARLOWSI.TTF', name='Harlow Solid Italic', style='italic', variant='normal', weight=400, stretch='normal', size='scalable')) = 11.05
2025-05-02 16:37:42,760 - matplotlib.font_manager - DEBUG - findfont: score(FontEntry(fname='C:\\Program Files\\SOLIDWORKS Corp\\SOLIDWORKS\\HoopsPublish\\resource\\Font\\AdobeArabic-BoldItalic.otf', name='Adobe Arabic', style='italic', variant='normal', weight=700, stretch='normal', size='scalable')) = 11.335
2025-05-02 16:37:42,760 - matplotlib.font_manager - DEBUG - findfont: score(FontEntry(fname='C:\\Windows\\Fonts\\himalaya.ttf', name='Microsoft Himalaya', style='normal', variant='normal', weight=400, stretch='normal', size='scalable')) = 10.05
2025-05-02 16:37:42,760 - matplotlib.font_manager - DEBUG - findfont: score(FontEntry(fname='C:\\Windows\\Fonts\\consolab.ttf', name='Consolas', style='normal', variant='normal', weight=700, stretch='normal', size='scalable')) = 10.335
2025-05-02 16:37:42,760 - matplotlib.font_manager - DEBUG - findfont: score(FontEntry(fname='C:\\Windows\\Fonts\\segoeuil.ttf', name='Segoe UI', style='normal', variant='normal', weight=300, stretch='normal', size='scalable')) = 10.145
2025-05-02 16:37:42,761 - matplotlib.font_manager - DEBUG - findfont: score(FontEntry(fname='C:\\Windows\\Fonts\\TCCB____.TTF', name='Tw Cen MT Condensed', style='normal', variant='normal', weight=700, stretch='condensed', size='scalable')) = 10.535
2025-05-02 16:37:42,761 - matplotlib.font_manager - DEBUG - findfont: score(FontEntry(fname='C:\\Windows\\Fonts\\esri_26.ttf', name='ESRI MilMod 01', style='normal', variant='normal', weight=400, stretch='normal', size='scalable')) = 10.05
2025-05-02 16:37:42,761 - matplotlib.font_manager - DEBUG - findfont: score(FontEntry(fname='C:\\Windows\\Fonts\\KozMinPr6N-Light.otf', name='Kozuka Mincho Pr6N', style='normal', variant='normal', weight=300, stretch='normal', size='scalable')) = 10.145
2025-05-02 16:37:42,761 - matplotlib.font_manager - DEBUG - findfont: score(FontEntry(fname='C:\\Windows\\Fonts\\AdobeDevanagari-Regular.otf', name='Adobe Devanagari', style='normal', variant='normal', weight=400, stretch='normal', size='scalable')) = 10.05
2025-05-02 16:37:42,761 - matplotlib.font_manager - DEBUG - findfont: score(FontEntry(fname='C:\\Program Files\\SOLIDWORKS Corp\\SOLIDWORKS\\HoopsPublish\\resource\\Font\\AdobeThai-BoldItalic.otf', name='Adobe Thai', style='italic', variant='normal', weight=600, stretch='normal', size='scalable')) = 11.24
2025-05-02 16:37:42,761 - matplotlib.font_manager - DEBUG - findfont: score(FontEntry(fname='C:\\Windows\\Fonts\\SHOWG.TTF', name='Showcard Gothic', style='normal', variant='normal', weight=400, stretch='normal', size='scalable')) = 10.05
2025-05-02 16:37:42,761 - matplotlib.font_manager - DEBUG - findfont: score(FontEntry(fname='C:\\Windows\\Fonts\\MyriadArabic-Regular.otf', name='Myriad Arabic', style='normal', variant='normal', weight=400, stretch='normal', size='scalable')) = 10.05
2025-05-02 16:37:42,761 - matplotlib.font_manager - DEBUG - findfont: score(FontEntry(fname='C:\\Windows\\Fonts\\PERTILI.TTF', name='Perpetua Titling MT', style='normal', variant='normal', weight=300, stretch='normal', size='scalable')) = 10.145
2025-05-02 16:37:42,761 - matplotlib.font_manager - DEBUG - findfont: score(FontEntry(fname='C:\\Windows\\Fonts\\esri_802.ttf', name='ESRI Enviro Hazard Sites', style='normal', variant='normal', weight=400, stretch='normal', size='scalable')) = 10.05
2025-05-02 16:37:42,761 - matplotlib.font_manager - DEBUG - findfont: score(FontEntry(fname='C:\\Windows\\Fonts\\BRLNSDB.TTF', name='Berlin Sans FB Demi', style='normal', variant='normal', weight=700, stretch='normal', size='scalable')) = 10.335
2025-05-02 16:37:42,761 - matplotlib.font_manager - DEBUG - findfont: score(FontEntry(fname='C:\\Windows\\Fonts\\AGaramondPro-Italic.otf', name='Adobe Garamond Pro', style='italic', variant='normal', weight=400, stretch='normal', size='scalable')) = 11.05
2025-05-02 16:37:42,761 - matplotlib.font_manager - DEBUG - findfont: score(FontEntry(fname='C:\\Windows\\Fonts\\VINERITC.TTF', name='Viner Hand ITC', style='normal', variant='normal', weight=400, stretch='normal', size='scalable')) = 10.05
2025-05-02 16:37:42,761 - matplotlib.font_manager - DEBUG - findfont: score(FontEntry(fname='C:\\Windows\\Fonts\\esri_837.ttf', name='ESRI ERS Operations S1', style='normal', variant='normal', weight=400, stretch='normal', size='scalable')) = 10.05
2025-05-02 16:37:42,761 - matplotlib.font_manager - DEBUG - findfont: score(FontEntry(fname='C:\\Windows\\Fonts\\SimsunExtG.ttf', name='SimSun-ExtG', style='normal', variant='normal', weight=400, stretch='normal', size='scalable')) = 10.05
2025-05-02 16:37:42,761 - matplotlib.font_manager - DEBUG - findfont: score(FontEntry(fname='C:\\Windows\\Fonts\\GOUDYSTO.TTF', name='Goudy Stout', style='normal', variant='normal', weight=400, stretch='normal', size='scalable')) = 10.05
2025-05-02 16:37:42,761 - matplotlib.font_manager - DEBUG - findfont: score(FontEntry(fname='C:\\Windows\\Fonts\\KozMinPro-Bold.otf', name='Kozuka Mincho Pro', style='normal', variant='normal', weight=700, stretch='normal', size='scalable')) = 10.335
2025-05-02 16:37:42,761 - matplotlib.font_manager - DEBUG - findfont: score(FontEntry(fname='C:\\Windows\\Fonts\\swcomp.ttf', name='SWComp', style='normal', variant='normal', weight=400, stretch='normal', size='scalable')) = 10.05
2025-05-02 16:37:42,761 - matplotlib.font_manager - DEBUG - findfont: score(FontEntry(fname='C:\\Windows\\Fonts\\taileb.ttf', name='Microsoft Tai Le', style='normal', variant='normal', weight=700, stretch='normal', size='scalable')) = 10.335
2025-05-02 16:37:42,762 - matplotlib.font_manager - DEBUG - findfont: score(FontEntry(fname='C:\\Windows\\Fonts\\TektonPro-BoldObl.otf', name='Tekton Pro', style='oblique', variant='normal', weight=700, stretch='normal', size='scalable')) = 11.335
2025-05-02 16:37:42,762 - matplotlib.font_manager - DEBUG - findfont: score(FontEntry(fname='C:\\Windows\\Fonts\\WINGDNG2.TTF', name='Wingdings 2', style='normal', variant='normal', weight=400, stretch='normal', size='scalable')) = 10.05
2025-05-02 16:37:42,762 - matplotlib.font_manager - DEBUG - findfont: score(FontEntry(fname='C:\\Windows\\Fonts\\BarlowCondensed-ExtraLight.otf', name='Barlow Condensed', style='normal', variant='normal', weight=275, stretch='condensed', size='scalable')) = 10.368749999999999
2025-05-02 16:37:42,762 - matplotlib.font_manager - DEBUG - findfont: score(FontEntry(fname='C:\\Windows\\Fonts\\esri_400.ttf', name='ESRI Geology USGS 95-525', style='normal', variant='normal', weight=400, stretch='normal', size='scalable')) = 10.05
2025-05-02 16:37:42,762 - matplotlib.font_manager - DEBUG - findfont: score(FontEntry(fname='C:\\Windows\\Fonts\\esri_224.ttf', name='ESRI IGL Font24', style='normal', variant='normal', weight=400, stretch='normal', size='scalable')) = 10.05
2025-05-02 16:37:42,762 - matplotlib.font_manager - DEBUG - findfont: score(FontEntry(fname='C:\\Windows\\Fonts\\swisop2.ttf', name='SWIsop2', style='normal', variant='normal', weight=400, stretch='normal', size='scalable')) = 10.05
2025-05-02 16:37:42,762 - matplotlib.font_manager - DEBUG - findfont: score(FontEntry(fname='C:\\Windows\\Fonts\\CENSCBK.TTF', name='Century Schoolbook', style='normal', variant='normal', weight=400, stretch='normal', size='scalable')) = 10.05
2025-05-02 16:37:42,762 - matplotlib.font_manager - DEBUG - findfont: score(FontEntry(fname='C:\\Windows\\Fonts\\tahoma.ttf', name='Tahoma', style='normal', variant='normal', weight=400, stretch='normal', size='scalable')) = 10.05
2025-05-02 16:37:42,762 - matplotlib.font_manager - DEBUG - findfont: score(FontEntry(fname='C:\\Windows\\Fonts\\GILBI___.TTF', name='Gill Sans MT', style='italic', variant='normal', weight=700, stretch='normal', size='scalable')) = 11.335
2025-05-02 16:37:42,762 - matplotlib.font_manager - DEBUG - findfont: score(FontEntry(fname='C:\\Windows\\Fonts\\POORICH.TTF', name='Poor Richard', style='normal', variant='normal', weight=400, stretch='normal', size='scalable')) = 10.05
2025-05-02 16:37:42,762 - matplotlib.font_manager - DEBUG - findfont: score(FontEntry(fname='C:\\Windows\\Fonts\\Barlow-SemiBold.otf', name='Barlow', style='normal', variant='normal', weight=600, stretch='normal', size='scalable')) = 10.24
2025-05-02 16:37:42,762 - matplotlib.font_manager - DEBUG - findfont: score(FontEntry(fname='C:\\Windows\\Fonts\\CascadiaMono.ttf', name='Cascadia Mono', style='normal', variant='normal', weight=400, stretch='normal', size='scalable')) = 10.05
2025-05-02 16:37:42,762 - matplotlib.font_manager - DEBUG - findfont: score(FontEntry(fname='C:\\Windows\\Fonts\\nsscb.ttf', name='Noto Sans SC', style='normal', variant='normal', weight=700, stretch='normal', size='scalable')) = 10.335
2025-05-02 16:37:42,762 - matplotlib.font_manager - DEBUG - findfont: score(FontEntry(fname='C:\\Windows\\Fonts\\segoescb.ttf', name='Segoe Script', style='normal', variant='normal', weight=700, stretch='normal', size='scalable')) = 10.335
2025-05-02 16:37:42,762 - matplotlib.font_manager - DEBUG - findfont: score(FontEntry(fname='C:\\Windows\\Fonts\\mingliub.ttc', name='MingLiU-ExtB', style='normal', variant='normal', weight=400, stretch='normal', size='scalable')) = 10.05
2025-05-02 16:37:42,762 - matplotlib.font_manager - DEBUG - findfont: score(FontEntry(fname='C:\\Program Files\\SOLIDWORKS Corp\\SOLIDWORKS\\HoopsPublish\\resource\\Font\\AdobeGothicStd-Bold.otf', name='Adobe Gothic Std', style='normal', variant='normal', weight=700, stretch='normal', size='scalable')) = 10.335
2025-05-02 16:37:42,762 - matplotlib.font_manager - DEBUG - findfont: score(FontEntry(fname='C:\\Windows\\Fonts\\cambriaz.ttf', name='Cambria', style='italic', variant='normal', weight=700, stretch='normal', size='scalable')) = 11.335
2025-05-02 16:37:42,762 - matplotlib.font_manager - DEBUG - findfont: score(FontEntry(fname='C:\\Windows\\Fonts\\nskrl.ttf', name='Noto Sans KR', style='normal', variant='normal', weight=300, stretch='normal', size='scalable')) = 10.145
2025-05-02 16:37:42,762 - matplotlib.font_manager - DEBUG - findfont: score(FontEntry(fname='C:\\Program Files\\SOLIDWORKS Corp\\SOLIDWORKS\\HoopsPublish\\resource\\Font\\AdobeFanHeitiStd-Bold.otf', name='Adobe Fan Heiti Std', style='normal', variant='normal', weight=600, stretch='normal', size='scalable')) = 10.24
2025-05-02 16:37:42,763 - matplotlib.font_manager - DEBUG - findfont: score(FontEntry(fname='C:\\Windows\\Fonts\\LithosPro-Regular.otf', name='Lithos Pro', style='normal', variant='normal', weight=400, stretch='normal', size='scalable')) = 10.05
2025-05-02 16:37:42,763 - matplotlib.font_manager - DEBUG - findfont: score(FontEntry(fname='C:\\Windows\\Fonts\\Nirmala.ttf', name='Nirmala UI', style='normal', variant='normal', weight=400, stretch='normal', size='scalable')) = 10.05
2025-05-02 16:37:42,763 - matplotlib.font_manager - DEBUG - findfont: score(FontEntry(fname='C:\\Windows\\Fonts\\nstcr.ttf', name='Noto Sans TC', style='normal', variant='normal', weight=400, stretch='normal', size='scalable')) = 10.05
2025-05-02 16:37:42,763 - matplotlib.font_manager - DEBUG - findfont: score(FontEntry(fname='C:\\Windows\\Fonts\\DUBAI-REGULAR.TTF', name='Dubai', style='normal', variant='normal', weight=400, stretch='normal', size='scalable')) = 10.05
2025-05-02 16:37:42,763 - matplotlib.font_manager - DEBUG - findfont: score(FontEntry(fname='C:\\Windows\\Fonts\\cour.ttf', name='Courier New', style='normal', variant='normal', weight=400, stretch='normal', size='scalable')) = 10.05
2025-05-02 16:37:42,763 - matplotlib.font_manager - DEBUG - findfont: score(FontEntry(fname='C:\\Windows\\Fonts\\FRADMCN.TTF', name='Franklin Gothic Demi Cond', style='normal', variant='normal', weight=400, stretch='condensed', size='scalable')) = 10.25
2025-05-02 16:37:42,763 - matplotlib.font_manager - DEBUG - findfont: score(FontEntry(fname='C:\\Windows\\Fonts\\Code39AzaleaWide1.ttf', name='Code39AzaleaWide1', style='normal', variant='normal', weight=400, stretch='expanded', size='scalable')) = 10.25
2025-05-02 16:37:42,763 - matplotlib.font_manager - DEBUG - findfont: score(FontEntry(fname='C:\\Windows\\Fonts\\MAIAN.TTF', name='Maiandra GD', style='normal', variant='normal', weight=400, stretch='normal', size='scalable')) = 10.05
2025-05-02 16:37:42,763 - matplotlib.font_manager - DEBUG - findfont: score(FontEntry(fname='C:\\Windows\\Fonts\\esri_221.ttf', name='ESRI IGL Font21', style='normal', variant='normal', weight=400, stretch='normal', size='scalable')) = 10.05
2025-05-02 16:37:42,763 - matplotlib.font_manager - DEBUG - findfont: score(FontEntry(fname='C:\\Windows\\Fonts\\NuevaStd-Bold.otf', name='Nueva Std', style='normal', variant='normal', weight=700, stretch='normal', size='scalable')) = 10.335
2025-05-02 16:37:42,763 - matplotlib.font_manager - DEBUG - findfont: score(FontEntry(fname='C:\\Windows\\Fonts\\BarlowSemiCondensed-ExtraBold.otf', name='Barlow Semi Condensed', style='normal', variant='normal', weight=800, stretch='condensed', size='scalable')) = 10.629999999999999
2025-05-02 16:37:42,763 - matplotlib.font_manager - DEBUG - findfont: score(FontEntry(fname='C:\\Windows\\Fonts\\ENGR.TTF', name='Engravers MT', style='normal', variant='normal', weight=500, stretch='normal', size='scalable')) = 10.145
2025-05-02 16:37:42,763 - matplotlib.font_manager - DEBUG - findfont: score(FontEntry(fname='C:\\Windows\\Fonts\\CALIST.TTF', name='Calisto MT', style='normal', variant='normal', weight=400, stretch='normal', size='scalable')) = 10.05
2025-05-02 16:37:42,763 - matplotlib.font_manager - DEBUG - findfont: score(FontEntry(fname='C:\\Windows\\Fonts\\msjh.ttc', name='Microsoft JhengHei', style='normal', variant='normal', weight=400, stretch='normal', size='scalable')) = 10.05
2025-05-02 16:37:42,763 - matplotlib.font_manager - DEBUG - findfont: score(FontEntry(fname='C:\\Windows\\Fonts\\BOOKOSBI.TTF', name='Bookman Old Style', style='italic', variant='normal', weight=600, stretch='normal', size='scalable')) = 11.24
2025-05-02 16:37:42,763 - matplotlib.font_manager - DEBUG - findfont: score(FontEntry(fname='C:\\Windows\\Fonts\\ANTQUAB.TTF', name='Book Antiqua', style='normal', variant='normal', weight=700, stretch='normal', size='scalable')) = 10.335
2025-05-02 16:37:42,763 - matplotlib.font_manager - DEBUG - findfont: score(FontEntry(fname='C:\\Windows\\Fonts\\seguiemj.ttf', name='Segoe UI Emoji', style='normal', variant='normal', weight=400, stretch='normal', size='scalable')) = 10.05
2025-05-02 16:37:42,764 - matplotlib.font_manager - DEBUG - findfont: score(FontEntry(fname='C:\\Windows\\Fonts\\comici.ttf', name='Comic Sans MS', style='italic', variant='normal', weight=400, stretch='normal', size='scalable')) = 11.05
2025-05-02 16:37:42,764 - matplotlib.font_manager - DEBUG - findfont: score(FontEntry(fname='C:\\Windows\\Fonts\\MyriadPro-Semibold.otf', name='Myriad Pro', style='normal', variant='normal', weight=600, stretch='normal', size='scalable')) = 10.24
2025-05-02 16:37:42,764 - matplotlib.font_manager - DEBUG - findfont: score(FontEntry(fname='C:\\Windows\\Fonts\\nsjpr.ttf', name='Noto Sans JP', style='normal', variant='normal', weight=400, stretch='normal', size='scalable')) = 10.05
2025-05-02 16:37:42,764 - matplotlib.font_manager - DEBUG - findfont: score(FontEntry(fname='C:\\Windows\\Fonts\\seguisbi.ttf', name='Segoe UI', style='italic', variant='normal', weight=600, stretch='normal', size='scalable')) = 11.24
2025-05-02 16:37:42,764 - matplotlib.font_manager - DEBUG - findfont: score(FontEntry(fname='C:\\Windows\\Fonts\\segoesc.ttf', name='Segoe Script', style='normal', variant='normal', weight=400, stretch='normal', size='scalable')) = 10.05
2025-05-02 16:37:42,764 - matplotlib.font_manager - DEBUG - findfont: score(FontEntry(fname='C:\\Windows\\Fonts\\ChaparralPro-BoldIt.otf', name='Chaparral Pro', style='italic', variant='normal', weight=700, stretch='normal', size='scalable')) = 11.335
2025-05-02 16:37:42,764 - matplotlib.font_manager - DEBUG - findfont: score(FontEntry(fname='C:\\Windows\\Fonts\\TektonPro-BoldCond.otf', name='Tekton Pro', style='normal', variant='normal', weight=700, stretch='condensed', size='scalable')) = 10.535
2025-05-02 16:37:42,764 - matplotlib.font_manager - DEBUG - findfont: score(FontEntry(fname='C:\\Windows\\Fonts\\ariali.ttf', name='Arial', style='italic', variant='normal', weight=400, stretch='normal', size='scalable')) = 7.413636363636363
2025-05-02 16:37:42,764 - matplotlib.font_manager - DEBUG - findfont: score(FontEntry(fname='C:\\Windows\\Fonts\\ERASMD.TTF', name='Eras Medium ITC', style='normal', variant='normal', weight=400, stretch='normal', size='scalable')) = 10.05
2025-05-02 16:37:42,764 - matplotlib.font_manager - DEBUG - findfont: score(FontEntry(fname='C:\\Windows\\Fonts\\calibrili.ttf', name='Calibri', style='italic', variant='normal', weight=300, stretch='normal', size='scalable')) = 11.145
2025-05-02 16:37:42,764 - matplotlib.font_manager - DEBUG - findfont: score(FontEntry(fname='C:\\Windows\\Fonts\\REFSAN.TTF', name='MS Reference Sans Serif', style='normal', variant='normal', weight=400, stretch='normal', size='scalable')) = 10.05
2025-05-02 16:37:42,764 - matplotlib.font_manager - DEBUG - findfont: score(FontEntry(fname='C:\\Windows\\Fonts\\esri_2.ttf', name='ESRI Environmental & Icons', style='normal', variant='normal', weight=400, stretch='normal', size='scalable')) = 10.05
2025-05-02 16:37:42,764 - matplotlib.font_manager - DEBUG - findfont: score(FontEntry(fname='C:\\Windows\\Fonts\\simsun.ttc', name='SimSun', style='normal', variant='normal', weight=400, stretch='normal', size='scalable')) = 10.05
2025-05-02 16:37:42,764 - matplotlib.font_manager - DEBUG - findfont: score(FontEntry(fname='C:\\Windows\\Fonts\\myinghei.ttf', name='MYingHei_18030_C-Medium', style='normal', variant='normal', weight=400, stretch='normal', size='scalable')) = 10.05
2025-05-02 16:37:42,764 - matplotlib.font_manager - DEBUG - findfont: score(FontEntry(fname='C:\\Windows\\Fonts\\wingding.ttf', name='Wingdings', style='normal', variant='normal', weight=400, stretch='normal', size='scalable')) = 10.05
2025-05-02 16:37:42,765 - matplotlib.font_manager - DEBUG - findfont: score(FontEntry(fname='C:\\Windows\\Fonts\\LEELAWDB.TTF', name='Leelawadee', style='normal', variant='normal', weight=700, stretch='normal', size='scalable')) = 10.335
2025-05-02 16:37:42,765 - matplotlib.font_manager - DEBUG - findfont: score(FontEntry(fname='C:\\Windows\\Fonts\\swromnc.ttf', name='SWRomnc', style='normal', variant='normal', weight=400, stretch='normal', size='scalable')) = 10.05
2025-05-02 16:37:42,765 - matplotlib.font_manager - DEBUG - findfont: score(FontEntry(fname='C:\\Windows\\Fonts\\YuGothL.ttc', name='Yu Gothic', style='normal', variant='normal', weight=300, stretch='normal', size='scalable')) = 10.145
2025-05-02 16:37:42,765 - matplotlib.font_manager - DEBUG - findfont: score(FontEntry(fname='C:\\Windows\\Fonts\\saswcui.ttf', name='Cumberland AMT', style='italic', variant='normal', weight=400, stretch='normal', size='scalable')) = 11.05
2025-05-02 16:37:42,765 - matplotlib.font_manager - DEBUG - findfont: score(FontEntry(fname='C:\\Windows\\Fonts\\consola.ttf', name='Consolas', style='normal', variant='normal', weight=400, stretch='normal', size='scalable')) = 10.05
2025-05-02 16:37:42,765 - matplotlib.font_manager - DEBUG - findfont: score(FontEntry(fname='C:\\Windows\\Fonts\\PrestigeEliteStd-Bd.otf', name='Prestige Elite Std', style='normal', variant='normal', weight=700, stretch='normal', size='scalable')) = 10.335
2025-05-02 16:37:42,765 - matplotlib.font_manager - DEBUG - findfont: score(FontEntry(fname='C:\\Windows\\Fonts\\saswali.ttf', name='Albany AMT', style='italic', variant='normal', weight=400, stretch='normal', size='scalable')) = 11.05
2025-05-02 16:37:42,765 - matplotlib.font_manager - DEBUG - findfont: score(FontEntry(fname='C:\\Windows\\Fonts\\esri_223.ttf', name='ESRI IGL Font23', style='normal', variant='normal', weight=400, stretch='normal', size='scalable')) = 10.05
2025-05-02 16:37:42,765 - matplotlib.font_manager - DEBUG - findfont: score(FontEntry(fname='C:\\Windows\\Fonts\\corbell.ttf', name='Corbel', style='normal', variant='normal', weight=300, stretch='normal', size='scalable')) = 10.145
2025-05-02 16:37:42,765 - matplotlib.font_manager - DEBUG - findfont: score(FontEntry(fname='C:\\Windows\\Fonts\\nsscl.ttf', name='Noto Sans SC', style='normal', variant='normal', weight=300, stretch='normal', size='scalable')) = 10.145
2025-05-02 16:37:42,765 - matplotlib.font_manager - DEBUG - findfont: score(FontEntry(fname='C:\\Windows\\Fonts\\LeelaUIb.ttf', name='Leelawadee UI', style='normal', variant='normal', weight=700, stretch='normal', size='scalable')) = 10.335
2025-05-02 16:37:42,765 - matplotlib.font_manager - DEBUG - findfont: score(FontEntry(fname='C:\\Windows\\Fonts\\KUNSTLER.TTF', name='Kunstler Script', style='normal', variant='normal', weight=400, stretch='normal', size='scalable')) = 10.05
2025-05-02 16:37:42,765 - matplotlib.font_manager - DEBUG - findfont: score(FontEntry(fname='C:\\Windows\\Fonts\\ROCKB.TTF', name='Rockwell', style='normal', variant='normal', weight=700, stretch='normal', size='scalable')) = 10.335
2025-05-02 16:37:42,765 - matplotlib.font_manager - DEBUG - findfont: score(FontEntry(fname='C:\\Windows\\Fonts\\JUICE___.TTF', name='Juice ITC', style='normal', variant='normal', weight=400, stretch='normal', size='scalable')) = 10.05
2025-05-02 16:37:42,765 - matplotlib.font_manager - DEBUG - findfont: score(FontEntry(fname='C:\\Windows\\Fonts\\saswcur.ttf', name='Cumberland AMT', style='normal', variant='normal', weight=400, stretch='normal', size='scalable')) = 10.05
2025-05-02 16:37:42,765 - matplotlib.font_manager - DEBUG - findfont: score(FontEntry(fname='C:\\Windows\\Fonts\\GIGI.TTF', name='Gigi', style='normal', variant='normal', weight=400, stretch='normal', size='scalable')) = 10.05
2025-05-02 16:37:42,765 - matplotlib.font_manager - DEBUG - findfont: score(FontEntry(fname='C:\\Windows\\Fonts\\MTCORSVA.TTF', name='Monotype Corsiva', style='normal', variant='normal', weight=400, stretch='normal', size='scalable')) = 10.05
2025-05-02 16:37:42,766 - matplotlib.font_manager - DEBUG - findfont: score(FontEntry(fname='C:\\Windows\\Fonts\\BarlowCondensed-Medium.otf', name='Barlow Condensed', style='normal', variant='normal', weight=500, stretch='condensed', size='scalable')) = 10.344999999999999
2025-05-02 16:37:42,766 - matplotlib.font_manager - DEBUG - findfont: score(FontEntry(fname='C:\\Windows\\Fonts\\l_10646.ttf', name='Lucida Sans Unicode', style='normal', variant='normal', weight=400, stretch='normal', size='scalable')) = 10.05
2025-05-02 16:37:42,766 - matplotlib.font_manager - DEBUG - findfont: score(FontEntry(fname='C:\\Windows\\Fonts\\palabi.ttf', name='Palatino Linotype', style='italic', variant='normal', weight=700, stretch='normal', size='scalable')) = 11.335
2025-05-02 16:37:42,766 - matplotlib.font_manager - DEBUG - findfont: score(FontEntry(fname='C:\\Windows\\Fonts\\NotoSansTC-VF.ttf', name='Noto Sans TC', style='normal', variant='normal', weight=100, stretch='normal', size='scalable')) = 10.335
2025-05-02 16:37:42,766 - matplotlib.font_manager - DEBUG - findfont: score(FontEntry(fname='C:\\Windows\\Fonts\\ACaslonPro-SemiboldItalic.otf', name='Adobe Caslon Pro', style='italic', variant='normal', weight=600, stretch='normal', size='scalable')) = 11.24
2025-05-02 16:37:42,766 - matplotlib.font_manager - DEBUG - findfont: score(FontEntry(fname='C:\\Windows\\Fonts\\AdobeFanHeitiStd-Bold.otf', name='Adobe Fan Heiti Std', style='normal', variant='normal', weight=600, stretch='normal', size='scalable')) = 10.24
2025-05-02 16:37:42,766 - matplotlib.font_manager - DEBUG - findfont: score(FontEntry(fname='C:\\Windows\\Fonts\\esri_500.ttf', name='ESRI Geology AGSO 1', style='normal', variant='normal', weight=400, stretch='normal', size='scalable')) = 10.05
2025-05-02 16:37:42,766 - matplotlib.font_manager - DEBUG - findfont: score(FontEntry(fname='C:\\Windows\\Fonts\\esri_44.ttf', name='ESRI Shields', style='normal', variant='normal', weight=400, stretch='normal', size='scalable')) = 10.05
2025-05-02 16:37:42,766 - matplotlib.font_manager - DEBUG - findfont: score(FontEntry(fname='C:\\Windows\\Fonts\\SCRIPTBL.TTF', name='Script MT Bold', style='normal', variant='normal', weight=700, stretch='normal', size='scalable')) = 10.335
2025-05-02 16:37:42,766 - matplotlib.font_manager - DEBUG - findfont: score(FontEntry(fname='C:\\Windows\\Fonts\\esri_159.ttf', name='ESRI Hydrants', style='normal', variant='normal', weight=400, stretch='normal', size='scalable')) = 10.05
2025-05-02 16:37:42,766 - matplotlib.font_manager - DEBUG - findfont: score(FontEntry(fname='C:\\Windows\\Fonts\\Code39AzaleaNarrow2.ttf', name='Code39AzaleaNarrow2', style='normal', variant='normal', weight=400, stretch='condensed', size='scalable')) = 10.25
2025-05-02 16:37:42,766 - matplotlib.font_manager - DEBUG - findfont: score(FontEntry(fname='C:\\Windows\\Fonts\\BROADW.TTF', name='Broadway', style='normal', variant='normal', weight=400, stretch='normal', size='scalable')) = 10.05
2025-05-02 16:37:42,766 - matplotlib.font_manager - DEBUG - findfont: score(FontEntry(fname='C:\\Windows\\Fonts\\framdit.ttf', name='Franklin Gothic Medium', style='italic', variant='normal', weight=400, stretch='normal', size='scalable')) = 11.05
2025-05-02 16:37:42,766 - matplotlib.font_manager - DEBUG - findfont: score(FontEntry(fname='C:\\Windows\\Fonts\\esri_800.ttf', name='ESRI Enviro Hazard Incident', style='normal', variant='normal', weight=400, stretch='normal', size='scalable')) = 10.05
2025-05-02 16:37:42,766 - matplotlib.font_manager - DEBUG - findfont: score(FontEntry(fname='C:\\Windows\\Fonts\\MyriadArabic-Bold.otf', name='Myriad Arabic', style='normal', variant='normal', weight=700, stretch='normal', size='scalable')) = 10.335
2025-05-02 16:37:42,766 - matplotlib.font_manager - DEBUG - findfont: score(FontEntry(fname='C:\\Windows\\Fonts\\INFROMAN.TTF', name='Informal Roman', style='normal', variant='normal', weight=400, stretch='normal', size='scalable')) = 10.05
2025-05-02 16:37:42,766 - matplotlib.font_manager - DEBUG - findfont: score(FontEntry(fname='C:\\Windows\\Fonts\\esri_29.ttf', name='ESRI Public1', style='normal', variant='normal', weight=400, stretch='normal', size='scalable')) = 10.05
2025-05-02 16:37:42,766 - matplotlib.font_manager - DEBUG - findfont: score(FontEntry(fname='C:\\Windows\\Fonts\\esri_651.ttf', name='ESRI US Forestry 1', style='normal', variant='normal', weight=400, stretch='normal', size='scalable')) = 10.05
2025-05-02 16:37:42,766 - matplotlib.font_manager - DEBUG - findfont: score(FontEntry(fname='C:\\Windows\\Fonts\\esri_7.ttf', name='ESRI Geology', style='normal', variant='normal', weight=400, stretch='normal', size='scalable')) = 10.05
2025-05-02 16:37:42,767 - matplotlib.font_manager - DEBUG - findfont: score(FontEntry(fname='C:\\Windows\\Fonts\\AdobeMyungjoStd-Medium.otf', name='Adobe Myungjo Std', style='normal', variant='normal', weight=500, stretch='normal', size='scalable')) = 10.145
2025-05-02 16:37:42,767 - matplotlib.font_manager - DEBUG - findfont: score(FontEntry(fname='C:\\Windows\\Fonts\\MyriadPro-Cond.otf', name='Myriad Pro', style='normal', variant='normal', weight=400, stretch='condensed', size='scalable')) = 10.25
2025-05-02 16:37:42,767 - matplotlib.font_manager - DEBUG - findfont: score(FontEntry(fname='C:\\Windows\\Fonts\\AdobeArabic-Italic.otf', name='Adobe Arabic', style='italic', variant='normal', weight=400, stretch='normal', size='scalable')) = 11.05
2025-05-02 16:37:42,767 - matplotlib.font_manager - DEBUG - findfont: score(FontEntry(fname='C:\\Windows\\Fonts\\CooperBlackStd.otf', name='Cooper Std', style='normal', variant='normal', weight=900, stretch='normal', size='scalable')) = 10.525
2025-05-02 16:37:42,767 - matplotlib.font_manager - DEBUG - findfont: score(FontEntry(fname='C:\\Windows\\Fonts\\couri.ttf', name='Courier New', style='italic', variant='normal', weight=400, stretch='normal', size='scalable')) = 11.05
2025-05-02 16:37:42,767 - matplotlib.font_manager - DEBUG - findfont: score(FontEntry(fname='C:\\Windows\\Fonts\\NotoSansSC-VF.ttf', name='Noto Sans SC', style='normal', variant='normal', weight=100, stretch='normal', size='scalable')) = 10.335
2025-05-02 16:37:42,767 - matplotlib.font_manager - DEBUG - findfont: score(FontEntry(fname='C:\\Windows\\Fonts\\msjhl.ttc', name='Microsoft JhengHei', style='normal', variant='normal', weight=290, stretch='normal', size='scalable')) = 10.1545
2025-05-02 16:37:42,767 - matplotlib.font_manager - DEBUG - findfont: score(FontEntry(fname='C:\\Windows\\Fonts\\Roboto-BoldItalic.ttf', name='Roboto', style='italic', variant='normal', weight=700, stretch='normal', size='scalable')) = 11.335
2025-05-02 16:37:42,767 - matplotlib.font_manager - DEBUG - findfont: score(FontEntry(fname='C:\\Windows\\Fonts\\webdings.ttf', name='Webdings', style='normal', variant='normal', weight=400, stretch='normal', size='scalable')) = 10.05
2025-05-02 16:37:42,767 - matplotlib.font_manager - DEBUG - findfont: score(FontEntry(fname='C:\\Windows\\Fonts\\bahnschrift.ttf', name='Bahnschrift', style='normal', variant='normal', weight=400, stretch='normal', size='scalable')) = 10.05
2025-05-02 16:37:42,767 - matplotlib.font_manager - DEBUG - findfont: score(FontEntry(fname='C:\\Windows\\Fonts\\ACaslonPro-BoldItalic.otf', name='Adobe Caslon Pro', style='italic', variant='normal', weight=700, stretch='normal', size='scalable')) = 11.335
2025-05-02 16:37:42,767 - matplotlib.font_manager - DEBUG - findfont: score(FontEntry(fname='C:\\Windows\\Fonts\\BRUSHSCI.TTF', name='Brush Script MT', style='italic', variant='normal', weight=400, stretch='normal', size='scalable')) = 11.05
2025-05-02 16:37:42,767 - matplotlib.font_manager - DEBUG - findfont: score(FontEntry(fname='C:\\Windows\\Fonts\\MyriadPro-BoldIt.otf', name='Myriad Pro', style='italic', variant='normal', weight=700, stretch='normal', size='scalable')) = 11.335
2025-05-02 16:37:42,767 - matplotlib.font_manager - DEBUG - findfont: score(FontEntry(fname='C:\\Windows\\Fonts\\PERB____.TTF', name='Perpetua', style='normal', variant='normal', weight=700, stretch='normal', size='scalable')) = 10.335
2025-05-02 16:37:42,767 - matplotlib.font_manager - DEBUG - findfont: score(FontEntry(fname='C:\\Windows\\Fonts\\BarlowSemiCondensed-Black.otf', name='Barlow Semi Condensed', style='normal', variant='normal', weight=900, stretch='condensed', size='scalable')) = 10.725
2025-05-02 16:37:42,767 - matplotlib.font_manager - DEBUG - findfont: score(FontEntry(fname='C:\\Windows\\Fonts\\segmdl2.ttf', name='Segoe MDL2 Assets', style='normal', variant='normal', weight=400, stretch='normal', size='scalable')) = 10.05
2025-05-02 16:37:42,767 - matplotlib.font_manager - DEBUG - findfont: score(FontEntry(fname='C:\\Windows\\Fonts\\trebucbi.ttf', name='Trebuchet MS', style='italic', variant='normal', weight=700, stretch='normal', size='scalable')) = 11.335
2025-05-02 16:37:42,767 - matplotlib.font_manager - DEBUG - findfont: score(FontEntry(fname='C:\\Windows\\Fonts\\swgrekc.ttf', name='SWGrekc', style='normal', variant='normal', weight=400, stretch='normal', size='scalable')) = 10.05
2025-05-02 16:37:42,767 - matplotlib.font_manager - DEBUG - findfont: score(FontEntry(fname='C:\\Program Files\\SOLIDWORKS Corp\\SOLIDWORKS\\HoopsPublish\\resource\\Font\\AdobeHebrew-Bold.otf', name='Adobe Hebrew', style='normal', variant='normal', weight=600, stretch='normal', size='scalable')) = 10.24
2025-05-02 16:37:42,767 - matplotlib.font_manager - DEBUG - findfont: score(FontEntry(fname='C:\\Windows\\Fonts\\ROCKI.TTF', name='Rockwell', style='italic', variant='normal', weight=400, stretch='normal', size='scalable')) = 11.05
2025-05-02 16:37:42,768 - matplotlib.font_manager - DEBUG - findfont: score(FontEntry(fname='C:\\Windows\\Fonts\\MyriadArabic-BoldIt.otf', name='Myriad Arabic', style='italic', variant='normal', weight=700, stretch='normal', size='scalable')) = 11.335
2025-05-02 16:37:42,768 - matplotlib.font_manager - DEBUG - findfont: score(FontEntry(fname='C:\\Windows\\Fonts\\esri_144.ttf', name='ESRI Arrowhead', style='normal', variant='normal', weight=400, stretch='normal', size='scalable')) = 10.05
2025-05-02 16:37:42,768 - matplotlib.font_manager - DEBUG - findfont: score(FontEntry(fname='C:\\Windows\\Fonts\\MinionPro-BoldCn.otf', name='Minion Pro', style='normal', variant='normal', weight=700, stretch='condensed', size='scalable')) = 10.535
2025-05-02 16:37:42,768 - matplotlib.font_manager - DEBUG - findfont: score(FontEntry(fname='C:\\Windows\\Fonts\\palab.ttf', name='Palatino Linotype', style='normal', variant='normal', weight=700, stretch='normal', size='scalable')) = 10.335
2025-05-02 16:37:42,768 - matplotlib.font_manager - DEBUG - findfont: score(FontEntry(fname='C:\\Windows\\Fonts\\arial.ttf', name='Arial', style='normal', variant='normal', weight=400, stretch='normal', size='scalable')) = 6.413636363636363
2025-05-02 16:37:42,768 - matplotlib.font_manager - DEBUG - findfont: score(FontEntry(fname='C:\\Windows\\Fonts\\BOD_BI.TTF', name='Bodoni MT', style='italic', variant='normal', weight=700, stretch='normal', size='scalable')) = 11.335
2025-05-02 16:37:42,768 - matplotlib.font_manager - DEBUG - findfont: score(FontEntry(fname='C:\\Windows\\Fonts\\Arimo-Bold.ttf', name='Arimo', style='normal', variant='normal', weight=700, stretch='normal', size='scalable')) = 10.335
2025-05-02 16:37:42,768 - matplotlib.font_manager - DEBUG - findfont: score(FontEntry(fname='C:\\Windows\\Fonts\\Code39AzaleaRegular3.ttf', name='Code39AzaleaRegular3', style='normal', variant='normal', weight=400, stretch='normal', size='scalable')) = 10.05
2025-05-02 16:37:42,768 - matplotlib.font_manager - DEBUG - findfont: score(FontEntry(fname='C:\\Windows\\Fonts\\MSUIGHUB.TTF', name='Microsoft Uighur', style='normal', variant='normal', weight=700, stretch='normal', size='scalable')) = 10.335
2025-05-02 16:37:42,768 - matplotlib.font_manager - DEBUG - findfont: score(FontEntry(fname='C:\\Windows\\Fonts\\LSANSD.TTF', name='Lucida Sans', style='normal', variant='normal', weight=600, stretch='normal', size='scalable')) = 10.24
2025-05-02 16:37:42,768 - matplotlib.font_manager - DEBUG - findfont: score(FontEntry(fname='C:\\Program Files\\SOLIDWORKS Corp\\SOLIDWORKS\\HoopsPublish\\resource\\Font\\AdobeThai-Regular.otf', name='Adobe Thai', style='normal', variant='normal', weight=400, stretch='normal', size='scalable')) = 10.05
2025-05-02 16:37:42,768 - matplotlib.font_manager - DEBUG - findfont: score(FontEntry(fname='C:\\Windows\\Fonts\\SCHLBKB.TTF', name='Century Schoolbook', style='normal', variant='normal', weight=700, stretch='normal', size='scalable')) = 10.335
2025-05-02 16:37:42,768 - matplotlib.font_manager - DEBUG - findfont: score(FontEntry(fname='C:\\Windows\\Fonts\\BRLNSR.TTF', name='Berlin Sans FB', style='normal', variant='normal', weight=400, stretch='normal', size='scalable')) = 10.05
2025-05-02 16:37:42,768 - matplotlib.font_manager - DEBUG - findfont: score(FontEntry(fname='C:\\Windows\\Fonts\\ACaslonPro-Regular.otf', name='Adobe Caslon Pro', style='normal', variant='normal', weight=400, stretch='normal', size='scalable')) = 10.05
2025-05-02 16:37:42,768 - matplotlib.font_manager - DEBUG - findfont: score(FontEntry(fname='C:\\Windows\\Fonts\\consolai.ttf', name='Consolas', style='italic', variant='normal', weight=400, stretch='normal', size='scalable')) = 11.05
2025-05-02 16:37:42,768 - matplotlib.font_manager - DEBUG - findfont: score(FontEntry(fname='C:\\Windows\\Fonts\\micross.ttf', name='Microsoft Sans Serif', style='normal', variant='normal', weight=400, stretch='normal', size='scalable')) = 10.05
2025-05-02 16:37:42,768 - matplotlib.font_manager - DEBUG - findfont: score(FontEntry(fname='C:\\Windows\\Fonts\\esri_25.ttf', name='ESRI MilSym 05', style='normal', variant='normal', weight=400, stretch='normal', size='scalable')) = 10.05
2025-05-02 16:37:42,768 - matplotlib.font_manager - DEBUG - findfont: score(FontEntry(fname='C:\\Windows\\Fonts\\TEMPSITC.TTF', name='Tempus Sans ITC', style='normal', variant='normal', weight=400, stretch='normal', size='scalable')) = 10.05
2025-05-02 16:37:42,768 - matplotlib.font_manager - DEBUG - findfont: score(FontEntry(fname='C:\\Program Files\\SOLIDWORKS Corp\\SOLIDWORKS\\HoopsPublish\\resource\\Font\\AdobeThai-Bold.otf', name='Adobe Thai', style='normal', variant='normal', weight=600, stretch='normal', size='scalable')) = 10.24
2025-05-02 16:37:42,769 - matplotlib.font_manager - DEBUG - findfont: score(FontEntry(fname='C:\\Windows\\Fonts\\FELIXTI.TTF', name='Felix Titling', style='normal', variant='normal', weight=400, stretch='normal', size='scalable')) = 10.05
2025-05-02 16:37:42,769 - matplotlib.font_manager - DEBUG - findfont: score(FontEntry(fname='C:\\Windows\\Fonts\\gadugi.ttf', name='Gadugi', style='normal', variant='normal', weight=400, stretch='normal', size='scalable')) = 10.05
2025-05-02 16:37:42,769 - matplotlib.font_manager - DEBUG - findfont: score(FontEntry(fname='C:\\Windows\\Fonts\\BlackoakStd.otf', name='Blackoak Std', style='normal', variant='normal', weight=900, stretch='normal', size='scalable')) = 10.525
2025-05-02 16:37:42,769 - matplotlib.font_manager - DEBUG - findfont: score(FontEntry(fname='C:\\Windows\\Fonts\\KozGoPro-Heavy.otf', name='Kozuka Gothic Pro', style='normal', variant='normal', weight=900, stretch='normal', size='scalable')) = 10.525
2025-05-02 16:37:42,769 - matplotlib.font_manager - DEBUG - findfont: score(FontEntry(fname='C:\\Windows\\Fonts\\GLECB.TTF', name='Gloucester MT Extra Condensed', style='normal', variant='normal', weight=400, stretch='condensed', size='scalable')) = 10.25
2025-05-02 16:37:42,769 - matplotlib.font_manager - DEBUG - findfont: score(FontEntry(fname='C:\\Windows\\Fonts\\GOTHICBI.TTF', name='Century Gothic', style='italic', variant='normal', weight=700, stretch='normal', size='scalable')) = 11.335
2025-05-02 16:37:42,769 - matplotlib.font_manager - DEBUG - findfont: score(FontEntry(fname='C:\\Program Files\\SOLIDWORKS Corp\\SOLIDWORKS\\HoopsPublish\\resource\\Font\\courierstd-boldoblique.otf', name='Courier Std', style='oblique', variant='normal', weight=700, stretch='normal', size='scalable')) = 11.335
2025-05-02 16:37:42,769 - matplotlib.font_manager - DEBUG - findfont: score(FontEntry(fname='C:\\Windows\\Fonts\\anfsasi.ttf', name='Avenir Next for SAS', style='italic', variant='normal', weight=400, stretch='normal', size='scalable')) = 11.05
2025-05-02 16:37:42,769 - matplotlib.font_manager - DEBUG - findfont: score(FontEntry(fname='C:\\Windows\\Fonts\\ACLcourmon.ttf', name='Courier MonoThai', style='normal', variant='normal', weight=400, stretch='normal', size='scalable')) = 10.05
2025-05-02 16:37:42,769 - matplotlib.font_manager - DEBUG - findfont: score(FontEntry(fname='C:\\Windows\\Fonts\\Barlow-Black.otf', name='Barlow', style='normal', variant='normal', weight=900, stretch='normal', size='scalable')) = 10.525
2025-05-02 16:37:42,769 - matplotlib.font_manager - DEBUG - findfont: score(FontEntry(fname='C:\\Windows\\Fonts\\GOUDOSB.TTF', name='Goudy Old Style', style='normal', variant='normal', weight=700, stretch='normal', size='scalable')) = 10.335
2025-05-02 16:37:42,769 - matplotlib.font_manager - DEBUG - findfont: score(FontEntry(fname='C:\\Windows\\Fonts\\MyriadPro-It.otf', name='Myriad Pro', style='italic', variant='normal', weight=400, stretch='normal', size='scalable')) = 11.05
2025-05-02 16:37:42,769 - matplotlib.font_manager - DEBUG - findfont: score(FontEntry(fname='C:\\Windows\\Fonts\\myinghwl.ttf', name='MYingHei_18030_C-MediumHWL', style='normal', variant='normal', weight=400, stretch='normal', size='scalable')) = 10.05
2025-05-02 16:37:42,769 - matplotlib.font_manager - DEBUG - findfont: score(FontEntry(fname='C:\\Windows\\Fonts\\ARLRDBD.TTF', name='Arial Rounded MT Bold', style='normal', variant='normal', weight=400, stretch='normal', size='scalable')) = 10.05
2025-05-02 16:37:42,769 - matplotlib.font_manager - DEBUG - findfont: score(FontEntry(fname='C:\\Windows\\Fonts\\ebrimabd.ttf', name='Ebrima', style='normal', variant='normal', weight=700, stretch='normal', size='scalable')) = 10.335
2025-05-02 16:37:42,769 - matplotlib.font_manager - DEBUG - findfont: score(FontEntry(fname='C:\\Windows\\Fonts\\Barlow-Bold.otf', name='Barlow', style='normal', variant='normal', weight=700, stretch='normal', size='scalable')) = 10.335
2025-05-02 16:37:42,769 - matplotlib.font_manager - DEBUG - findfont: score(FontEntry(fname='C:\\Windows\\Fonts\\NotoSerifSC-VF.ttf', name='Noto Serif SC', style='normal', variant='normal', weight=200, stretch='normal', size='scalable')) = 10.24
2025-05-02 16:37:42,769 - matplotlib.font_manager - DEBUG - findfont: score(FontEntry(fname='C:\\Windows\\Fonts\\malgun.ttf', name='Malgun Gothic', style='normal', variant='normal', weight=400, stretch='normal', size='scalable')) = 10.05
2025-05-02 16:37:42,769 - matplotlib.font_manager - DEBUG - findfont: score(FontEntry(fname='C:\\Program Files\\SOLIDWORKS Corp\\SOLIDWORKS\\HoopsPublish\\resource\\Font\\courierstd-bold.otf', name='Courier Std', style='normal', variant='normal', weight=700, stretch='normal', size='scalable')) = 10.335
2025-05-02 16:37:42,770 - matplotlib.font_manager - DEBUG - findfont: score(FontEntry(fname='C:\\Windows\\Fonts\\swgdt.ttf', name='SWGDT', style='normal', variant='normal', weight=400, stretch='normal', size='scalable')) = 10.05
2025-05-02 16:37:42,770 - matplotlib.font_manager - DEBUG - findfont: score(FontEntry(fname='C:\\Windows\\Fonts\\symbolah.ttf', name='Symbola', style='normal', variant='normal', weight=400, stretch='normal', size='scalable')) = 10.05
2025-05-02 16:37:42,770 - matplotlib.font_manager - DEBUG - findfont: score(FontEntry(fname='C:\\Windows\\Fonts\\lastrsrt.ttf', name='LastResort', style='normal', variant='normal', weight=400, stretch='normal', size='scalable')) = 10.05
2025-05-02 16:37:42,770 - matplotlib.font_manager - DEBUG - findfont: score(FontEntry(fname='C:\\Windows\\Fonts\\swromnd.ttf', name='SWRomnd', style='normal', variant='normal', weight=400, stretch='normal', size='scalable')) = 10.05
2025-05-02 16:37:42,770 - matplotlib.font_manager - DEBUG - findfont: score(FontEntry(fname='C:\\Windows\\Fonts\\BELL.TTF', name='Bell MT', style='normal', variant='normal', weight=400, stretch='normal', size='scalable')) = 10.05
2025-05-02 16:37:42,770 - matplotlib.font_manager - DEBUG - findfont: score(FontEntry(fname='C:\\Windows\\Fonts\\SansSerifCollection.ttf', name='Sans Serif Collection', style='normal', variant='normal', weight=400, stretch='normal', size='scalable')) = 10.05
2025-05-02 16:37:42,770 - matplotlib.font_manager - DEBUG - findfont: score(FontEntry(fname='C:\\Windows\\Fonts\\AdobeHebrew-BoldItalic.otf', name='Adobe Hebrew', style='italic', variant='normal', weight=600, stretch='normal', size='scalable')) = 11.24
2025-05-02 16:37:42,770 - matplotlib.font_manager - DEBUG - findfont: score(FontEntry(fname='C:\\Windows\\Fonts\\esri_376.ttf', name='ESRI Caves 2', style='normal', variant='normal', weight=400, stretch='normal', size='scalable')) = 10.05
2025-05-02 16:37:42,770 - matplotlib.font_manager - DEBUG - findfont: score(FontEntry(fname='C:\\Windows\\Fonts\\COLONNA.TTF', name='Colonna MT', style='normal', variant='normal', weight=400, stretch='normal', size='scalable')) = 10.05
2025-05-02 16:37:42,770 - matplotlib.font_manager - DEBUG - findfont: score(FontEntry(fname='C:\\Windows\\Fonts\\swscrps.ttf', name='SWScrps', style='normal', variant='normal', weight=400, stretch='normal', size='scalable')) = 10.05
2025-05-02 16:37:42,770 - matplotlib.font_manager - DEBUG - findfont: score(FontEntry(fname='C:\\Windows\\Fonts\\Arimo-BoldItalic.ttf', name='Arimo', style='italic', variant='normal', weight=700, stretch='normal', size='scalable')) = 11.335
2025-05-02 16:37:42,770 - matplotlib.font_manager - DEBUG - findfont: score(FontEntry(fname='C:\\Windows\\Fonts\\Roboto-Medium.ttf', name='Roboto', style='normal', variant='normal', weight=500, stretch='normal', size='scalable')) = 10.145
2025-05-02 16:37:42,770 - matplotlib.font_manager - DEBUG - findfont: score(FontEntry(fname='C:\\Program Files\\SOLIDWORKS Corp\\SOLIDWORKS\\HoopsPublish\\resource\\Font\\AdobeArabic-Regular.otf', name='Adobe Arabic', style='normal', variant='normal', weight=400, stretch='normal', size='scalable')) = 10.05
2025-05-02 16:37:42,770 - matplotlib.font_manager - DEBUG - findfont: score(FontEntry(fname='C:\\Windows\\Fonts\\Roboto-ThinItalic.ttf', name='Roboto', style='italic', variant='normal', weight=250, stretch='normal', size='scalable')) = 11.1925
2025-05-02 16:37:42,770 - matplotlib.font_manager - DEBUG - findfont: score(FontEntry(fname='C:\\Windows\\Fonts\\TrajanPro-Regular.otf', name='Trajan Pro', style='normal', variant='normal', weight=400, stretch='normal', size='scalable')) = 10.05
2025-05-02 16:37:42,770 - matplotlib.font_manager - DEBUG - findfont: score(FontEntry(fname='C:\\Windows\\Fonts\\esri_11.ttf', name='ESRI Default Marker', style='normal', variant='normal', weight=400, stretch='normal', size='scalable')) = 10.05
2025-05-02 16:37:42,770 - matplotlib.font_manager - DEBUG - findfont: score(FontEntry(fname='C:\\Windows\\Fonts\\FTLTLT.TTF', name='Footlight MT Light', style='normal', variant='normal', weight=300, stretch='normal', size='scalable')) = 10.145
2025-05-02 16:37:42,770 - matplotlib.font_manager - DEBUG - findfont: score(FontEntry(fname='C:\\Windows\\Fonts\\sasicons.ttf', name='sas-icons', style='normal', variant='normal', weight=400, stretch='normal', size='scalable')) = 10.05
2025-05-02 16:37:42,771 - matplotlib.font_manager - DEBUG - findfont: score(FontEntry(fname='C:\\Windows\\Fonts\\MISTRAL.TTF', name='Mistral', style='normal', variant='normal', weight=400, stretch='normal', size='scalable')) = 10.05
2025-05-02 16:37:42,771 - matplotlib.font_manager - DEBUG - findfont: score(FontEntry(fname='C:\\Windows\\Fonts\\esri_3.ttf', name='ESRI Geometric Symbols', style='normal', variant='normal', weight=400, stretch='normal', size='scalable')) = 10.05
2025-05-02 16:37:42,771 - matplotlib.font_manager - DEBUG - findfont: score(FontEntry(fname='C:\\Windows\\Fonts\\esri_375.ttf', name='ESRI Caves 1', style='normal', variant='normal', weight=400, stretch='normal', size='scalable')) = 10.05
2025-05-02 16:37:42,771 - matplotlib.font_manager - DEBUG - findfont: score(FontEntry(fname='C:\\Windows\\Fonts\\NuevaStd-BoldCond.otf', name='Nueva Std', style='normal', variant='normal', weight=700, stretch='condensed', size='scalable')) = 10.535
2025-05-02 16:37:42,771 - matplotlib.font_manager - DEBUG - findfont: score(FontEntry(fname='C:\\Windows\\Fonts\\Code39AzaleaNarrow1.ttf', name='Code39AzaleaNarrow1', style='normal', variant='normal', weight=400, stretch='condensed', size='scalable')) = 10.25
2025-05-02 16:37:42,771 - matplotlib.font_manager - DEBUG - findfont: score(FontEntry(fname='C:\\Windows\\Fonts\\hnfsasb.ttf', name='Helvetica Neue for SAS', style='normal', variant='normal', weight=700, stretch='normal', size='scalable')) = 10.335
2025-05-02 16:37:42,771 - matplotlib.font_manager - DEBUG - findfont: score(FontEntry(fname='C:\\Windows\\Fonts\\swisop3.ttf', name='SWIsop3', style='normal', variant='normal', weight=400, stretch='normal', size='scalable')) = 10.05
2025-05-02 16:37:42,771 - matplotlib.font_manager - DEBUG - findfont: score(FontEntry(fname='C:\\Windows\\Fonts\\sylfaen.ttf', name='Sylfaen', style='normal', variant='normal', weight=400, stretch='normal', size='scalable')) = 10.05
2025-05-02 16:37:42,771 - matplotlib.font_manager - DEBUG - findfont: score(FontEntry(fname='C:\\Windows\\Fonts\\swtxt.ttf', name='SWTxt', style='normal', variant='normal', weight=400, stretch='normal', size='scalable')) = 10.05
2025-05-02 16:37:42,771 - matplotlib.font_manager - DEBUG - findfont: score(FontEntry(fname='C:\\Windows\\Fonts\\lucon.ttf', name='Lucida Console', style='normal', variant='normal', weight=400, stretch='normal', size='scalable')) = 10.05
2025-05-02 16:37:42,771 - matplotlib.font_manager - DEBUG - findfont: score(FontEntry(fname='C:\\Windows\\Fonts\\Roboto-Black.ttf', name='Roboto', style='normal', variant='normal', weight=900, stretch='normal', size='scalable')) = 10.525
2025-05-02 16:37:42,771 - matplotlib.font_manager - DEBUG - findfont: score(FontEntry(fname='C:\\Windows\\Fonts\\HoboStd.otf', name='Hobo Std', style='normal', variant='normal', weight=500, stretch='normal', size='scalable')) = 10.145
2025-05-02 16:37:42,771 - matplotlib.font_manager - DEBUG - findfont: score(FontEntry(fname='C:\\Windows\\Fonts\\swgothi.ttf', name='SWGothi', style='normal', variant='normal', weight=400, stretch='normal', size='scalable')) = 10.05
2025-05-02 16:37:42,771 - matplotlib.font_manager - DEBUG - findfont: score(FontEntry(fname='C:\\Windows\\Fonts\\seguibli.ttf', name='Segoe UI', style='italic', variant='normal', weight=900, stretch='normal', size='scalable')) = 11.525
2025-05-02 16:37:42,771 - matplotlib.font_manager - DEBUG - findfont: score(FontEntry(fname='C:\\Windows\\Fonts\\BELLB.TTF', name='Bell MT', style='normal', variant='normal', weight=700, stretch='normal', size='scalable')) = 10.335
2025-05-02 16:37:42,771 - matplotlib.font_manager - DEBUG - findfont: score(FontEntry(fname='C:\\Windows\\Fonts\\Deng.ttf', name='DengXian', style='normal', variant='normal', weight=400, stretch='normal', size='scalable')) = 10.05
2025-05-02 16:37:42,771 - matplotlib.font_manager - DEBUG - findfont: score(FontEntry(fname='C:\\Windows\\Fonts\\nstcl.ttf', name='Noto Sans TC', style='normal', variant='normal', weight=300, stretch='normal', size='scalable')) = 10.145
2025-05-02 16:37:42,771 - matplotlib.font_manager - DEBUG - findfont: score(FontEntry(fname='C:\\Windows\\Fonts\\PRISTINA.TTF', name='Pristina', style='normal', variant='normal', weight=400, stretch='normal', size='scalable')) = 10.05
2025-05-02 16:37:42,771 - matplotlib.font_manager - DEBUG - findfont: score(FontEntry(fname='C:\\Windows\\Fonts\\OLDENGL.TTF', name='Old English Text MT', style='normal', variant='normal', weight=400, stretch='normal', size='scalable')) = 10.05
2025-05-02 16:37:42,771 - matplotlib.font_manager - DEBUG - findfont: score(FontEntry(fname='C:\\Windows\\Fonts\\BOD_B.TTF', name='Bodoni MT', style='normal', variant='normal', weight=700, stretch='normal', size='scalable')) = 10.335
2025-05-02 16:37:42,772 - matplotlib.font_manager - DEBUG - findfont: score(FontEntry(fname='C:\\Windows\\Fonts\\hnfsasli.ttf', name='Helvetica Neue for SAS', style='italic', variant='normal', weight=300, stretch='normal', size='scalable')) = 11.145
2025-05-02 16:37:42,772 - matplotlib.font_manager - DEBUG - findfont: score(FontEntry(fname='C:\\Windows\\Fonts\\batang.ttc', name='Batang', style='normal', variant='normal', weight=400, stretch='normal', size='scalable')) = 10.05
2025-05-02 16:37:42,772 - matplotlib.font_manager - DEBUG - findfont: score(FontEntry(fname='C:\\Windows\\Fonts\\esri_161.ttf', name='ESRI Pipeline US 1', style='normal', variant='normal', weight=400, stretch='normal', size='scalable')) = 10.05
2025-05-02 16:37:42,772 - matplotlib.font_manager - DEBUG - findfont: score(FontEntry(fname='C:\\Windows\\Fonts\\SNAP____.TTF', name='Snap ITC', style='normal', variant='normal', weight=400, stretch='normal', size='scalable')) = 10.05
2025-05-02 16:37:42,772 - matplotlib.font_manager - DEBUG - findfont: score(FontEntry(fname='C:\\Windows\\Fonts\\GIL_____.TTF', name='Gill Sans MT', style='normal', variant='normal', weight=400, stretch='normal', size='scalable')) = 10.05
2025-05-02 16:37:42,772 - matplotlib.font_manager - DEBUG - findfont: score(FontEntry(fname='C:\\Windows\\Fonts\\PER_____.TTF', name='Perpetua', style='normal', variant='normal', weight=400, stretch='normal', size='scalable')) = 10.05
2025-05-02 16:37:42,772 - matplotlib.font_manager - DEBUG - findfont: score(FontEntry(fname='C:\\Program Files\\SOLIDWORKS Corp\\SOLIDWORKS\\HoopsPublish\\resource\\Font\\adobesongstd-light.otf', name='Adobe Song Std', style='normal', variant='normal', weight=300, stretch='normal', size='scalable')) = 10.145
2025-05-02 16:37:42,772 - matplotlib.font_manager - DEBUG - findfont: score(FontEntry(fname='C:\\Windows\\Fonts\\AdobeDevanagari-Bold.otf', name='Adobe Devanagari', style='normal', variant='normal', weight=700, stretch='normal', size='scalable')) = 10.335
2025-05-02 16:37:42,772 - matplotlib.font_manager - DEBUG - findfont: score(FontEntry(fname='C:\\Windows\\Fonts\\esri_151.ttf', name='ESRI AMFM Gas', style='normal', variant='normal', weight=400, stretch='normal', size='scalable')) = 10.05
2025-05-02 16:37:42,772 - matplotlib.font_manager - DEBUG - findfont: score(FontEntry(fname='C:\\Windows\\Fonts\\MyriadHebrew-BoldIt.otf', name='Myriad Hebrew', style='italic', variant='normal', weight=700, stretch='normal', size='scalable')) = 11.335
2025-05-02 16:37:42,772 - matplotlib.font_manager - DEBUG - findfont: score(FontEntry(fname='C:\\Windows\\Fonts\\LBRITEDI.TTF', name='Lucida Bright', style='italic', variant='normal', weight=600, stretch='normal', size='scalable')) = 11.24
2025-05-02 16:37:42,772 - matplotlib.font_manager - DEBUG - findfont: score(FontEntry(fname='C:\\Windows\\Fonts\\TCBI____.TTF', name='Tw Cen MT', style='italic', variant='normal', weight=700, stretch='normal', size='scalable')) = 11.335
2025-05-02 16:37:42,772 - matplotlib.font_manager - DEBUG - findfont: score(FontEntry(fname='C:\\Windows\\Fonts\\saswthr.ttf', name='Thorndale AMT', style='normal', variant='normal', weight=400, stretch='normal', size='scalable')) = 10.05
2025-05-02 16:37:42,772 - matplotlib.font_manager - DEBUG - findfont: score(FontEntry(fname='C:\\Windows\\Fonts\\kaiu.ttf', name='DFKai-SB', style='normal', variant='normal', weight=400, stretch='normal', size='scalable')) = 10.05
2025-05-02 16:37:42,772 - matplotlib.font_manager - DEBUG - findfont: score(FontEntry(fname='C:\\Windows\\Fonts\\AdobeHebrew-Regular.otf', name='Adobe Hebrew', style='normal', variant='normal', weight=400, stretch='normal', size='scalable')) = 10.05
2025-05-02 16:37:42,772 - matplotlib.font_manager - DEBUG - findfont: score(FontEntry(fname='C:\\Windows\\Fonts\\nstcb.ttf', name='Noto Sans TC', style='normal', variant='normal', weight=700, stretch='normal', size='scalable')) = 10.335
2025-05-02 16:37:42,773 - matplotlib.font_manager - DEBUG - findfont: score(FontEntry(fname='C:\\Windows\\Fonts\\PARCHM.TTF', name='Parchment', style='normal', variant='normal', weight=400, stretch='normal', size='scalable')) = 10.05
2025-05-02 16:37:42,773 - matplotlib.font_manager - DEBUG - findfont: score(FontEntry(fname='C:\\Windows\\Fonts\\BELLI.TTF', name='Bell MT', style='italic', variant='normal', weight=400, stretch='normal', size='scalable')) = 11.05
2025-05-02 16:37:42,773 - matplotlib.font_manager - DEBUG - findfont: score(FontEntry(fname='C:\\Windows\\Fonts\\HARNGTON.TTF', name='Harrington', style='normal', variant='normal', weight=400, stretch='normal', size='scalable')) = 10.05
2025-05-02 16:37:42,773 - matplotlib.font_manager - DEBUG - findfont: score(FontEntry(fname='C:\\Windows\\Fonts\\csongl.ttf', name='CSongGB18030C-Light', style='normal', variant='normal', weight=300, stretch='normal', size='scalable')) = 10.145
2025-05-02 16:37:42,773 - matplotlib.font_manager - DEBUG - findfont: score(FontEntry(fname='C:\\Windows\\Fonts\\ROCK.TTF', name='Rockwell', style='normal', variant='normal', weight=400, stretch='normal', size='scalable')) = 10.05
2025-05-02 16:37:42,773 - matplotlib.font_manager - DEBUG - findfont: score(FontEntry(fname='C:\\Windows\\Fonts\\LCALLIG.TTF', name='Lucida Calligraphy', style='italic', variant='normal', weight=400, stretch='normal', size='scalable')) = 11.05
2025-05-02 16:37:42,773 - matplotlib.font_manager - DEBUG - findfont: score(FontEntry(fname='C:\\Program Files\\SOLIDWORKS Corp\\SOLIDWORKS\\HoopsPublish\\resource\\Font\\adobeheitistd-regular.otf', name='Adobe Heiti Std', style='normal', variant='normal', weight=400, stretch='normal', size='scalable')) = 10.05
2025-05-02 16:37:42,773 - matplotlib.font_manager - DEBUG - findfont: score(FontEntry(fname='C:\\Windows\\Fonts\\phagspa.ttf', name='Microsoft PhagsPa', style='normal', variant='normal', weight=400, stretch='normal', size='scalable')) = 10.05
2025-05-02 16:37:42,773 - matplotlib.font_manager - DEBUG - findfont: score(FontEntry(fname='C:\\Windows\\Fonts\\sasgasb.ttf', name='Arial Symbol', style='normal', variant='normal', weight=700, stretch='normal', size='scalable')) = 10.335
2025-05-02 16:37:42,773 - matplotlib.font_manager - DEBUG - findfont: score(FontEntry(fname='C:\\Windows\\Fonts\\nsb.ttf', name='Noto Sans', style='normal', variant='normal', weight=700, stretch='normal', size='scalable')) = 10.335
2025-05-02 16:37:42,773 - matplotlib.font_manager - DEBUG - findfont: score(FontEntry(fname='C:\\Windows\\Fonts\\sasgtsi.ttf', name='Times New Roman Symbol', style='italic', variant='normal', weight=400, stretch='normal', size='scalable')) = 11.05
2025-05-02 16:37:42,773 - matplotlib.font_manager - DEBUG - findfont: score(FontEntry(fname='C:\\Windows\\Fonts\\esri_150.ttf', name='ESRI AMFM Electric', style='normal', variant='normal', weight=400, stretch='normal', size='scalable')) = 10.05
2025-05-02 16:37:42,773 - matplotlib.font_manager - DEBUG - findfont: score(FontEntry(fname='C:\\Windows\\Fonts\\esri_40.ttf', name='ESRI North', style='normal', variant='normal', weight=400, stretch='normal', size='scalable')) = 10.05
2025-05-02 16:37:42,773 - matplotlib.font_manager - DEBUG - findfont: score(FontEntry(fname='C:\\Windows\\Fonts\\GOTHICB.TTF', name='Century Gothic', style='normal', variant='normal', weight=700, stretch='normal', size='scalable')) = 10.335
2025-05-02 16:37:42,773 - matplotlib.font_manager - DEBUG - findfont: score(FontEntry(fname='C:\\Windows\\Fonts\\PDM.ttf', name='PDM', style='normal', variant='normal', weight=400, stretch='normal', size='scalable')) = 10.05
2025-05-02 16:37:42,773 - matplotlib.font_manager - DEBUG - findfont: score(FontEntry(fname='C:\\Windows\\Fonts\\DUBAI-LIGHT.TTF', name='Dubai', style='normal', variant='normal', weight=300, stretch='normal', size='scalable')) = 10.145
2025-05-02 16:37:42,773 - matplotlib.font_manager - DEBUG - findfont: score(FontEntry(fname='C:\\Windows\\Fonts\\CENTURY.TTF', name='Century', style='normal', variant='normal', weight=400, stretch='normal', size='scalable')) = 10.05
2025-05-02 16:37:42,774 - matplotlib.font_manager - DEBUG - findfont: score(FontEntry(fname='C:\\Windows\\Fonts\\AGaramondPro-Bold.otf', name='Adobe Garamond Pro', style='normal', variant='normal', weight=700, stretch='normal', size='scalable')) = 10.335
2025-05-02 16:37:42,774 - matplotlib.font_manager - DEBUG - findfont: score(FontEntry(fname='C:\\Windows\\Fonts\\sasgasi.ttf', name='Arial Symbol', style='italic', variant='normal', weight=400, stretch='normal', size='scalable')) = 11.05
2025-05-02 16:37:42,774 - matplotlib.font_manager - DEBUG - findfont: score(FontEntry(fname='C:\\Program Files\\SOLIDWORKS Corp\\SOLIDWORKS\\HoopsPublish\\resource\\Font\\AdobeHebrew-Regular.otf', name='Adobe Hebrew', style='normal', variant='normal', weight=400, stretch='normal', size='scalable')) = 10.05
2025-05-02 16:37:42,774 - matplotlib.font_manager - DEBUG - findfont: score(FontEntry(fname='C:\\Windows\\Fonts\\BOD_CBI.TTF', name='Bodoni MT', style='italic', variant='normal', weight=700, stretch='condensed', size='scalable')) = 11.535
2025-05-02 16:37:42,774 - matplotlib.font_manager - DEBUG - findfont: score(FontEntry(fname='C:\\Windows\\Fonts\\CALIFB.TTF', name='Californian FB', style='normal', variant='normal', weight=700, stretch='normal', size='scalable')) = 10.335
2025-05-02 16:37:42,774 - matplotlib.font_manager - DEBUG - findfont: score(FontEntry(fname='C:\\Windows\\Fonts\\AdobeNaskh-Medium.otf', name='Adobe Naskh', style='normal', variant='normal', weight=500, stretch='normal', size='scalable')) = 10.145
2025-05-02 16:37:42,774 - matplotlib.font_manager - DEBUG - findfont: score(FontEntry(fname='C:\\Windows\\Fonts\\msgothic.ttc', name='MS Gothic', style='normal', variant='normal', weight=400, stretch='normal', size='scalable')) = 10.05
2025-05-02 16:37:42,774 - matplotlib.font_manager - DEBUG - findfont: score(FontEntry(fname='C:\\Windows\\Fonts\\ONYX.TTF', name='Onyx', style='normal', variant='normal', weight=400, stretch='normal', size='scalable')) = 10.05
2025-05-02 16:37:42,774 - matplotlib.font_manager - DEBUG - findfont: score(FontEntry(fname='C:\\Windows\\Fonts\\corbel.ttf', name='Corbel', style='normal', variant='normal', weight=400, stretch='normal', size='scalable')) = 10.05
2025-05-02 16:37:42,774 - matplotlib.font_manager - DEBUG - findfont: score(FontEntry(fname='C:\\Windows\\Fonts\\FRADM.TTF', name='Franklin Gothic Demi', style='normal', variant='normal', weight=400, stretch='normal', size='scalable')) = 10.05
2025-05-02 16:37:42,774 - matplotlib.font_manager - DEBUG - findfont: score(FontEntry(fname='C:\\Windows\\Fonts\\impact.ttf', name='Impact', style='normal', variant='normal', weight=400, stretch='normal', size='scalable')) = 10.05
2025-05-02 16:37:42,774 - matplotlib.font_manager - DEBUG - findfont: score(FontEntry(fname='C:\\Windows\\Fonts\\MinionPro-Semibold.otf', name='Minion Pro', style='normal', variant='normal', weight=600, stretch='normal', size='scalable')) = 10.24
2025-05-02 16:37:42,774 - matplotlib.font_manager - DEBUG - findfont: score(FontEntry(fname='C:\\Windows\\Fonts\\MinionPro-It.otf', name='Minion Pro', style='italic', variant='normal', weight=400, stretch='normal', size='scalable')) = 11.05
2025-05-02 16:37:42,774 - matplotlib.font_manager - DEBUG - findfont: score(FontEntry(fname='C:\\Windows\\Fonts\\KozGoPro-Medium.otf', name='Kozuka Gothic Pro', style='normal', variant='normal', weight=500, stretch='normal', size='scalable')) = 10.145
2025-05-02 16:37:42,774 - matplotlib.font_manager - DEBUG - findfont: score(FontEntry(fname='C:\\Windows\\Fonts\\ntailub.ttf', name='Microsoft New Tai Lue', style='normal', variant='normal', weight=700, stretch='normal', size='scalable')) = 10.335
2025-05-02 16:37:42,775 - matplotlib.font_manager - DEBUG - findfont: score(FontEntry(fname='C:\\Windows\\Fonts\\KozGoPr6N-Heavy.otf', name='Kozuka Gothic Pr6N', style='normal', variant='normal', weight=900, stretch='normal', size='scalable')) = 10.525
2025-05-02 16:37:42,775 - matplotlib.font_manager - DEBUG - findfont: score(FontEntry(fname='C:\\Windows\\Fonts\\cambriai.ttf', name='Cambria', style='italic', variant='normal', weight=400, stretch='normal', size='scalable')) = 11.05
2025-05-02 16:37:42,775 - matplotlib.font_manager - DEBUG - findfont: score(FontEntry(fname='C:\\Windows\\Fonts\\trebuc.ttf', name='Trebuchet MS', style='normal', variant='normal', weight=400, stretch='normal', size='scalable')) = 10.05
2025-05-02 16:37:42,775 - matplotlib.font_manager - DEBUG - findfont: score(FontEntry(fname='C:\\Windows\\Fonts\\PERI____.TTF', name='Perpetua', style='italic', variant='normal', weight=400, stretch='normal', size='scalable')) = 11.05
2025-05-02 16:37:42,775 - matplotlib.font_manager - DEBUG - findfont: score(FontEntry(fname='C:\\Windows\\Fonts\\anfsasli.ttf', name='Avenir Next for SAS', style='italic', variant='normal', weight=300, stretch='normal', size='scalable')) = 11.145
2025-05-02 16:37:42,775 - matplotlib.font_manager - DEBUG - findfont: score(FontEntry(fname='C:\\Windows\\Fonts\\esri_133.ttf', name='ESRI SDS 2.00 2', style='normal', variant='normal', weight=400, stretch='normal', size='scalable')) = 10.05
2025-05-02 16:37:42,775 - matplotlib.font_manager - DEBUG - findfont: score(FontEntry(fname='C:\\Program Files\\SOLIDWORKS Corp\\SOLIDWORKS\\HoopsPublish\\resource\\Font\\courierstd.otf', name='Courier Std', style='normal', variant='normal', weight=500, stretch='normal', size='scalable')) = 10.145
2025-05-02 16:37:42,775 - matplotlib.font_manager - DEBUG - findfont: score(FontEntry(fname='C:\\Windows\\Fonts\\Barlow-Thin.otf', name='Barlow', style='normal', variant='normal', weight=250, stretch='normal', size='scalable')) = 10.1925
2025-05-02 16:37:42,775 - matplotlib.font_manager - DEBUG - findfont: score(FontEntry(fname='C:\\Windows\\Fonts\\calibril.ttf', name='Calibri', style='normal', variant='normal', weight=300, stretch='normal', size='scalable')) = 10.145
2025-05-02 16:37:42,775 - matplotlib.font_manager - DEBUG - findfont: score(FontEntry(fname='C:\\Windows\\Fonts\\FORTE.TTF', name='Forte', style='normal', variant='normal', weight=400, stretch='normal', size='scalable')) = 10.05
2025-05-02 16:37:42,775 - matplotlib.font_manager - DEBUG - findfont: score(FontEntry(fname='C:\\Windows\\Fonts\\NirmalaB.ttf', name='Nirmala UI', style='normal', variant='normal', weight=700, stretch='normal', size='scalable')) = 10.335
2025-05-02 16:37:42,775 - matplotlib.font_manager - DEBUG - findfont: score(FontEntry(fname='C:\\Windows\\Fonts\\sasgtsr.ttf', name='Times New Roman Symbol', style='normal', variant='normal', weight=400, stretch='normal', size='scalable')) = 10.05
2025-05-02 16:37:42,775 - matplotlib.font_manager - DEBUG - findfont: score(FontEntry(fname='C:\\Windows\\Fonts\\sasgtsb.ttf', name='Times New Roman Symbol', style='normal', variant='normal', weight=700, stretch='normal', size='scalable')) = 10.335
2025-05-02 16:37:42,775 - matplotlib.font_manager - DEBUG - findfont: score(FontEntry(fname='C:\\Windows\\Fonts\\switalc.ttf', name='SWItalc', style='normal', variant='normal', weight=400, stretch='normal', size='scalable')) = 10.05
2025-05-02 16:37:42,775 - matplotlib.font_manager - DEBUG - findfont: score(FontEntry(fname='C:\\Windows\\Fonts\\LeelawUI.ttf', name='Leelawadee UI', style='normal', variant='normal', weight=400, stretch='normal', size='scalable')) = 10.05
2025-05-02 16:37:42,775 - matplotlib.font_manager - DEBUG - findfont: score(FontEntry(fname='C:\\Windows\\Fonts\\BRITANIC.TTF', name='Britannic Bold', style='normal', variant='normal', weight=400, stretch='normal', size='scalable')) = 10.05
2025-05-02 16:37:42,775 - matplotlib.font_manager - DEBUG - findfont: score(FontEntry(fname='C:\\Windows\\Fonts\\esri_39.ttf', name='ESRI Dimensioning', style='normal', variant='normal', weight=400, stretch='normal', size='scalable')) = 10.05
2025-05-02 16:37:42,775 - matplotlib.font_manager - DEBUG - findfont: score(FontEntry(fname='C:\\Program Files\\SOLIDWORKS Corp\\SOLIDWORKS\\HoopsPublish\\resource\\Font\\AdobeHebrew-BoldItalic.otf', name='Adobe Hebrew', style='italic', variant='normal', weight=600, stretch='normal', size='scalable')) = 11.24
2025-05-02 16:37:42,775 - matplotlib.font_manager - DEBUG - findfont: score(FontEntry(fname='C:\\Windows\\Fonts\\saswcub.ttf', name='Cumberland AMT', style='normal', variant='normal', weight=700, stretch='normal', size='scalable')) = 10.335
2025-05-02 16:37:42,776 - matplotlib.font_manager - DEBUG - findfont: score(FontEntry(fname='C:\\Windows\\Fonts\\LSANS.TTF', name='Lucida Sans', style='normal', variant='normal', weight=400, stretch='normal', size='scalable')) = 10.05
2025-05-02 16:37:42,776 - matplotlib.font_manager - DEBUG - findfont: score(FontEntry(fname='C:\\Windows\\Fonts\\swgothg.ttf', name='SWGothg', style='normal', variant='normal', weight=400, stretch='normal', size='scalable')) = 10.05
2025-05-02 16:37:42,776 - matplotlib.font_manager - DEBUG - findfont: score(FontEntry(fname='C:\\Windows\\Fonts\\CALISTBI.TTF', name='Calisto MT', style='italic', variant='normal', weight=700, stretch='normal', size='scalable')) = 11.335
2025-05-02 16:37:42,776 - matplotlib.font_manager - DEBUG - findfont: score(FontEntry(fname='C:\\Windows\\Fonts\\simhei.ttf', name='SimHei', style='normal', variant='normal', weight=400, stretch='normal', size='scalable')) = 10.05
2025-05-02 16:37:42,776 - matplotlib.font_manager - DEBUG - findfont: score(FontEntry(fname='C:\\Windows\\Fonts\\symbol.ttf', name='Symbol', style='normal', variant='normal', weight=400, stretch='normal', size='scalable')) = 10.05
2025-05-02 16:37:42,776 - matplotlib.font_manager - DEBUG - findfont: score(FontEntry(fname='C:\\Windows\\Fonts\\YuGothM.ttc', name='Yu Gothic', style='normal', variant='normal', weight=500, stretch='normal', size='scalable')) = 10.145
2025-05-02 16:37:42,776 - matplotlib.font_manager - DEBUG - findfont: score(FontEntry(fname='C:\\Windows\\Fonts\\Candaraz.ttf', name='Candara', style='italic', variant='normal', weight=700, stretch='normal', size='scalable')) = 11.335
2025-05-02 16:37:42,776 - matplotlib.font_manager - DEBUG - findfont: score(FontEntry(fname='C:\\Windows\\Fonts\\AdobeHebrew-Bold.otf', name='Adobe Hebrew', style='normal', variant='normal', weight=600, stretch='normal', size='scalable')) = 10.24
2025-05-02 16:37:42,776 - matplotlib.font_manager - DEBUG - findfont: score(FontEntry(fname='C:\\Program Files\\SOLIDWORKS Corp\\SOLIDWORKS\\HoopsPublish\\resource\\Font\\MyriadPro-Regular.otf', name='Myriad Pro', style='normal', variant='normal', weight=400, stretch='normal', size='scalable')) = 10.05
2025-05-02 16:37:42,776 - matplotlib.font_manager - DEBUG - findfont: score(FontEntry(fname='C:\\Windows\\Fonts\\LFAX.TTF', name='Lucida Fax', style='normal', variant='normal', weight=400, stretch='normal', size='scalable')) = 10.05
2025-05-02 16:37:42,776 - matplotlib.font_manager - DEBUG - findfont: score(FontEntry(fname='C:\\Windows\\Fonts\\esri_222.ttf', name='ESRI IGL Font22', style='normal', variant='normal', weight=400, stretch='normal', size='scalable')) = 10.05
2025-05-02 16:37:42,776 - matplotlib.font_manager - DEBUG - findfont: score(FontEntry(fname='C:\\Windows\\Fonts\\BirchStd.otf', name='Birch Std', style='normal', variant='normal', weight=400, stretch='normal', size='scalable')) = 10.05
2025-05-02 16:37:42,776 - matplotlib.font_manager - DEBUG - findfont: score(FontEntry(fname='C:\\Windows\\Fonts\\georgia.ttf', name='Georgia', style='normal', variant='normal', weight=400, stretch='normal', size='scalable')) = 10.05
2025-05-02 16:37:42,776 - matplotlib.font_manager - DEBUG - findfont: score(FontEntry(fname='C:\\Windows\\Fonts\\Code39AzaleaRegular1.ttf', name='Code39AzaleaRegular1', style='normal', variant='normal', weight=400, stretch='normal', size='scalable')) = 10.05
2025-05-02 16:37:42,776 - matplotlib.font_manager - DEBUG - findfont: score(FontEntry(fname='C:\\Windows\\Fonts\\BOD_BLAI.TTF', name='Bodoni MT', style='italic', variant='normal', weight=900, stretch='normal', size='scalable')) = 11.525
2025-05-02 16:37:42,776 - matplotlib.font_manager - DEBUG - findfont: score(FontEntry(fname='C:\\Windows\\Fonts\\BarlowSemiCondensed-Medium.otf', name='Barlow Semi Condensed', style='normal', variant='normal', weight=500, stretch='condensed', size='scalable')) = 10.344999999999999
2025-05-02 16:37:42,777 - matplotlib.font_manager - DEBUG - findfont: score(FontEntry(fname='C:\\Windows\\Fonts\\hnfsasbi.ttf', name='Helvetica Neue for SAS', style='italic', variant='normal', weight=700, stretch='normal', size='scalable')) = 11.335
2025-05-02 16:37:42,777 - matplotlib.font_manager - DEBUG - findfont: score(FontEntry(fname='C:\\Windows\\Fonts\\seguili.ttf', name='Segoe UI', style='italic', variant='normal', weight=300, stretch='normal', size='scalable')) = 11.145
2025-05-02 16:37:42,777 - matplotlib.font_manager - DEBUG - findfont: score(FontEntry(fname='C:\\Windows\\Fonts\\BarlowCondensed-Black.otf', name='Barlow Condensed', style='normal', variant='normal', weight=900, stretch='condensed', size='scalable')) = 10.725
2025-05-02 16:37:42,777 - matplotlib.font_manager - DEBUG - findfont: score(FontEntry(fname='C:\\Windows\\Fonts\\Code39AzaleaRegular2.ttf', name='Code39AzaleaRegular2', style='normal', variant='normal', weight=400, stretch='normal', size='scalable')) = 10.05
2025-05-02 16:37:42,777 - matplotlib.font_manager - DEBUG - findfont: score(FontEntry(fname='C:\\Windows\\Fonts\\heit.ttf', name='HeiT', style='normal', variant='normal', weight=400, stretch='normal', size='scalable')) = 10.05
2025-05-02 16:37:42,777 - matplotlib.font_manager - DEBUG - findfont: score(FontEntry(fname='C:\\Windows\\Fonts\\Gabriola.ttf', name='Gabriola', style='normal', variant='normal', weight=400, stretch='normal', size='scalable')) = 10.05
2025-05-02 16:37:42,777 - matplotlib.font_manager - DEBUG - findfont: score(FontEntry(fname='C:\\Windows\\Fonts\\timesbd.ttf', name='Times New Roman', style='normal', variant='normal', weight=700, stretch='normal', size='scalable')) = 10.335
2025-05-02 16:37:42,777 - matplotlib.font_manager - DEBUG - findfont: score(FontEntry(fname='C:\\Windows\\Fonts\\ERASLGHT.TTF', name='Eras Light ITC', style='normal', variant='normal', weight=400, stretch='normal', size='scalable')) = 10.05
2025-05-02 16:37:42,777 - matplotlib.font_manager - DEBUG - findfont: score(FontEntry(fname='C:\\Windows\\Fonts\\DUBAI-BOLD.TTF', name='Dubai', style='normal', variant='normal', weight=700, stretch='normal', size='scalable')) = 10.335
2025-05-02 16:37:42,777 - matplotlib.font_manager - DEBUG - findfont: score(FontEntry(fname='C:\\Windows\\Fonts\\BarlowCondensed-ThinItalic.otf', name='Barlow Condensed', style='italic', variant='normal', weight=250, stretch='condensed', size='scalable')) = 11.3925
2025-05-02 16:37:42,777 - matplotlib.font_manager - DEBUG - findfont: score(FontEntry(fname='C:\\Windows\\Fonts\\Inkfree.ttf', name='Ink Free', style='normal', variant='normal', weight=400, stretch='normal', size='scalable')) = 10.05
2025-05-02 16:37:42,777 - matplotlib.font_manager - DEBUG - findfont: score(FontEntry(fname='C:\\Windows\\Fonts\\times.ttf', name='Times New Roman', style='normal', variant='normal', weight=400, stretch='normal', size='scalable')) = 10.05
2025-05-02 16:37:42,777 - matplotlib.font_manager - DEBUG - findfont: score(FontEntry(fname='C:\\Windows\\Fonts\\esri_24.ttf', name='ESRI MilSym 04', style='normal', variant='normal', weight=400, stretch='normal', size='scalable')) = 10.05
2025-05-02 16:37:42,777 - matplotlib.font_manager - DEBUG - findfont: score(FontEntry(fname='C:\\Windows\\Fonts\\3ds_fonticon.ttf', name='3DS Fonticon', style='normal', variant='normal', weight=400, stretch='normal', size='scalable')) = 10.05
2025-05-02 16:37:42,777 - matplotlib.font_manager - DEBUG - findfont: score(FontEntry(fname='C:\\Windows\\Fonts\\YuGothR.ttc', name='Yu Gothic', style='normal', variant='normal', weight=400, stretch='normal', size='scalable')) = 10.05
2025-05-02 16:37:42,777 - matplotlib.font_manager - DEBUG - findfont: score(FontEntry(fname='C:\\Windows\\Fonts\\esri_47.ttf', name='ESRI US MUTCD 1', style='normal', variant='normal', weight=400, stretch='normal', size='scalable')) = 10.05
2025-05-02 16:37:42,777 - matplotlib.font_manager - DEBUG - findfont: score(FontEntry(fname='C:\\Windows\\Fonts\\ariblk.ttf', name='Arial', style='normal', variant='normal', weight=900, stretch='normal', size='scalable')) = 6.888636363636364
2025-05-02 16:37:42,777 - matplotlib.font_manager - DEBUG - findfont: score(FontEntry(fname='C:\\Windows\\Fonts\\mingliu.ttc', name='MingLiU', style='normal', variant='normal', weight=400, stretch='normal', size='scalable')) = 10.05
2025-05-02 16:37:42,777 - matplotlib.font_manager - DEBUG - findfont: score(FontEntry(fname='C:\\Windows\\Fonts\\constan.ttf', name='Constantia', style='normal', variant='normal', weight=400, stretch='normal', size='scalable')) = 10.05
2025-05-02 16:37:42,778 - matplotlib.font_manager - DEBUG - findfont: score(FontEntry(fname='C:\\Program Files\\SOLIDWORKS Corp\\SOLIDWORKS\\HoopsPublish\\resource\\Font\\AdobeArabic-Bold.otf', name='Adobe Arabic', style='normal', variant='normal', weight=700, stretch='normal', size='scalable')) = 10.335
2025-05-02 16:37:42,778 - matplotlib.font_manager - DEBUG - findfont: score(FontEntry(fname='C:\\Windows\\Fonts\\hnfsasr.ttf', name='Helvetica Neue for SAS', style='normal', variant='normal', weight=400, stretch='normal', size='scalable')) = 10.05
2025-05-02 16:37:42,778 - matplotlib.font_manager - DEBUG - findfont: score(FontEntry(fname='C:\\Windows\\Fonts\\swscrpc.ttf', name='SWScrpc', style='normal', variant='normal', weight=400, stretch='normal', size='scalable')) = 10.05
2025-05-02 16:37:42,778 - matplotlib.font_manager - DEBUG - findfont: score(FontEntry(fname='C:\\Windows\\Fonts\\OCRAStd.otf', name='OCR A Std', style='normal', variant='normal', weight=400, stretch='normal', size='scalable')) = 10.05
2025-05-02 16:37:42,778 - matplotlib.font_manager - DEBUG - findfont: score(FontEntry(fname='C:\\Windows\\Fonts\\csonghwl.ttf', name='CSongGB18030C-LightHWL', style='normal', variant='normal', weight=300, stretch='normal', size='scalable')) = 10.145
2025-05-02 16:37:42,778 - matplotlib.font_manager - DEBUG - findfont: score(FontEntry(fname='C:\\Windows\\Fonts\\LTYPEO.TTF', name='Lucida Sans Typewriter', style='oblique', variant='normal', weight=400, stretch='normal', size='scalable')) = 11.05
2025-05-02 16:37:42,778 - matplotlib.font_manager - DEBUG - findfont: score(FontEntry(fname='C:\\Windows\\Fonts\\MinionPro-Regular.otf', name='Minion Pro', style='normal', variant='normal', weight=400, stretch='normal', size='scalable')) = 10.05
2025-05-02 16:37:42,778 - matplotlib.font_manager - DEBUG - findfont: score(FontEntry(fname='C:\\Windows\\Fonts\\arialbd.ttf', name='Arial', style='normal', variant='normal', weight=700, stretch='normal', size='scalable')) = 6.698636363636363
2025-05-02 16:37:42,778 - matplotlib.font_manager - DEBUG - findfont: score(FontEntry(fname='C:\\Windows\\Fonts\\MyriadArabic-It.otf', name='Myriad Arabic', style='italic', variant='normal', weight=400, stretch='normal', size='scalable')) = 11.05
2025-05-02 16:37:42,778 - matplotlib.font_manager - DEBUG - findfont: score(FontEntry(fname='C:\\Windows\\Fonts\\mvboli.ttf', name='MV Boli', style='normal', variant='normal', weight=400, stretch='normal', size='scalable')) = 10.05
2025-05-02 16:37:42,778 - matplotlib.font_manager - DEBUG - findfont: score(FontEntry(fname='C:\\Windows\\Fonts\\esri_13.ttf', name='ESRI NIMA DNC LN', style='normal', variant='normal', weight=400, stretch='normal', size='scalable')) = 10.05
2025-05-02 16:37:42,778 - matplotlib.font_manager - DEBUG - findfont: score(FontEntry(fname='C:\\Windows\\Fonts\\COOPBL.TTF', name='Cooper Black', style='normal', variant='normal', weight=400, stretch='normal', size='scalable')) = 10.05
2025-05-02 16:37:42,778 - matplotlib.font_manager - DEBUG - findfont: score(FontEntry(fname='C:\\Windows\\Fonts\\KozMinPr6N-Bold.otf', name='Kozuka Mincho Pr6N', style='normal', variant='normal', weight=700, stretch='normal', size='scalable')) = 10.335
2025-05-02 16:37:42,778 - matplotlib.font_manager - DEBUG - findfont: score(FontEntry(fname='C:\\Windows\\Fonts\\TCCM____.TTF', name='Tw Cen MT Condensed', style='normal', variant='normal', weight=400, stretch='condensed', size='scalable')) = 10.25
2025-05-02 16:37:42,778 - matplotlib.font_manager - DEBUG - findfont: score(FontEntry(fname='C:\\Windows\\Fonts\\sasgasbi.ttf', name='Arial Symbol', style='italic', variant='normal', weight=700, stretch='normal', size='scalable')) = 11.335
2025-05-02 16:37:42,778 - matplotlib.font_manager - DEBUG - findfont: score(FontEntry(fname='C:\\Windows\\Fonts\\KozGoPr6N-Regular.otf', name='Kozuka Gothic Pr6N', style='normal', variant='normal', weight=400, stretch='normal', size='scalable')) = 10.05
2025-05-02 16:37:42,778 - matplotlib.font_manager - DEBUG - findfont: score(FontEntry(fname='C:\\Windows\\Fonts\\SitkaVF-Italic.ttf', name='Sitka', style='italic', variant='normal', weight=400, stretch='normal', size='scalable')) = 11.05
2025-05-02 16:37:42,779 - matplotlib.font_manager - DEBUG - findfont: score(FontEntry(fname='C:\\Windows\\Fonts\\AGENCYB.TTF', name='Agency FB', style='normal', variant='normal', weight=700, stretch='normal', size='scalable')) = 10.335
2025-05-02 16:37:42,779 - matplotlib.font_manager - DEBUG - findfont: score(FontEntry(fname='C:\\Windows\\Fonts\\AGaramondPro-BoldItalic.otf', name='Adobe Garamond Pro', style='italic', variant='normal', weight=700, stretch='normal', size='scalable')) = 11.335
2025-05-02 16:37:42,779 - matplotlib.font_manager - DEBUG - findfont: score(FontEntry(fname='C:\\Windows\\Fonts\\SegUIVar.ttf', name='Segoe UI Variable', style='normal', variant='normal', weight=400, stretch='normal', size='scalable')) = 10.05
2025-05-02 16:37:42,779 - matplotlib.font_manager - DEBUG - findfont: score(FontEntry(fname='C:\\Windows\\Fonts\\LBRITE.TTF', name='Lucida Bright', style='normal', variant='normal', weight=400, stretch='normal', size='scalable')) = 10.05
2025-05-02 16:37:42,779 - matplotlib.font_manager - DEBUG - findfont: score(FontEntry(fname='C:\\Windows\\Fonts\\KozMinPro-Light.otf', name='Kozuka Mincho Pro', style='normal', variant='normal', weight=300, stretch='normal', size='scalable')) = 10.145
2025-05-02 16:37:42,779 - matplotlib.font_manager - DEBUG - findfont: score(FontEntry(fname='C:\\Windows\\Fonts\\BRADHITC.TTF', name='Bradley Hand ITC', style='normal', variant='normal', weight=400, stretch='normal', size='scalable')) = 10.05
2025-05-02 16:37:42,779 - matplotlib.font_manager - DEBUG - findfont: score(FontEntry(fname='C:\\Windows\\Fonts\\verdanaz.ttf', name='Verdana', style='italic', variant='normal', weight=700, stretch='normal', size='scalable')) = 4.971363636363637
2025-05-02 16:37:42,779 - matplotlib.font_manager - DEBUG - findfont: score(FontEntry(fname='C:\\Windows\\Fonts\\nsthb.ttf', name='Noto Sans Thai', style='normal', variant='normal', weight=700, stretch='normal', size='scalable')) = 10.335
2025-05-02 16:37:42,779 - matplotlib.font_manager - DEBUG - findfont: score(FontEntry(fname='C:\\Program Files\\SOLIDWORKS Corp\\SOLIDWORKS\\HoopsPublish\\resource\\Font\\adobemingstd-light.otf', name='Adobe Ming Std', style='normal', variant='normal', weight=300, stretch='normal', size='scalable')) = 10.145
2025-05-02 16:37:42,779 - matplotlib.font_manager - DEBUG - findfont: score(FontEntry(fname='C:\\Windows\\Fonts\\GOUDOS.TTF', name='Goudy Old Style', style='normal', variant='normal', weight=400, stretch='normal', size='scalable')) = 10.05
2025-05-02 16:37:42,779 - matplotlib.font_manager - DEBUG - findfont: score(FontEntry(fname='C:\\Windows\\Fonts\\esri_652.ttf', name='ESRI US Forestry 2', style='normal', variant='normal', weight=400, stretch='normal', size='scalable')) = 10.05
2025-05-02 16:37:42,779 - matplotlib.font_manager - DEBUG - findfont: score(FontEntry(fname='C:\\Windows\\Fonts\\BOOKOSI.TTF', name='Bookman Old Style', style='italic', variant='normal', weight=300, stretch='normal', size='scalable')) = 11.145
2025-05-02 16:37:42,779 - matplotlib.font_manager - DEBUG - findfont: score(FontEntry(fname='C:\\Windows\\Fonts\\NirmalaS.ttf', name='Nirmala UI', style='normal', variant='normal', weight=350, stretch='normal', size='scalable')) = 10.0975
2025-05-02 16:37:42,779 - matplotlib.font_manager - DEBUG - findfont: score(FontEntry(fname='C:\\Windows\\Fonts\\segoeprb.ttf', name='Segoe Print', style='normal', variant='normal', weight=700, stretch='normal', size='scalable')) = 10.335
2025-05-02 16:37:42,779 - matplotlib.font_manager - DEBUG - findfont: score(FontEntry(fname='C:\\Windows\\Fonts\\mmrtext.ttf', name='Myanmar Text', style='normal', variant='normal', weight=400, stretch='normal', size='scalable')) = 10.05
2025-05-02 16:37:42,779 - matplotlib.font_manager - DEBUG - findfont: score(FontEntry(fname='C:\\Windows\\Fonts\\LetterGothicStd-Slanted.otf', name='Letter Gothic Std', style='italic', variant='normal', weight=400, stretch='normal', size='scalable')) = 11.05
2025-05-02 16:37:42,779 - matplotlib.font_manager - DEBUG - findfont: score(FontEntry(fname='C:\\Windows\\Fonts\\esri_832.ttf', name='ESRI ERS Infrastructures S1', style='normal', variant='normal', weight=400, stretch='normal', size='scalable')) = 10.05
2025-05-02 16:37:42,780 - matplotlib.font_manager - DEBUG - findfont: score(FontEntry(fname='C:\\Windows\\Fonts\\esri_27Mcr_2.ttf', name='ESRI Mil2525C Modifiers', style='normal', variant='normal', weight=400, stretch='normal', size='scalable')) = 10.05
2025-05-02 16:37:42,780 - matplotlib.font_manager - DEBUG - findfont: score(FontEntry(fname='C:\\Windows\\Fonts\\PontanoSans-Regular.ttf', name='Pontano Sans', style='normal', variant='normal', weight=400, stretch='normal', size='scalable')) = 10.05
2025-05-02 16:37:42,780 - matplotlib.font_manager - DEBUG - findfont: score(FontEntry(fname='C:\\Windows\\Fonts\\msyi.ttf', name='Microsoft Yi Baiti', style='normal', variant='normal', weight=400, stretch='normal', size='scalable')) = 10.05
2025-05-02 16:37:42,780 - matplotlib.font_manager - DEBUG - findfont: score(FontEntry(fname='C:\\Windows\\Fonts\\saswalbi.ttf', name='Albany AMT', style='italic', variant='normal', weight=700, stretch='normal', size='scalable')) = 11.335
2025-05-02 16:37:42,780 - matplotlib.font_manager - DEBUG - findfont: score(FontEntry(fname='C:\\Windows\\Fonts\\MyriadPro-Bold.otf', name='Myriad Pro', style='normal', variant='normal', weight=700, stretch='normal', size='scalable')) = 10.335
2025-05-02 16:37:42,780 - matplotlib.font_manager - DEBUG - findfont: score(FontEntry(fname='C:\\Windows\\Fonts\\esri_803.ttf', name='ESRI Hazardous Materials', style='normal', variant='normal', weight=400, stretch='normal', size='scalable')) = 10.05
2025-05-02 16:37:42,780 - matplotlib.font_manager - DEBUG - findfont: score(FontEntry(fname='C:\\Windows\\Fonts\\BAUHS93.TTF', name='Bauhaus 93', style='normal', variant='normal', weight=400, stretch='normal', size='scalable')) = 10.05
2025-05-02 16:37:42,780 - matplotlib.font_manager - DEBUG - findfont: score(FontEntry(fname='C:\\Windows\\Fonts\\msmincho.ttc', name='MS Mincho', style='normal', variant='normal', weight=400, stretch='normal', size='scalable')) = 10.05
2025-05-02 16:37:42,780 - matplotlib.font_manager - DEBUG - findfont: score(FontEntry(fname='C:\\Windows\\Fonts\\COPRGTB.TTF', name='Copperplate Gothic Bold', style='normal', variant='normal', weight=400, stretch='normal', size='scalable')) = 10.05
2025-05-02 16:37:42,780 - matplotlib.font_manager - DEBUG - findfont: score(FontEntry(fname='C:\\Windows\\Fonts\\saswalr.ttf', name='Albany AMT', style='normal', variant='normal', weight=400, stretch='normal', size='scalable')) = 10.05
2025-05-02 16:37:42,780 - matplotlib.font_manager - DEBUG - findfont: score(FontEntry(fname='C:\\Windows\\Fonts\\esri_12.ttf', name='ESRI NIMA DNC PT', style='normal', variant='normal', weight=400, stretch='normal', size='scalable')) = 10.05
2025-05-02 16:37:42,780 - matplotlib.font_manager - DEBUG - findfont: score(FontEntry(fname='C:\\Windows\\Fonts\\swsimp.ttf', name='SWSimp', style='normal', variant='normal', weight=400, stretch='normal', size='scalable')) = 10.05
2025-05-02 16:37:42,780 - matplotlib.font_manager - DEBUG - findfont: score(FontEntry(fname='C:\\Windows\\Fonts\\switalt.ttf', name='SWItalt', style='normal', variant='normal', weight=400, stretch='normal', size='scalable')) = 10.05
2025-05-02 16:37:42,780 - matplotlib.font_manager - DEBUG - findfont: score(FontEntry(fname='C:\\Windows\\Fonts\\saswthi.ttf', name='Thorndale AMT', style='italic', variant='normal', weight=400, stretch='normal', size='scalable')) = 11.05
2025-05-02 16:37:42,780 - matplotlib.font_manager - DEBUG - findfont: score(FontEntry(fname='C:\\Windows\\Fonts\\BRLNSB.TTF', name='Berlin Sans FB', style='normal', variant='normal', weight=700, stretch='normal', size='scalable')) = 10.335
2025-05-02 16:37:42,780 - matplotlib.font_manager - DEBUG - findfont: score(FontEntry(fname='C:\\Windows\\Fonts\\esri_8.ttf', name='ESRI Crime Analysis', style='normal', variant='normal', weight=400, stretch='normal', size='scalable')) = 10.05
2025-05-02 16:37:42,780 - matplotlib.font_manager - DEBUG - findfont: score(FontEntry(fname='C:\\Windows\\Fonts\\OUTLOOK.TTF', name='MS Outlook', style='normal', variant='normal', weight=400, stretch='normal', size='scalable')) = 10.05
2025-05-02 16:37:42,780 - matplotlib.font_manager - DEBUG - findfont: score(FontEntry(fname='C:\\Windows\\Fonts\\ALGER.TTF', name='Algerian', style='normal', variant='normal', weight=400, stretch='normal', size='scalable')) = 10.05
2025-05-02 16:37:42,780 - matplotlib.font_manager - DEBUG - findfont: score(FontEntry(fname='C:\\Windows\\Fonts\\KozMinPro-ExtraLight.otf', name='Kozuka Mincho Pro', style='normal', variant='normal', weight=250, stretch='normal', size='scalable')) = 10.1925
2025-05-02 16:37:42,780 - matplotlib.font_manager - DEBUG - findfont: score(FontEntry(fname='C:\\Windows\\Fonts\\FREESCPT.TTF', name='Freestyle Script', style='normal', variant='normal', weight=400, stretch='normal', size='scalable')) = 10.05
2025-05-02 16:37:42,781 - matplotlib.font_manager - DEBUG - findfont: score(FontEntry(fname='C:\\Windows\\Fonts\\KozMinPr6N-ExtraLight.otf', name='Kozuka Mincho Pr6N', style='normal', variant='normal', weight=250, stretch='normal', size='scalable')) = 10.1925
2025-05-02 16:37:42,781 - matplotlib.font_manager - DEBUG - findfont: score(FontEntry(fname='C:\\Windows\\Fonts\\georgiai.ttf', name='Georgia', style='italic', variant='normal', weight=400, stretch='normal', size='scalable')) = 11.05
2025-05-02 16:37:42,781 - matplotlib.font_manager - DEBUG - findfont: score(FontEntry(fname='C:\\Windows\\Fonts\\BarlowSemiCondensed-Regular.otf', name='Barlow Semi Condensed', style='normal', variant='normal', weight=400, stretch='condensed', size='scalable')) = 10.25
2025-05-02 16:37:42,781 - matplotlib.font_manager - DEBUG - findfont: score(FontEntry(fname='C:\\Windows\\Fonts\\corbelb.ttf', name='Corbel', style='normal', variant='normal', weight=700, stretch='normal', size='scalable')) = 10.335
2025-05-02 16:37:42,781 - matplotlib.font_manager - DEBUG - findfont: score(FontEntry(fname='C:\\Windows\\Fonts\\nsscr.ttf', name='Noto Sans SC', style='normal', variant='normal', weight=400, stretch='normal', size='scalable')) = 10.05
2025-05-02 16:37:42,781 - matplotlib.font_manager - DEBUG - findfont: score(FontEntry(fname='C:\\Windows\\Fonts\\BERNHC.TTF', name='Bernard MT Condensed', style='normal', variant='normal', weight=400, stretch='condensed', size='scalable')) = 10.25
2025-05-02 16:37:42,781 - matplotlib.font_manager - DEBUG - findfont: score(FontEntry(fname='C:\\Windows\\Fonts\\hnfsasi.ttf', name='Helvetica Neue for SAS', style='italic', variant='normal', weight=400, stretch='normal', size='scalable')) = 11.05
2025-05-02 16:37:42,781 - matplotlib.font_manager - DEBUG - findfont: score(FontEntry(fname='C:\\Windows\\Fonts\\sasmono.ttf', name='SAS Monospace', style='normal', variant='normal', weight=400, stretch='normal', size='scalable')) = 10.05
2025-05-02 16:37:42,781 - matplotlib.font_manager - DEBUG - findfont: score(FontEntry(fname='C:\\Windows\\Fonts\\esri_20.ttf', name='ESRI MilRed 01', style='normal', variant='normal', weight=400, stretch='normal', size='scalable')) = 10.05
2025-05-02 16:37:42,781 - matplotlib.font_manager - DEBUG - findfont: score(FontEntry(fname='C:\\Windows\\Fonts\\constanz.ttf', name='Constantia', style='italic', variant='normal', weight=700, stretch='normal', size='scalable')) = 11.335
2025-05-02 16:37:42,781 - matplotlib.font_manager - DEBUG - findfont: score(FontEntry(fname='C:\\Windows\\Fonts\\nsbi.ttf', name='Noto Sans', style='italic', variant='normal', weight=700, stretch='normal', size='scalable')) = 11.335
2025-05-02 16:37:42,781 - matplotlib.font_manager - DEBUG - findfont: score(FontEntry(fname='C:\\Windows\\Fonts\\ARIALNI.TTF', name='Arial', style='italic', variant='normal', weight=400, stretch='condensed', size='scalable')) = 7.613636363636363
2025-05-02 16:37:42,781 - matplotlib.font_manager - DEBUG - findfont: score(FontEntry(fname='C:\\Windows\\Fonts\\cambria.ttc', name='Cambria', style='normal', variant='normal', weight=400, stretch='normal', size='scalable')) = 10.05
2025-05-02 16:37:42,781 - matplotlib.font_manager - DEBUG - findfont: score(FontEntry(fname='C:\\Windows\\Fonts\\esri_730.ttf', name='ESRI Conservation', style='normal', variant='normal', weight=400, stretch='normal', size='scalable')) = 10.05
2025-05-02 16:37:42,781 - matplotlib.font_manager - DEBUG - findfont: score(FontEntry(fname='C:\\Windows\\Fonts\\corbelli.ttf', name='Corbel', style='italic', variant='normal', weight=300, stretch='normal', size='scalable')) = 11.145
2025-05-02 16:37:42,781 - matplotlib.font_manager - DEBUG - findfont: score(FontEntry(fname='C:\\Windows\\Fonts\\saswcubi.ttf', name='Cumberland AMT', style='italic', variant='normal', weight=700, stretch='normal', size='scalable')) = 11.335
2025-05-02 16:37:42,782 - matplotlib.font_manager - DEBUG - findfont: score(FontEntry(fname='C:\\Windows\\Fonts\\Roboto-Thin.ttf', name='Roboto', style='normal', variant='normal', weight=250, stretch='normal', size='scalable')) = 10.1925
2025-05-02 16:37:42,782 - matplotlib.font_manager - DEBUG - findfont: score(FontEntry(fname='C:\\Windows\\Fonts\\CASTELAR.TTF', name='Castellar', style='normal', variant='normal', weight=400, stretch='normal', size='scalable')) = 10.05
2025-05-02 16:37:42,782 - matplotlib.font_manager - DEBUG - findfont: score(FontEntry(fname='C:\\Windows\\Fonts\\MAGNETOB.TTF', name='Magneto', style='normal', variant='normal', weight=700, stretch='normal', size='scalable')) = 10.335
2025-05-02 16:37:42,782 - matplotlib.font_manager - DEBUG - findfont: score(FontEntry(fname='C:\\Windows\\Fonts\\segoeui.ttf', name='Segoe UI', style='normal', variant='normal', weight=400, stretch='normal', size='scalable')) = 10.05
2025-05-02 16:37:42,782 - matplotlib.font_manager - DEBUG - findfont: score(FontEntry(fname='C:\\Windows\\Fonts\\YuGothB.ttc', name='Yu Gothic', style='normal', variant='normal', weight=700, stretch='normal', size='scalable')) = 10.335
2025-05-02 16:37:42,782 - matplotlib.font_manager - DEBUG - findfont: score(FontEntry(fname='C:\\Windows\\Fonts\\NotoSansHK-VF.ttf', name='Noto Sans HK', style='normal', variant='normal', weight=100, stretch='normal', size='scalable')) = 10.335
2025-05-02 16:37:42,782 - matplotlib.font_manager - DEBUG - findfont: score(FontEntry(fname='C:\\Windows\\Fonts\\esri_23.ttf', name='ESRI MilSym 03', style='normal', variant='normal', weight=400, stretch='normal', size='scalable')) = 10.05
2025-05-02 16:37:42,782 - matplotlib.font_manager - DEBUG - findfont: score(FontEntry(fname='C:\\Windows\\Fonts\\CascadiaCode.ttf', name='Cascadia Code', style='normal', variant='normal', weight=400, stretch='normal', size='scalable')) = 10.05
2025-05-02 16:37:42,782 - matplotlib.font_manager - DEBUG - findfont: score(FontEntry(fname='C:\\Windows\\Fonts\\Dengb.ttf', name='DengXian', style='normal', variant='normal', weight=700, stretch='normal', size='scalable')) = 10.335
2025-05-02 16:37:42,782 - matplotlib.font_manager - DEBUG - findfont: score(FontEntry(fname='C:\\Windows\\Fonts\\BarlowCondensed-Light.otf', name='Barlow Condensed', style='normal', variant='normal', weight=300, stretch='condensed', size='scalable')) = 10.344999999999999
2025-05-02 16:37:42,782 - matplotlib.font_manager - DEBUG - findfont: score(FontEntry(fname='C:\\Windows\\Fonts\\ROCKEB.TTF', name='Rockwell Extra Bold', style='normal', variant='normal', weight=800, stretch='normal', size='scalable')) = 10.43
2025-05-02 16:37:42,782 - matplotlib.font_manager - DEBUG - findfont: score(FontEntry(fname='C:\\Windows\\Fonts\\GILB____.TTF', name='Gill Sans MT', style='normal', variant='normal', weight=700, stretch='normal', size='scalable')) = 10.335
2025-05-02 16:37:42,782 - matplotlib.font_manager - DEBUG - findfont: score(FontEntry(fname='C:\\Windows\\Fonts\\GOTHICI.TTF', name='Century Gothic', style='italic', variant='normal', weight=400, stretch='normal', size='scalable')) = 11.05
2025-05-02 16:37:42,782 - matplotlib.font_manager - DEBUG - findfont: score(FontEntry(fname='C:\\Windows\\Fonts\\KozGoPro-ExtraLight.otf', name='Kozuka Gothic Pro', style='normal', variant='normal', weight=250, stretch='normal', size='scalable')) = 10.1925
2025-05-02 16:37:42,782 - matplotlib.font_manager - DEBUG - findfont: score(FontEntry(fname='C:\\Windows\\Fonts\\esri_130.ttf', name='ESRI SDS 1.95 1', style='normal', variant='normal', weight=400, stretch='normal', size='scalable')) = 10.05
2025-05-02 16:37:42,782 - matplotlib.font_manager - DEBUG - findfont: score(FontEntry(fname='C:\\Windows\\Fonts\\BSSYM7.TTF', name='Bookshelf Symbol 7', style='normal', variant='normal', weight=400, stretch='normal', size='scalable')) = 10.05
2025-05-02 16:37:42,782 - matplotlib.font_manager - DEBUG - findfont: score(FontEntry(fname='C:\\Windows\\Fonts\\phagspab.ttf', name='Microsoft PhagsPa', style='normal', variant='normal', weight=700, stretch='normal', size='scalable')) = 10.335
2025-05-02 16:37:42,782 - matplotlib.font_manager - DEBUG - findfont: score(FontEntry(fname='C:\\Windows\\Fonts\\GILSANUB.TTF', name='Gill Sans Ultra Bold', style='normal', variant='normal', weight=400, stretch='normal', size='scalable')) = 10.05
2025-05-02 16:37:42,782 - matplotlib.font_manager - DEBUG - findfont: score(FontEntry(fname='C:\\Windows\\Fonts\\nsi.ttf', name='Noto Sans', style='italic', variant='normal', weight=400, stretch='normal', size='scalable')) = 11.05
2025-05-02 16:37:42,782 - matplotlib.font_manager - DEBUG - findfont: score(FontEntry(fname='C:\\Windows\\Fonts\\swisop1.ttf', name='SWIsop1', style='normal', variant='normal', weight=400, stretch='normal', size='scalable')) = 10.05
2025-05-02 16:37:42,783 - matplotlib.font_manager - DEBUG - findfont: score(FontEntry(fname='C:\\Windows\\Fonts\\SCHLBKBI.TTF', name='Century Schoolbook', style='italic', variant='normal', weight=700, stretch='normal', size='scalable')) = 11.335
2025-05-02 16:37:42,783 - matplotlib.font_manager - DEBUG - findfont: score(FontEntry(fname='C:\\Windows\\Fonts\\sasgsort.ttf', name='Monotype Sorts', style='normal', variant='normal', weight=400, stretch='normal', size='scalable')) = 10.05
2025-05-02 16:37:42,783 - matplotlib.font_manager - DEBUG - findfont: score(FontEntry(fname='C:\\Windows\\Fonts\\ACaslonPro-Bold.otf', name='Adobe Caslon Pro', style='normal', variant='normal', weight=700, stretch='normal', size='scalable')) = 10.335
2025-05-02 16:37:42,783 - matplotlib.font_manager - DEBUG - findfont: score(FontEntry(fname='C:\\Windows\\Fonts\\Code39AzaleaWide2.ttf', name='Code39AzaleaWide2', style='normal', variant='normal', weight=400, stretch='expanded', size='scalable')) = 10.25
2025-05-02 16:37:42,783 - matplotlib.font_manager - DEBUG - findfont: score(FontEntry(fname='C:\\Program Files\\SOLIDWORKS Corp\\SOLIDWORKS\\HoopsPublish\\resource\\Font\\AdobeThai-Italic.otf', name='Adobe Thai', style='italic', variant='normal', weight=400, stretch='normal', size='scalable')) = 11.05
2025-05-02 16:37:42,783 - matplotlib.font_manager - DEBUG - findfont: score(FontEntry(fname='C:\\Windows\\Fonts\\trebucit.ttf', name='Trebuchet MS', style='italic', variant='normal', weight=400, stretch='normal', size='scalable')) = 11.05
2025-05-02 16:37:42,783 - matplotlib.font_manager - DEBUG - findfont: score(FontEntry(fname='C:\\Windows\\Fonts\\Code39AzaleaWide3.ttf', name='Code39AzaleaWide3', style='normal', variant='normal', weight=400, stretch='expanded', size='scalable')) = 10.25
2025-05-02 16:37:42,783 - matplotlib.font_manager - DEBUG - findfont: score(FontEntry(fname='C:\\Windows\\Fonts\\Roboto-Light.ttf', name='Roboto', style='normal', variant='normal', weight=300, stretch='normal', size='scalable')) = 10.145
2025-05-02 16:37:42,783 - matplotlib.font_manager - DEBUG - findfont: score(FontEntry(fname='C:\\Windows\\Fonts\\esri_1.ttf', name='ESRI Cartography', style='normal', variant='normal', weight=400, stretch='normal', size='scalable')) = 10.05
2025-05-02 16:37:42,783 - matplotlib.font_manager - DEBUG - findfont: score(FontEntry(fname='C:\\Program Files\\SOLIDWORKS Corp\\SOLIDWORKS\\HoopsPublish\\resource\\Font\\courierstd-oblique.otf', name='Courier Std', style='oblique', variant='normal', weight=500, stretch='normal', size='scalable')) = 11.145
2025-05-02 16:37:42,783 - matplotlib.font_manager - DEBUG - findfont: score(FontEntry(fname='C:\\Windows\\Fonts\\esri_216.ttf', name='ESRI IGL Font16', style='normal', variant='normal', weight=400, stretch='normal', size='scalable')) = 10.05
2025-05-02 16:37:42,783 - matplotlib.font_manager - DEBUG - findfont: score(FontEntry(fname='C:\\Windows\\Fonts\\BOOKOS.TTF', name='Bookman Old Style', style='normal', variant='normal', weight=300, stretch='normal', size='scalable')) = 10.145
2025-05-02 16:37:42,783 - matplotlib.font_manager - DEBUG - findfont: score(FontEntry(fname='C:\\Windows\\Fonts\\BOOKOSB.TTF', name='Bookman Old Style', style='normal', variant='normal', weight=600, stretch='normal', size='scalable')) = 10.24
2025-05-02 16:37:42,783 - matplotlib.font_manager - DEBUG - findfont: score(FontEntry(fname='C:\\Windows\\Fonts\\AdobeKaitiStd-Regular.otf', name='Adobe Kaiti Std', style='normal', variant='normal', weight=400, stretch='normal', size='scalable')) = 10.05
2025-05-02 16:37:42,783 - matplotlib.font_manager - DEBUG - findfont: score(FontEntry(fname='C:\\Windows\\Fonts\\MyriadHebrew-Regular.otf', name='Myriad Hebrew', style='normal', variant='normal', weight=400, stretch='normal', size='scalable')) = 10.05
2025-05-02 16:37:42,783 - matplotlib.font_manager - DEBUG - findfont: score(FontEntry(fname='C:\\Windows\\Fonts\\georgiaz.ttf', name='Georgia', style='italic', variant='normal', weight=700, stretch='normal', size='scalable')) = 11.335
2025-05-02 16:37:42,783 - matplotlib.font_manager - DEBUG - findfont: score(FontEntry(fname='C:\\Windows\\Fonts\\HTOWERT.TTF', name='High Tower Text', style='normal', variant='normal', weight=400, stretch='normal', size='scalable')) = 10.05
2025-05-02 16:37:42,783 - matplotlib.font_manager - DEBUG - findfont: score(FontEntry(fname='C:\\Windows\\Fonts\\esri_49.ttf', name='ESRI US MUTCD 3', style='normal', variant='normal', weight=400, stretch='normal', size='scalable')) = 10.05
2025-05-02 16:37:42,784 - matplotlib.font_manager - DEBUG - findfont: score(FontEntry(fname='C:\\Windows\\Fonts\\RAVIE.TTF', name='Ravie', style='normal', variant='normal', weight=400, stretch='normal', size='scalable')) = 10.05
2025-05-02 16:37:42,784 - matplotlib.font_manager - DEBUG - findfont: score(FontEntry(fname='C:\\Windows\\Fonts\\Candara.ttf', name='Candara', style='normal', variant='normal', weight=400, stretch='normal', size='scalable')) = 10.05
2025-05-02 16:37:42,784 - matplotlib.font_manager - DEBUG - findfont: score(FontEntry(fname='C:\\Windows\\Fonts\\NotoSerifTC-VF.ttf', name='Noto Serif TC', style='normal', variant='normal', weight=200, stretch='normal', size='scalable')) = 10.24
2025-05-02 16:37:42,784 - matplotlib.font_manager - DEBUG - findfont: score(FontEntry(fname='C:\\Windows\\Fonts\\msyh.ttc', name='Microsoft YaHei', style='normal', variant='normal', weight=400, stretch='normal', size='scalable')) = 10.05
2025-05-02 16:37:42,784 - matplotlib.font_manager - DEBUG - findfont: score(FontEntry(fname='C:\\Windows\\Fonts\\AGaramondPro-Regular.otf', name='Adobe Garamond Pro', style='normal', variant='normal', weight=400, stretch='normal', size='scalable')) = 10.05
2025-05-02 16:37:42,784 - matplotlib.font_manager - DEBUG - findfont: score(FontEntry(fname='C:\\Windows\\Fonts\\esri_160.ttf', name='ESRI Telecom', style='normal', variant='normal', weight=400, stretch='normal', size='scalable')) = 10.05
2025-05-02 16:37:42,784 - matplotlib.font_manager - DEBUG - findfont: score(FontEntry(fname='C:\\Windows\\Fonts\\ARIALNBI.TTF', name='Arial', style='italic', variant='normal', weight=700, stretch='condensed', size='scalable')) = 7.8986363636363635
2025-05-02 16:37:42,784 - matplotlib.font_manager - DEBUG - findfont: score(FontEntry(fname='C:\\Windows\\Fonts\\TCCEB.TTF', name='Tw Cen MT Condensed Extra Bold', style='normal', variant='normal', weight=400, stretch='condensed', size='scalable')) = 10.25
2025-05-02 16:37:42,784 - matplotlib.font_manager - DEBUG - findfont: score(FontEntry(fname='C:\\Windows\\Fonts\\PoplarStd.otf', name='Poplar Std', style='normal', variant='normal', weight=700, stretch='normal', size='scalable')) = 10.335
2025-05-02 16:37:42,784 - matplotlib.font_manager - DEBUG - findfont: score(FontEntry(fname='C:\\Windows\\Fonts\\consolaz.ttf', name='Consolas', style='italic', variant='normal', weight=700, stretch='normal', size='scalable')) = 11.335
2025-05-02 16:37:42,784 - matplotlib.font_manager - DEBUG - findfont: score(FontEntry(fname='C:\\Windows\\Fonts\\hnfsasl.ttf', name='Helvetica Neue for SAS', style='normal', variant='normal', weight=300, stretch='normal', size='scalable')) = 10.145
2025-05-02 16:37:42,784 - matplotlib.font_manager - DEBUG - findfont: score(FontEntry(fname='C:\\Windows\\Fonts\\anfsasr.ttf', name='Avenir Next for SAS', style='normal', variant='normal', weight=400, stretch='normal', size='scalable')) = 10.05
2025-05-02 16:37:42,784 - matplotlib.font_manager - DEBUG - findfont: score(FontEntry(fname='C:\\Windows\\Fonts\\BarlowCondensed-Regular.otf', name='Barlow Condensed', style='normal', variant='normal', weight=400, stretch='condensed', size='scalable')) = 10.25
2025-05-02 16:37:42,784 - matplotlib.font_manager - DEBUG - findfont: score(FontEntry(fname='C:\\Windows\\Fonts\\constani.ttf', name='Constantia', style='italic', variant='normal', weight=400, stretch='normal', size='scalable')) = 11.05
2025-05-02 16:37:42,784 - matplotlib.font_manager - DEBUG - findfont: score(FontEntry(fname='C:\\Windows\\Fonts\\KozGoPr6N-ExtraLight.otf', name='Kozuka Gothic Pr6N', style='normal', variant='normal', weight=250, stretch='normal', size='scalable')) = 10.1925
2025-05-02 16:37:42,784 - matplotlib.font_manager - DEBUG - findfont: score(FontEntry(fname='C:\\Windows\\Fonts\\STENCIL.TTF', name='Stencil', style='normal', variant='normal', weight=400, stretch='normal', size='scalable')) = 10.05
2025-05-02 16:37:42,784 - matplotlib.font_manager - DEBUG - findfont: score(FontEntry(fname='C:\\Windows\\Fonts\\msyhl.ttc', name='Microsoft YaHei', style='normal', variant='normal', weight=290, stretch='normal', size='scalable')) = 10.1545
2025-05-02 16:37:42,785 - matplotlib.font_manager - DEBUG - findfont: score(FontEntry(fname='C:\\Windows\\Fonts\\MTEXTRA.TTF', name='MT Extra', style='normal', variant='normal', weight=400, stretch='normal', size='scalable')) = 10.05
2025-05-02 16:37:42,785 - matplotlib.font_manager - DEBUG - findfont: score(FontEntry(fname='C:\\Windows\\Fonts\\PAPYRUS.TTF', name='Papyrus', style='normal', variant='normal', weight=400, stretch='normal', size='scalable')) = 10.05
2025-05-02 16:37:42,785 - matplotlib.font_manager - DEBUG - findfont: score(FontEntry(fname='C:\\Windows\\Fonts\\verdanai.ttf', name='Verdana', style='italic', variant='normal', weight=400, stretch='normal', size='scalable')) = 4.6863636363636365
2025-05-02 16:37:42,785 - matplotlib.font_manager - DEBUG - findfont: score(FontEntry(fname='C:\\Windows\\Fonts\\javatext.ttf', name='Javanese Text', style='normal', variant='normal', weight=400, stretch='normal', size='scalable')) = 10.05
2025-05-02 16:37:42,785 - matplotlib.font_manager - DEBUG - findfont: score(FontEntry(fname='C:\\Windows\\Fonts\\MSUIGHUR.TTF', name='Microsoft Uighur', style='normal', variant='normal', weight=400, stretch='normal', size='scalable')) = 10.05
2025-05-02 16:37:42,785 - matplotlib.font_manager - DEBUG - findfont: score(FontEntry(fname='C:\\Windows\\Fonts\\MATURASC.TTF', name='Matura MT Script Capitals', style='normal', variant='normal', weight=400, stretch='normal', size='scalable')) = 10.05
2025-05-02 16:37:42,785 - matplotlib.font_manager - DEBUG - findfont: score(FontEntry(fname='C:\\Windows\\Fonts\\ACLebcdmono.ttf', name='EBCDIC MonoThai', style='normal', variant='normal', weight=400, stretch='normal', size='scalable')) = 10.05
2025-05-02 16:37:42,785 - matplotlib.font_manager - DEBUG - findfont: score(FontEntry(fname='C:\\Windows\\Fonts\\segoepr.ttf', name='Segoe Print', style='normal', variant='normal', weight=400, stretch='normal', size='scalable')) = 10.05
2025-05-02 16:37:42,785 - matplotlib.font_manager - DEBUG - findfont: score(FontEntry(fname='C:\\Windows\\Fonts\\LFAXI.TTF', name='Lucida Fax', style='italic', variant='normal', weight=400, stretch='normal', size='scalable')) = 11.05
2025-05-02 16:37:42,785 - matplotlib.font_manager - DEBUG - findfont: score(FontEntry(fname='C:\\Windows\\Fonts\\GLSNECB.TTF', name='Gill Sans MT Ext Condensed Bold', style='normal', variant='normal', weight=400, stretch='condensed', size='scalable')) = 10.25
2025-05-02 16:37:42,785 - matplotlib.font_manager - DEBUG - findfont: score(FontEntry(fname='C:\\Windows\\Fonts\\KozGoPr6N-Bold.otf', name='Kozuka Gothic Pr6N', style='normal', variant='normal', weight=700, stretch='normal', size='scalable')) = 10.335
2025-05-02 16:37:42,785 - matplotlib.font_manager - DEBUG - findfont: score(FontEntry(fname='C:\\Windows\\Fonts\\seguisli.ttf', name='Segoe UI', style='italic', variant='normal', weight=350, stretch='normal', size='scalable')) = 11.0975
2025-05-02 16:37:42,785 - matplotlib.font_manager - DEBUG - findfont: score(FontEntry(fname='C:\\Windows\\Fonts\\AdobeFangsongStd-Regular.otf', name='Adobe Fangsong Std', style='normal', variant='normal', weight=400, stretch='normal', size='scalable')) = 10.05
2025-05-02 16:37:42,785 - matplotlib.font_manager - DEBUG - findfont: score(FontEntry(fname='C:\\Windows\\Fonts\\swromnt.ttf', name='SWRomnt', style='normal', variant='normal', weight=400, stretch='normal', size='scalable')) = 10.05
2025-05-02 16:37:42,785 - matplotlib.font_manager - DEBUG - findfont: score(FontEntry(fname='C:\\Windows\\Fonts\\LEELAWAD.TTF', name='Leelawadee', style='normal', variant='normal', weight=400, stretch='normal', size='scalable')) = 10.05
2025-05-02 16:37:42,785 - matplotlib.font_manager - DEBUG - findfont: score(FontEntry(fname='C:\\Windows\\Fonts\\Candarai.ttf', name='Candara', style='italic', variant='normal', weight=400, stretch='normal', size='scalable')) = 11.05
2025-05-02 16:37:42,785 - matplotlib.font_manager - DEBUG - findfont: score(FontEntry(fname='C:\\Windows\\Fonts\\LeelUIsl.ttf', name='Leelawadee UI', style='normal', variant='normal', weight=350, stretch='normal', size='scalable')) = 10.0975
2025-05-02 16:37:42,785 - matplotlib.font_manager - DEBUG - findfont: score(FontEntry(fname='C:\\Windows\\Fonts\\SitkaVF.ttf', name='Sitka', style='normal', variant='normal', weight=400, stretch='normal', size='scalable')) = 10.05
2025-05-02 16:37:42,785 - matplotlib.font_manager - DEBUG - findfont: score(FontEntry(fname='C:\\Windows\\Fonts\\KozMinPr6N-Heavy.otf', name='Kozuka Mincho Pr6N', style='normal', variant='normal', weight=900, stretch='normal', size='scalable')) = 10.525
2025-05-02 16:37:42,785 - matplotlib.font_manager - DEBUG - findfont: score(FontEntry(fname='C:\\Windows\\Fonts\\AGENCYR.TTF', name='Agency FB', style='normal', variant='normal', weight=400, stretch='normal', size='scalable')) = 10.05
2025-05-02 16:37:42,786 - matplotlib.font_manager - DEBUG - findfont: score(FontEntry(fname='C:\\Windows\\Fonts\\tnruni.ttf', name='Times New Roman Uni', style='normal', variant='normal', weight=400, stretch='normal', size='scalable')) = 10.05
2025-05-02 16:37:42,786 - matplotlib.font_manager - DEBUG - findfont: score(FontEntry(fname='C:\\Windows\\Fonts\\BOD_PSTC.TTF', name='Bodoni MT', style='normal', variant='normal', weight=300, stretch='normal', size='scalable')) = 10.145
2025-05-02 16:37:42,786 - matplotlib.font_manager - DEBUG - findfont: score(FontEntry(fname='C:\\Windows\\Fonts\\SCHLBKI.TTF', name='Century Schoolbook', style='italic', variant='normal', weight=400, stretch='normal', size='scalable')) = 11.05
2025-05-02 16:37:42,786 - matplotlib.font_manager - DEBUG - findfont: score(FontEntry(fname='C:\\Windows\\Fonts\\hyswlongfangsong.ttf', name='HYSWLongFangSong', style='normal', variant='normal', weight=400, stretch='normal', size='scalable')) = 10.05
2025-05-02 16:37:42,786 - matplotlib.font_manager - DEBUG - findfont: score(FontEntry(fname='C:\\Windows\\Fonts\\LTYPEB.TTF', name='Lucida Sans Typewriter', style='normal', variant='normal', weight=600, stretch='normal', size='scalable')) = 10.24
2025-05-02 16:37:42,786 - matplotlib.font_manager - DEBUG - findfont: score(FontEntry(fname='C:\\Windows\\Fonts\\sasmonob.ttf', name='SAS Monospace Bold', style='normal', variant='normal', weight=400, stretch='normal', size='scalable')) = 10.05
2025-05-02 16:37:42,786 - matplotlib.font_manager - DEBUG - findfont: score(FontEntry(fname='C:\\Program Files\\SOLIDWORKS Corp\\SOLIDWORKS\\HoopsPublish\\resource\\Font\\myriadcad.otf', name='Myriad CAD', style='normal', variant='normal', weight=250, stretch='normal', size='scalable')) = 10.1925
2025-05-02 16:37:42,786 - matplotlib.font_manager - DEBUG - findfont: score(FontEntry(fname='C:\\Windows\\Fonts\\ROCKBI.TTF', name='Rockwell', style='italic', variant='normal', weight=700, stretch='normal', size='scalable')) = 11.335
2025-05-02 16:37:42,786 - matplotlib.font_manager - DEBUG - findfont: score(FontEntry(fname='C:\\Windows\\Fonts\\ACLcourpro.ttf', name='Courier ProportionalThai', style='normal', variant='normal', weight=400, stretch='normal', size='scalable')) = 10.05
2025-05-02 16:37:42,786 - matplotlib.font_manager - DEBUG - findfont: score(FontEntry(fname='C:\\Windows\\Fonts\\LTYPE.TTF', name='Lucida Sans Typewriter', style='normal', variant='normal', weight=400, stretch='normal', size='scalable')) = 10.05
2025-05-02 16:37:42,786 - matplotlib.font_manager - DEBUG - findfont: score(FontEntry(fname='C:\\Windows\\Fonts\\Roboto-MediumItalic.ttf', name='Roboto', style='italic', variant='normal', weight=500, stretch='normal', size='scalable')) = 11.145
2025-05-02 16:37:42,786 - matplotlib.font_manager - DEBUG - findfont: score(FontEntry(fname='C:\\Windows\\Fonts\\TCMI____.TTF', name='Tw Cen MT', style='italic', variant='normal', weight=400, stretch='normal', size='scalable')) = 11.05
2025-05-02 16:37:42,786 - matplotlib.font_manager - DEBUG - findfont: score(FontEntry(fname='C:\\Windows\\Fonts\\esri_149.ttf', name='ESRI Surveyor', style='normal', variant='normal', weight=400, stretch='normal', size='scalable')) = 10.05
2025-05-02 16:37:42,786 - matplotlib.font_manager - DEBUG - findfont: score(FontEntry(fname='C:\\Windows\\Fonts\\COPRGTL.TTF', name='Copperplate Gothic Light', style='normal', variant='normal', weight=400, stretch='normal', size='scalable')) = 10.05
2025-05-02 16:37:42,786 - matplotlib.font_manager - DEBUG - findfont: score(FontEntry(fname='C:\\Windows\\Fonts\\AdobeSongStd-Light.otf', name='Adobe Song Std', style='normal', variant='normal', weight=300, stretch='normal', size='scalable')) = 10.145
2025-05-02 16:37:42,786 - matplotlib.font_manager - DEBUG - findfont: score(FontEntry(fname='C:\\Windows\\Fonts\\FRAMDCN.TTF', name='Franklin Gothic Medium Cond', style='normal', variant='normal', weight=400, stretch='condensed', size='scalable')) = 10.25
2025-05-02 16:37:42,786 - matplotlib.font_manager - DEBUG - findfont: score(FontEntry(fname='C:\\Windows\\Fonts\\pala.ttf', name='Palatino Linotype', style='normal', variant='normal', weight=400, stretch='normal', size='scalable')) = 10.05
2025-05-02 16:37:42,786 - matplotlib.font_manager - DEBUG - findfont: score(FontEntry(fname='C:\\Windows\\Fonts\\holomdl2.ttf', name='HoloLens MDL2 Assets', style='normal', variant='normal', weight=400, stretch='normal', size='scalable')) = 10.05
2025-05-02 16:37:42,787 - matplotlib.font_manager - DEBUG - findfont: score(FontEntry(fname='C:\\Windows\\Fonts\\BOD_BLAR.TTF', name='Bodoni MT', style='normal', variant='normal', weight=900, stretch='normal', size='scalable')) = 10.525
2025-05-02 16:37:42,787 - matplotlib.font_manager - DEBUG - findfont: score(FontEntry(fname='C:\\Windows\\Fonts\\esri_121.ttf', name='ESRI Ordnance Survey', style='normal', variant='normal', weight=400, stretch='normal', size='scalable')) = 10.05
2025-05-02 16:37:42,787 - matplotlib.font_manager - DEBUG - findfont: score(FontEntry(fname='C:\\Program Files\\SOLIDWORKS Corp\\SOLIDWORKS\\HoopsPublish\\resource\\Font\\MinionPro-Regular.otf', name='Minion Pro', style='normal', variant='normal', weight=400, stretch='normal', size='scalable')) = 10.05
2025-05-02 16:37:42,787 - matplotlib.font_manager - DEBUG - findfont: score(FontEntry(fname='C:\\Windows\\Fonts\\PLAYBILL.TTF', name='Playbill', style='normal', variant='normal', weight=400, stretch='normal', size='scalable')) = 10.05
2025-05-02 16:37:42,787 - matplotlib.font_manager - DEBUG - findfont: score(FontEntry(fname='C:\\Windows\\Fonts\\FRABKIT.TTF', name='Franklin Gothic Book', style='italic', variant='normal', weight=400, stretch='normal', size='scalable')) = 11.05
2025-05-02 16:37:42,787 - matplotlib.font_manager - DEBUG - findfont: score(FontEntry(fname='C:\\Windows\\Fonts\\simsunb.ttf', name='SimSun-ExtB', style='normal', variant='normal', weight=400, stretch='normal', size='scalable')) = 10.05
2025-05-02 16:37:42,787 - matplotlib.font_manager - DEBUG - findfont: score(FontEntry(fname='C:\\Windows\\Fonts\\comic.ttf', name='Comic Sans MS', style='normal', variant='normal', weight=400, stretch='normal', size='scalable')) = 10.05
2025-05-02 16:37:42,787 - matplotlib.font_manager - DEBUG - findfont: score(FontEntry(fname='C:\\Windows\\Fonts\\esri_17.ttf', name='ESRI NIMA City Graphic LN', style='normal', variant='normal', weight=400, stretch='normal', size='scalable')) = 10.05
2025-05-02 16:37:42,787 - matplotlib.font_manager - DEBUG - findfont: score(FontEntry(fname='C:\\Windows\\Fonts\\MyriadPro-CondIt.otf', name='Myriad Pro', style='italic', variant='normal', weight=400, stretch='condensed', size='scalable')) = 11.25
2025-05-02 16:37:42,787 - matplotlib.font_manager - DEBUG - findfont: score(FontEntry(fname='C:\\Windows\\Fonts\\ChaparralPro-Bold.otf', name='Chaparral Pro', style='normal', variant='normal', weight=700, stretch='normal', size='scalable')) = 10.335
2025-05-02 16:37:42,787 - matplotlib.font_manager - DEBUG - findfont: score(FontEntry(fname='C:\\Windows\\Fonts\\esri_15.ttf', name='ESRI NIMA VMAP1&2 LN', style='normal', variant='normal', weight=400, stretch='normal', size='scalable')) = 10.05
2025-05-02 16:37:42,787 - matplotlib.font_manager - DEBUG - findfont: score(FontEntry(fname='C:\\Windows\\Fonts\\sasgtsbi.ttf', name='Times New Roman Symbol', style='italic', variant='normal', weight=700, stretch='normal', size='scalable')) = 11.335
2025-05-02 16:37:42,787 - matplotlib.font_manager - DEBUG - findfont: score(FontEntry(fname='C:\\Windows\\Fonts\\esri_5.ttf', name='ESRI Weather', style='normal', variant='normal', weight=400, stretch='normal', size='scalable')) = 10.05
2025-05-02 16:37:42,787 - matplotlib.font_manager - DEBUG - findfont: score(FontEntry(fname='C:\\Program Files\\SOLIDWORKS Corp\\SOLIDWORKS\\HoopsPublish\\resource\\Font\\kozgopr6n-medium.otf', name='Kozuka Gothic Pr6N', style='normal', variant='normal', weight=500, stretch='normal', size='scalable')) = 10.145
2025-05-02 16:37:42,787 - matplotlib.font_manager - DEBUG - findfont: score(FontEntry(fname='C:\\Windows\\Fonts\\LSANSDI.TTF', name='Lucida Sans', style='italic', variant='normal', weight=600, stretch='normal', size='scalable')) = 11.24
2025-05-02 16:37:42,787 - matplotlib.font_manager - DEBUG - findfont: score(FontEntry(fname='C:\\Windows\\Fonts\\GOTHIC.TTF', name='Century Gothic', style='normal', variant='normal', weight=400, stretch='normal', size='scalable')) = 10.05
2025-05-02 16:37:42,787 - matplotlib.font_manager - DEBUG - findfont: score(FontEntry(fname='C:\\Windows\\Fonts\\OratorStd-Slanted.otf', name='Orator Std', style='italic', variant='normal', weight=400, stretch='normal', size='scalable')) = 11.05
2025-05-02 16:37:42,787 - matplotlib.font_manager - DEBUG - findfont: score(FontEntry(fname='C:\\Windows\\Fonts\\segoeuiz.ttf', name='Segoe UI', style='italic', variant='normal', weight=700, stretch='normal', size='scalable')) = 11.335
2025-05-02 16:37:42,788 - matplotlib.font_manager - DEBUG - findfont: score(FontEntry(fname='C:\\Windows\\Fonts\\nsjpl.ttf', name='Noto Sans JP', style='normal', variant='normal', weight=300, stretch='normal', size='scalable')) = 10.145
2025-05-02 16:37:42,788 - matplotlib.font_manager - DEBUG - findfont: score(FontEntry(fname='C:\\Windows\\Fonts\\KozMinPro-Heavy.otf', name='Kozuka Mincho Pro', style='normal', variant='normal', weight=900, stretch='normal', size='scalable')) = 10.525
2025-05-02 16:37:42,788 - matplotlib.font_manager - DEBUG - findfont: score(FontEntry(fname='C:\\Windows\\Fonts\\sasgsymb.ttf', name='Symbol MT', style='normal', variant='normal', weight=400, stretch='normal', size='scalable')) = 10.05
2025-05-02 16:37:42,788 - matplotlib.font_manager - DEBUG - findfont: score(FontEntry(fname='C:\\Windows\\Fonts\\LithosPro-Black.otf', name='Lithos Pro', style='normal', variant='normal', weight=850, stretch='normal', size='scalable')) = 10.4775
2025-05-02 16:37:42,788 - matplotlib.font_manager - DEBUG - findfont: score(FontEntry(fname='C:\\Windows\\Fonts\\segoeuisl.ttf', name='Segoe UI', style='normal', variant='normal', weight=350, stretch='normal', size='scalable')) = 10.0975
2025-05-02 16:37:42,788 - matplotlib.font_manager - DEBUG - findfont: score(FontEntry(fname='C:\\Windows\\Fonts\\esri_14.ttf', name='ESRI NIMA VMAP1&2 PT', style='normal', variant='normal', weight=400, stretch='normal', size='scalable')) = 10.05
2025-05-02 16:37:42,788 - matplotlib.font_manager - DEBUG - findfont: score(FontEntry(fname='C:\\Windows\\Fonts\\BarlowCondensed-ExtraBold.otf', name='Barlow Condensed', style='normal', variant='normal', weight=800, stretch='condensed', size='scalable')) = 10.629999999999999
2025-05-02 16:37:42,788 - matplotlib.font_manager - DEBUG - findfont: score(FontEntry(fname='C:\\Windows\\Fonts\\MinionPro-Bold.otf', name='Minion Pro', style='normal', variant='normal', weight=700, stretch='normal', size='scalable')) = 10.335
2025-05-02 16:37:42,788 - matplotlib.font_manager - DEBUG - findfont: score(FontEntry(fname='C:\\Program Files\\SOLIDWORKS Corp\\SOLIDWORKS\\HoopsPublish\\resource\\Font\\AdobeHebrew-Italic.otf', name='Adobe Hebrew', style='italic', variant='normal', weight=400, stretch='normal', size='scalable')) = 11.05
2025-05-02 16:37:42,788 - matplotlib.font_manager - DEBUG - findfont: score(FontEntry(fname='C:\\Windows\\Fonts\\AdobeMingStd-Light.otf', name='Adobe Ming Std', style='normal', variant='normal', weight=300, stretch='normal', size='scalable')) = 10.145
2025-05-02 16:37:42,788 - matplotlib.font_manager - DEBUG - findfont: score(FontEntry(fname='C:\\Windows\\Fonts\\calibrii.ttf', name='Calibri', style='italic', variant='normal', weight=400, stretch='normal', size='scalable')) = 11.05
2025-05-02 16:37:42,788 - matplotlib.font_manager - DEBUG - findfont: score(FontEntry(fname='C:\\Windows\\Fonts\\Barlow-ExtraLight.otf', name='Barlow', style='normal', variant='normal', weight=275, stretch='normal', size='scalable')) = 10.16875
2025-05-02 16:37:42,788 - matplotlib.font_manager - DEBUG - findfont: score(FontEntry(fname='C:\\Windows\\Fonts\\CURLZ___.TTF', name='Curlz MT', style='normal', variant='normal', weight=400, stretch='normal', size='scalable')) = 10.05
2025-05-02 16:37:42,788 - matplotlib.font_manager - DEBUG - findfont: score(FontEntry(fname='C:\\Windows\\Fonts\\StencilStd.otf', name='Stencil Std', style='normal', variant='normal', weight=700, stretch='normal', size='scalable')) = 10.335
2025-05-02 16:37:42,788 - matplotlib.font_manager - DEBUG - findfont: score(FontEntry(fname='C:\\Windows\\Fonts\\swmeteo.ttf', name='SWMeteo', style='normal', variant='normal', weight=400, stretch='normal', size='scalable')) = 10.05
2025-05-02 16:37:42,788 - matplotlib.font_manager - DEBUG - findfont: score(FontEntry(fname='C:\\Windows\\Fonts\\verdanab.ttf', name='Verdana', style='normal', variant='normal', weight=700, stretch='normal', size='scalable')) = 3.9713636363636367
2025-05-02 16:37:42,789 - matplotlib.font_manager - DEBUG - findfont: score(FontEntry(fname='C:\\Windows\\Fonts\\ITCBLKAD.TTF', name='Blackadder ITC', style='normal', variant='normal', weight=400, stretch='normal', size='scalable')) = 10.05
2025-05-02 16:37:42,789 - matplotlib.font_manager - DEBUG - findfont: score(FontEntry(fname='C:\\Windows\\Fonts\\GARABD.TTF', name='Garamond', style='normal', variant='normal', weight=700, stretch='normal', size='scalable')) = 10.335
2025-05-02 16:37:42,789 - matplotlib.font_manager - DEBUG - findfont: score(FontEntry(fname='C:\\Windows\\Fonts\\NIAGSOL.TTF', name='Niagara Solid', style='normal', variant='normal', weight=400, stretch='normal', size='scalable')) = 10.05
2025-05-02 16:37:42,789 - matplotlib.font_manager - DEBUG - findfont: score(FontEntry(fname='C:\\Windows\\Fonts\\ERASDEMI.TTF', name='Eras Demi ITC', style='normal', variant='normal', weight=400, stretch='normal', size='scalable')) = 10.05
2025-05-02 16:37:42,789 - matplotlib.font_manager - DEBUG - findfont: score(FontEntry(fname='C:\\Windows\\Fonts\\esri_30s.ttf', name='ESRI ArcPad', style='normal', variant='normal', weight=400, stretch='normal', size='scalable')) = 10.05
2025-05-02 16:37:42,789 - matplotlib.font_manager - DEBUG - findfont: score(FontEntry(fname='C:\\Windows\\Fonts\\esri_153.ttf', name='ESRI AMFM Water', style='normal', variant='normal', weight=400, stretch='normal', size='scalable')) = 10.05
2025-05-02 16:37:42,789 - matplotlib.font_manager - DEBUG - findfont: score(FontEntry(fname='C:\\Windows\\Fonts\\BOD_R.TTF', name='Bodoni MT', style='normal', variant='normal', weight=400, stretch='normal', size='scalable')) = 10.05
2025-05-02 16:37:42,789 - matplotlib.font_manager - DEBUG - findfont: score(FontEntry(fname='C:\\Windows\\Fonts\\Candarab.ttf', name='Candara', style='normal', variant='normal', weight=700, stretch='normal', size='scalable')) = 10.335
2025-05-02 16:37:42,789 - matplotlib.font_manager - DEBUG - findfont: score(FontEntry(fname='C:\\Windows\\Fonts\\swgreks.ttf', name='SWGreks', style='normal', variant='normal', weight=400, stretch='normal', size='scalable')) = 10.05
2025-05-02 16:37:42,789 - matplotlib.font_manager - DEBUG - findfont: score(FontEntry(fname='C:\\Windows\\Fonts\\CharlemagneStd-Bold.otf', name='Charlemagne Std', style='normal', variant='normal', weight=700, stretch='normal', size='scalable')) = 10.335
2025-05-02 16:37:42,789 - matplotlib.font_manager - DEBUG - findfont: score(FontEntry(fname='C:\\Windows\\Fonts\\MyriadPro-BoldCond.otf', name='Myriad Pro', style='normal', variant='normal', weight=700, stretch='condensed', size='scalable')) = 10.535
2025-05-02 16:37:42,789 - matplotlib.font_manager - DEBUG - findfont: score(FontEntry(fname='C:\\Windows\\Fonts\\esri_9.ttf', name='ESRI Transportation & Civic', style='normal', variant='normal', weight=400, stretch='normal', size='scalable')) = 10.05
2025-05-02 16:37:42,789 - matplotlib.font_manager - DEBUG - findfont: score(FontEntry(fname='C:\\Windows\\Fonts\\Barlow-ExtraBold.otf', name='Barlow', style='normal', variant='normal', weight=800, stretch='normal', size='scalable')) = 10.43
2025-05-02 16:37:42,789 - matplotlib.font_manager - DEBUG - findfont: score(FontEntry(fname='C:\\Windows\\Fonts\\TCM_____.TTF', name='Tw Cen MT', style='normal', variant='normal', weight=400, stretch='normal', size='scalable')) = 10.05
2025-05-02 16:37:42,789 - matplotlib.font_manager - DEBUG - findfont: score(FontEntry(fname='C:\\Windows\\Fonts\\calibrib.ttf', name='Calibri', style='normal', variant='normal', weight=700, stretch='normal', size='scalable')) = 10.335
2025-05-02 16:37:42,789 - matplotlib.font_manager - DEBUG - findfont: Matching sans\-serif:style=normal:variant=normal:weight=normal:stretch=normal:size=12.0 to DejaVu Sans ('C:\\Users\\thlouey\\Documents\\GitHub\\FilmProductionScheduler\\dist\\FilmScheduler\\_internal\\matplotlib\\mpl-data\\fonts\\ttf\\DejaVuSans.ttf') with score of 0.050000.
2025-05-02 16:37:43,056 - __main__ - INFO - Direct implementation completed with result: {'cost': 18484.0}
2025-05-02 16:37:43,057 - __main__ - INFO - Scheduler completed successfully
